LINK_ID,SOURCE_NODE_ID,TARGET_NODE_ID,RELATIONSHIP_TYPE,SPEED_GBPS,PROTECTION_ROLE,IS_SPOF_RISK,LINK_STATUS,PROPERTIES_JSON
link-1,def:evpn-qinq,case:jnpr-evpn-qinq,TRACKED_BY,10,protected,False,UP,"{""source"": ""vendor_portal"", ""method"": ""vendor_export"", ""observed_at"": ""2026-05-15T00:00:00+00:00"", ""valid_from"": ""2026-05-15T00:00:00+00:00"", ""valid_to"": null, ""confidence"": 1.0}"
link-2,sw:junos-23.4R2,def:evpn-qinq,AFFECTED_BY,10,protected,False,UP,"{""source"": ""vendor_bulletin"", ""method"": ""manual"", ""observed_at"": ""2026-05-15T00:00:00+00:00"", ""valid_from"": ""2026-05-15T00:00:00+00:00"", ""valid_to"": null, ""confidence"": 1.0}"
link-3,sw:junos-23.4R2,def:acx-234-locker,AFFECTED_BY,10,protected,False,UP,"{""source"": ""vendor_bulletin"", ""method"": ""manual"", ""observed_at"": ""2026-05-15T00:00:00+00:00"", ""valid_from"": ""2026-05-15T00:00:00+00:00"", ""valid_to"": null, ""confidence"": 1.0}"
link-4,site:gldt,dev:mx960-gldt,CONTAINS,10,protected,False,UP,"{""source"": ""inventory_review"", ""method"": ""vendor_export"", ""observed_at"": ""2026-05-15T00:00:00+00:00"", ""valid_from"": ""2026-05-15T00:00:00+00:00"", ""valid_to"": null, ""confidence"": 1.0}"
link-5,dev:mx960-gldt,sw:junos-24.4R1-S3.6,RUNS,10,protected,False,UP,"{""source"": ""inventory_review"", ""method"": ""vendor_export"", ""observed_at"": ""2026-05-15T00:00:00+00:00"", ""valid_from"": ""2026-05-15T00:00:00+00:00"", ""valid_to"": null, ""confidence"": 1.0}"
link-6,dev:mx960-gldt,port:mx960-gldt:et-0/0/0,HAS_PORT,10,protected,False,UP,"{""source"": ""config_backup"", ""method"": ""config_parse"", ""observed_at"": ""2026-05-15T00:00:00+00:00"", ""valid_from"": ""2026-05-15T00:00:00+00:00"", ""valid_to"": null, ""confidence"": 1.0}"
link-7,dev:mx960-gldt,port:mx960-gldt:et-0/0/1,HAS_PORT,10,protected,False,UP,"{""source"": ""config_backup"", ""method"": ""config_parse"", ""observed_at"": ""2026-05-15T00:00:00+00:00"", ""valid_from"": ""2026-05-15T00:00:00+00:00"", ""valid_to"": null, ""confidence"": 1.0}"
link-8,dev:mx960-gldt,port:mx960-gldt:et-0/0/2,HAS_PORT,10,protected,False,UP,"{""source"": ""config_backup"", ""method"": ""config_parse"", ""observed_at"": ""2026-05-15T00:00:00+00:00"", ""valid_from"": ""2026-05-15T00:00:00+00:00"", ""valid_to"": null, ""confidence"": 1.0}"
link-9,dev:mx960-gldt,port:mx960-gldt:et-0/0/3,HAS_PORT,10,protected,False,UP,"{""source"": ""config_backup"", ""method"": ""config_parse"", ""observed_at"": ""2026-05-15T00:00:00+00:00"", ""valid_from"": ""2026-05-15T00:00:00+00:00"", ""valid_to"": null, ""confidence"": 1.0}"
link-10,dev:mx960-gldt,port:mx960-gldt:et-0/0/4,HAS_PORT,10,protected,False,UP,"{""source"": ""config_backup"", ""method"": ""config_parse"", ""observed_at"": ""2026-05-15T00:00:00+00:00"", ""valid_from"": ""2026-05-15T00:00:00+00:00"", ""valid_to"": null, ""confidence"": 1.0}"
link-11,dev:mx960-gldt,port:mx960-gldt:et-0/0/5,HAS_PORT,10,protected,False,UP,"{""source"": ""config_backup"", ""method"": ""config_parse"", ""observed_at"": ""2026-05-15T00:00:00+00:00"", ""valid_from"": ""2026-05-15T00:00:00+00:00"", ""valid_to"": null, ""confidence"": 1.0}"
link-12,dev:mx960-gldt,port:mx960-gldt:et-0/0/6,HAS_PORT,10,protected,False,UP,"{""source"": ""config_backup"", ""method"": ""config_parse"", ""observed_at"": ""2026-05-15T00:00:00+00:00"", ""valid_from"": ""2026-05-15T00:00:00+00:00"", ""valid_to"": null, ""confidence"": 1.0}"
link-13,dev:mx960-gldt,port:mx960-gldt:et-0/0/7,HAS_PORT,10,protected,False,UP,"{""source"": ""config_backup"", ""method"": ""config_parse"", ""observed_at"": ""2026-05-15T00:00:00+00:00"", ""valid_from"": ""2026-05-15T00:00:00+00:00"", ""valid_to"": null, ""confidence"": 1.0}"
link-14,dev:mx960-gldt,port:mx960-gldt:et-0/0/8,HAS_PORT,10,protected,False,UP,"{""source"": ""config_backup"", ""method"": ""config_parse"", ""observed_at"": ""2026-05-15T00:00:00+00:00"", ""valid_from"": ""2026-05-15T00:00:00+00:00"", ""valid_to"": null, ""confidence"": 1.0}"
link-15,dev:mx960-gldt,port:mx960-gldt:et-0/0/9,HAS_PORT,10,protected,False,UP,"{""source"": ""config_backup"", ""method"": ""config_parse"", ""observed_at"": ""2026-05-15T00:00:00+00:00"", ""valid_from"": ""2026-05-15T00:00:00+00:00"", ""valid_to"": null, ""confidence"": 1.0}"
link-16,dev:mx960-gldt,port:mx960-gldt:et-0/0/10,HAS_PORT,10,protected,False,UP,"{""source"": ""config_backup"", ""method"": ""config_parse"", ""observed_at"": ""2026-05-15T00:00:00+00:00"", ""valid_from"": ""2026-05-15T00:00:00+00:00"", ""valid_to"": null, ""confidence"": 1.0}"
link-17,dev:mx960-gldt,port:mx960-gldt:et-0/0/11,HAS_PORT,10,protected,False,UP,"{""source"": ""config_backup"", ""method"": ""config_parse"", ""observed_at"": ""2026-05-15T00:00:00+00:00"", ""valid_from"": ""2026-05-15T00:00:00+00:00"", ""valid_to"": null, ""confidence"": 1.0}"
link-18,port:mx960-gldt:et-0/0/0,opt:mx960-gldt:et-0/0/0,HOSTS,100,protected,False,UP,"{""source"": ""telemetry"", ""method"": ""snmp"", ""observed_at"": ""2026-05-15T00:00:00+00:00"", ""valid_from"": ""2026-05-15T00:00:00+00:00"", ""valid_to"": null, ""confidence"": 1.0}"
link-19,port:mx960-gldt:et-0/0/1,opt:mx960-gldt:et-0/0/1,HOSTS,100,protected,False,UP,"{""source"": ""telemetry"", ""method"": ""snmp"", ""observed_at"": ""2026-05-15T00:00:00+00:00"", ""valid_from"": ""2026-05-15T00:00:00+00:00"", ""valid_to"": null, ""confidence"": 1.0}"
link-20,site:sang,dev:mx304-sang,CONTAINS,10,unprotected,True,UP,"{""source"": ""inventory_review"", ""method"": ""vendor_export"", ""observed_at"": ""2026-05-15T00:00:00+00:00"", ""valid_from"": ""2026-05-15T00:00:00+00:00"", ""valid_to"": null, ""confidence"": 1.0}"
link-21,dev:mx304-sang,sw:junos-22.3R3,RUNS,10,unprotected,True,UP,"{""source"": ""inventory_review"", ""method"": ""vendor_export"", ""observed_at"": ""2026-05-15T00:00:00+00:00"", ""valid_from"": ""2026-05-15T00:00:00+00:00"", ""valid_to"": null, ""confidence"": 1.0}"
link-22,dev:mx304-sang,port:mx304-sang:et-0/0/0,HAS_PORT,10,unprotected,True,UP,"{""source"": ""config_backup"", ""method"": ""config_parse"", ""observed_at"": ""2026-05-15T00:00:00+00:00"", ""valid_from"": ""2026-05-15T00:00:00+00:00"", ""valid_to"": null, ""confidence"": 1.0}"
link-23,dev:mx304-sang,port:mx304-sang:et-0/0/1,HAS_PORT,10,unprotected,True,UP,"{""source"": ""config_backup"", ""method"": ""config_parse"", ""observed_at"": ""2026-05-15T00:00:00+00:00"", ""valid_from"": ""2026-05-15T00:00:00+00:00"", ""valid_to"": null, ""confidence"": 1.0}"
link-24,dev:mx304-sang,port:mx304-sang:et-0/0/2,HAS_PORT,10,unprotected,True,UP,"{""source"": ""config_backup"", ""method"": ""config_parse"", ""observed_at"": ""2026-05-15T00:00:00+00:00"", ""valid_from"": ""2026-05-15T00:00:00+00:00"", ""valid_to"": null, ""confidence"": 1.0}"
link-25,dev:mx304-sang,port:mx304-sang:et-0/0/3,HAS_PORT,10,unprotected,True,UP,"{""source"": ""config_backup"", ""method"": ""config_parse"", ""observed_at"": ""2026-05-15T00:00:00+00:00"", ""valid_from"": ""2026-05-15T00:00:00+00:00"", ""valid_to"": null, ""confidence"": 1.0}"
link-26,dev:mx304-sang,port:mx304-sang:xe-0/1/0,HAS_PORT,10,unprotected,True,UP,"{""source"": ""config_backup"", ""method"": ""config_parse"", ""observed_at"": ""2026-05-15T00:00:00+00:00"", ""valid_from"": ""2026-05-15T00:00:00+00:00"", ""valid_to"": null, ""confidence"": 1.0}"
link-27,dev:mx304-sang,port:mx304-sang:xe-0/1/1,HAS_PORT,10,unprotected,True,UP,"{""source"": ""config_backup"", ""method"": ""config_parse"", ""observed_at"": ""2026-05-15T00:00:00+00:00"", ""valid_from"": ""2026-05-15T00:00:00+00:00"", ""valid_to"": null, ""confidence"": 1.0}"
link-28,dev:mx304-sang,port:mx304-sang:xe-0/1/2,HAS_PORT,10,unprotected,True,UP,"{""source"": ""config_backup"", ""method"": ""config_parse"", ""observed_at"": ""2026-05-15T00:00:00+00:00"", ""valid_from"": ""2026-05-15T00:00:00+00:00"", ""valid_to"": null, ""confidence"": 1.0}"
link-29,dev:mx304-sang,port:mx304-sang:xe-0/1/3,HAS_PORT,10,unprotected,True,UP,"{""source"": ""config_backup"", ""method"": ""config_parse"", ""observed_at"": ""2026-05-15T00:00:00+00:00"", ""valid_from"": ""2026-05-15T00:00:00+00:00"", ""valid_to"": null, ""confidence"": 1.0}"
link-30,dev:mx304-sang,port:mx304-sang:xe-0/1/4,HAS_PORT,10,unprotected,True,UP,"{""source"": ""config_backup"", ""method"": ""config_parse"", ""observed_at"": ""2026-05-15T00:00:00+00:00"", ""valid_from"": ""2026-05-15T00:00:00+00:00"", ""valid_to"": null, ""confidence"": 1.0}"
link-31,dev:mx304-sang,port:mx304-sang:xe-0/1/5,HAS_PORT,10,unprotected,True,UP,"{""source"": ""config_backup"", ""method"": ""config_parse"", ""observed_at"": ""2026-05-15T00:00:00+00:00"", ""valid_from"": ""2026-05-15T00:00:00+00:00"", ""valid_to"": null, ""confidence"": 1.0}"
link-32,dev:mx304-sang,port:mx304-sang:xe-0/1/6,HAS_PORT,10,unprotected,True,UP,"{""source"": ""config_backup"", ""method"": ""config_parse"", ""observed_at"": ""2026-05-15T00:00:00+00:00"", ""valid_from"": ""2026-05-15T00:00:00+00:00"", ""valid_to"": null, ""confidence"": 1.0}"
link-33,dev:mx304-sang,port:mx304-sang:xe-0/1/7,HAS_PORT,10,unprotected,True,UP,"{""source"": ""config_backup"", ""method"": ""config_parse"", ""observed_at"": ""2026-05-15T00:00:00+00:00"", ""valid_from"": ""2026-05-15T00:00:00+00:00"", ""valid_to"": null, ""confidence"": 1.0}"
link-34,port:mx304-sang:et-0/0/0,link:mx304-sang:et-0/0/0--mx960-gldt:et-0/0/0,TERMINATES,100,unprotected,True,UP,"{""link_end"": ""a"", ""source"": ""nms"", ""method"": ""lldp"", ""observed_at"": ""2026-05-15T00:00:00+00:00"", ""valid_from"": ""2026-05-15T00:00:00+00:00"", ""valid_to"": null, ""confidence"": 1.0}"
link-35,port:mx960-gldt:et-0/0/0,link:mx304-sang:et-0/0/0--mx960-gldt:et-0/0/0,TERMINATES,100,unprotected,False,UP,"{""link_end"": ""z"", ""source"": ""nms"", ""method"": ""lldp"", ""observed_at"": ""2026-05-15T00:00:00+00:00"", ""valid_from"": ""2026-05-15T00:00:00+00:00"", ""valid_to"": null, ""confidence"": 1.0}"
link-36,site:05,dev:mx304-02,CONTAINS,10,protected,False,UP,"{""source"": ""inventory_review"", ""method"": ""vendor_export"", ""observed_at"": ""2026-05-15T00:00:00+00:00"", ""valid_from"": ""2026-05-15T00:00:00+00:00"", ""valid_to"": null, ""confidence"": 1.0}"
link-37,dev:mx304-02,sw:junos-23.4R2,RUNS,10,protected,False,UP,"{""source"": ""inventory_review"", ""method"": ""vendor_export"", ""observed_at"": ""2026-05-15T00:00:00+00:00"", ""valid_from"": ""2026-05-15T00:00:00+00:00"", ""valid_to"": null, ""confidence"": 1.0}"
link-38,dev:mx304-02,port:mx304-02:et-0/0/0,HAS_PORT,10,protected,False,UP,"{""source"": ""config_backup"", ""method"": ""config_parse"", ""observed_at"": ""2026-05-15T00:00:00+00:00"", ""valid_from"": ""2026-05-15T00:00:00+00:00"", ""valid_to"": null, ""confidence"": 1.0}"
link-39,dev:mx304-02,port:mx304-02:et-0/0/1,HAS_PORT,10,protected,False,UP,"{""source"": ""config_backup"", ""method"": ""config_parse"", ""observed_at"": ""2026-05-15T00:00:00+00:00"", ""valid_from"": ""2026-05-15T00:00:00+00:00"", ""valid_to"": null, ""confidence"": 1.0}"
link-40,dev:mx304-02,port:mx304-02:et-0/0/2,HAS_PORT,10,protected,False,UP,"{""source"": ""config_backup"", ""method"": ""config_parse"", ""observed_at"": ""2026-05-15T00:00:00+00:00"", ""valid_from"": ""2026-05-15T00:00:00+00:00"", ""valid_to"": null, ""confidence"": 1.0}"
link-41,dev:mx304-02,port:mx304-02:et-0/0/3,HAS_PORT,10,protected,False,UP,"{""source"": ""config_backup"", ""method"": ""config_parse"", ""observed_at"": ""2026-05-15T00:00:00+00:00"", ""valid_from"": ""2026-05-15T00:00:00+00:00"", ""valid_to"": null, ""confidence"": 1.0}"
link-42,dev:mx304-02,port:mx304-02:xe-0/1/0,HAS_PORT,10,protected,False,UP,"{""source"": ""config_backup"", ""method"": ""config_parse"", ""observed_at"": ""2026-05-15T00:00:00+00:00"", ""valid_from"": ""2026-05-15T00:00:00+00:00"", ""valid_to"": null, ""confidence"": 1.0}"
link-43,dev:mx304-02,port:mx304-02:xe-0/1/1,HAS_PORT,10,protected,False,UP,"{""source"": ""config_backup"", ""method"": ""config_parse"", ""observed_at"": ""2026-05-15T00:00:00+00:00"", ""valid_from"": ""2026-05-15T00:00:00+00:00"", ""valid_to"": null, ""confidence"": 1.0}"
link-44,dev:mx304-02,port:mx304-02:xe-0/1/2,HAS_PORT,10,protected,False,UP,"{""source"": ""config_backup"", ""method"": ""config_parse"", ""observed_at"": ""2026-05-15T00:00:00+00:00"", ""valid_from"": ""2026-05-15T00:00:00+00:00"", ""valid_to"": null, ""confidence"": 1.0}"
link-45,dev:mx304-02,port:mx304-02:xe-0/1/3,HAS_PORT,10,protected,False,UP,"{""source"": ""config_backup"", ""method"": ""config_parse"", ""observed_at"": ""2026-05-15T00:00:00+00:00"", ""valid_from"": ""2026-05-15T00:00:00+00:00"", ""valid_to"": null, ""confidence"": 1.0}"
link-46,dev:mx304-02,port:mx304-02:xe-0/1/4,HAS_PORT,10,protected,False,UP,"{""source"": ""config_backup"", ""method"": ""config_parse"", ""observed_at"": ""2026-05-15T00:00:00+00:00"", ""valid_from"": ""2026-05-15T00:00:00+00:00"", ""valid_to"": null, ""confidence"": 1.0}"
link-47,dev:mx304-02,port:mx304-02:xe-0/1/5,HAS_PORT,10,protected,False,UP,"{""source"": ""config_backup"", ""method"": ""config_parse"", ""observed_at"": ""2026-05-15T00:00:00+00:00"", ""valid_from"": ""2026-05-15T00:00:00+00:00"", ""valid_to"": null, ""confidence"": 1.0}"
link-48,dev:mx304-02,port:mx304-02:xe-0/1/6,HAS_PORT,10,protected,False,UP,"{""source"": ""config_backup"", ""method"": ""config_parse"", ""observed_at"": ""2026-05-15T00:00:00+00:00"", ""valid_from"": ""2026-05-15T00:00:00+00:00"", ""valid_to"": null, ""confidence"": 1.0}"
link-49,dev:mx304-02,port:mx304-02:xe-0/1/7,HAS_PORT,10,protected,False,UP,"{""source"": ""config_backup"", ""method"": ""config_parse"", ""observed_at"": ""2026-05-15T00:00:00+00:00"", ""valid_from"": ""2026-05-15T00:00:00+00:00"", ""valid_to"": null, ""confidence"": 1.0}"
link-50,port:mx304-02:et-0/0/0,link:mx304-02:et-0/0/0--mx960-gldt:et-0/0/1,TERMINATES,100,protected,False,UP,"{""link_end"": ""a"", ""source"": ""nms"", ""method"": ""lldp"", ""observed_at"": ""2026-05-15T00:00:00+00:00"", ""valid_from"": ""2026-05-15T00:00:00+00:00"", ""valid_to"": null, ""confidence"": 1.0}"
link-51,port:mx960-gldt:et-0/0/1,link:mx304-02:et-0/0/0--mx960-gldt:et-0/0/1,TERMINATES,100,protected,False,UP,"{""link_end"": ""z"", ""source"": ""nms"", ""method"": ""lldp"", ""observed_at"": ""2026-05-15T00:00:00+00:00"", ""valid_from"": ""2026-05-15T00:00:00+00:00"", ""valid_to"": null, ""confidence"": 1.0}"
link-52,site:06,dev:mx304-03,CONTAINS,10,protected,False,UP,"{""source"": ""inventory_review"", ""method"": ""vendor_export"", ""observed_at"": ""2026-05-15T00:00:00+00:00"", ""valid_from"": ""2026-05-15T00:00:00+00:00"", ""valid_to"": null, ""confidence"": 1.0}"
link-53,dev:mx304-03,sw:junos-23.4R2,RUNS,10,protected,False,UP,"{""source"": ""inventory_review"", ""method"": ""vendor_export"", ""observed_at"": ""2026-05-15T00:00:00+00:00"", ""valid_from"": ""2026-05-15T00:00:00+00:00"", ""valid_to"": null, ""confidence"": 1.0}"
link-54,dev:mx304-03,port:mx304-03:et-0/0/0,HAS_PORT,10,protected,False,UP,"{""source"": ""config_backup"", ""method"": ""config_parse"", ""observed_at"": ""2026-05-15T00:00:00+00:00"", ""valid_from"": ""2026-05-15T00:00:00+00:00"", ""valid_to"": null, ""confidence"": 1.0}"
link-55,dev:mx304-03,port:mx304-03:et-0/0/1,HAS_PORT,10,protected,False,UP,"{""source"": ""config_backup"", ""method"": ""config_parse"", ""observed_at"": ""2026-05-15T00:00:00+00:00"", ""valid_from"": ""2026-05-15T00:00:00+00:00"", ""valid_to"": null, ""confidence"": 1.0}"
link-56,dev:mx304-03,port:mx304-03:et-0/0/2,HAS_PORT,10,protected,False,UP,"{""source"": ""config_backup"", ""method"": ""config_parse"", ""observed_at"": ""2026-05-15T00:00:00+00:00"", ""valid_from"": ""2026-05-15T00:00:00+00:00"", ""valid_to"": null, ""confidence"": 1.0}"
link-57,dev:mx304-03,port:mx304-03:et-0/0/3,HAS_PORT,10,protected,False,UP,"{""source"": ""config_backup"", ""method"": ""config_parse"", ""observed_at"": ""2026-05-15T00:00:00+00:00"", ""valid_from"": ""2026-05-15T00:00:00+00:00"", ""valid_to"": null, ""confidence"": 1.0}"
link-58,dev:mx304-03,port:mx304-03:xe-0/1/0,HAS_PORT,10,protected,False,UP,"{""source"": ""config_backup"", ""method"": ""config_parse"", ""observed_at"": ""2026-05-15T00:00:00+00:00"", ""valid_from"": ""2026-05-15T00:00:00+00:00"", ""valid_to"": null, ""confidence"": 1.0}"
link-59,dev:mx304-03,port:mx304-03:xe-0/1/1,HAS_PORT,10,protected,False,UP,"{""source"": ""config_backup"", ""method"": ""config_parse"", ""observed_at"": ""2026-05-15T00:00:00+00:00"", ""valid_from"": ""2026-05-15T00:00:00+00:00"", ""valid_to"": null, ""confidence"": 1.0}"
link-60,dev:mx304-03,port:mx304-03:xe-0/1/2,HAS_PORT,10,protected,False,UP,"{""source"": ""config_backup"", ""method"": ""config_parse"", ""observed_at"": ""2026-05-15T00:00:00+00:00"", ""valid_from"": ""2026-05-15T00:00:00+00:00"", ""valid_to"": null, ""confidence"": 1.0}"
link-61,dev:mx304-03,port:mx304-03:xe-0/1/3,HAS_PORT,10,protected,False,UP,"{""source"": ""config_backup"", ""method"": ""config_parse"", ""observed_at"": ""2026-05-15T00:00:00+00:00"", ""valid_from"": ""2026-05-15T00:00:00+00:00"", ""valid_to"": null, ""confidence"": 1.0}"
link-62,dev:mx304-03,port:mx304-03:xe-0/1/4,HAS_PORT,10,protected,False,UP,"{""source"": ""config_backup"", ""method"": ""config_parse"", ""observed_at"": ""2026-05-15T00:00:00+00:00"", ""valid_from"": ""2026-05-15T00:00:00+00:00"", ""valid_to"": null, ""confidence"": 1.0}"
link-63,dev:mx304-03,port:mx304-03:xe-0/1/5,HAS_PORT,10,protected,False,UP,"{""source"": ""config_backup"", ""method"": ""config_parse"", ""observed_at"": ""2026-05-15T00:00:00+00:00"", ""valid_from"": ""2026-05-15T00:00:00+00:00"", ""valid_to"": null, ""confidence"": 1.0}"
link-64,dev:mx304-03,port:mx304-03:xe-0/1/6,HAS_PORT,10,protected,False,UP,"{""source"": ""config_backup"", ""method"": ""config_parse"", ""observed_at"": ""2026-05-15T00:00:00+00:00"", ""valid_from"": ""2026-05-15T00:00:00+00:00"", ""valid_to"": null, ""confidence"": 1.0}"
link-65,dev:mx304-03,port:mx304-03:xe-0/1/7,HAS_PORT,10,protected,False,UP,"{""source"": ""config_backup"", ""method"": ""config_parse"", ""observed_at"": ""2026-05-15T00:00:00+00:00"", ""valid_from"": ""2026-05-15T00:00:00+00:00"", ""valid_to"": null, ""confidence"": 1.0}"
link-66,port:mx304-03:et-0/0/0,link:mx304-03:et-0/0/0--mx960-gldt:et-0/0/2,TERMINATES,100,protected,False,UP,"{""link_end"": ""a"", ""source"": ""nms"", ""method"": ""lldp"", ""observed_at"": ""2026-05-15T00:00:00+00:00"", ""valid_from"": ""2026-05-15T00:00:00+00:00"", ""valid_to"": null, ""confidence"": 1.0}"
link-67,port:mx960-gldt:et-0/0/2,link:mx304-03:et-0/0/0--mx960-gldt:et-0/0/2,TERMINATES,100,protected,False,UP,"{""link_end"": ""z"", ""source"": ""nms"", ""method"": ""lldp"", ""observed_at"": ""2026-05-15T00:00:00+00:00"", ""valid_from"": ""2026-05-15T00:00:00+00:00"", ""valid_to"": null, ""confidence"": 1.0}"
link-68,site:07,dev:mx304-04,CONTAINS,10,protected,False,UP,"{""source"": ""inventory_review"", ""method"": ""vendor_export"", ""observed_at"": ""2026-05-15T00:00:00+00:00"", ""valid_from"": ""2026-05-15T00:00:00+00:00"", ""valid_to"": null, ""confidence"": 1.0}"
link-69,dev:mx304-04,sw:junos-23.4R2,RUNS,10,protected,False,UP,"{""source"": ""inventory_review"", ""method"": ""vendor_export"", ""observed_at"": ""2026-05-15T00:00:00+00:00"", ""valid_from"": ""2026-05-15T00:00:00+00:00"", ""valid_to"": null, ""confidence"": 1.0}"
link-70,dev:mx304-04,port:mx304-04:et-0/0/0,HAS_PORT,10,protected,False,UP,"{""source"": ""config_backup"", ""method"": ""config_parse"", ""observed_at"": ""2026-05-15T00:00:00+00:00"", ""valid_from"": ""2026-05-15T00:00:00+00:00"", ""valid_to"": null, ""confidence"": 1.0}"
link-71,dev:mx304-04,port:mx304-04:et-0/0/1,HAS_PORT,10,protected,False,UP,"{""source"": ""config_backup"", ""method"": ""config_parse"", ""observed_at"": ""2026-05-15T00:00:00+00:00"", ""valid_from"": ""2026-05-15T00:00:00+00:00"", ""valid_to"": null, ""confidence"": 1.0}"
link-72,dev:mx304-04,port:mx304-04:et-0/0/2,HAS_PORT,10,protected,False,UP,"{""source"": ""config_backup"", ""method"": ""config_parse"", ""observed_at"": ""2026-05-15T00:00:00+00:00"", ""valid_from"": ""2026-05-15T00:00:00+00:00"", ""valid_to"": null, ""confidence"": 1.0}"
link-73,dev:mx304-04,port:mx304-04:et-0/0/3,HAS_PORT,10,protected,False,UP,"{""source"": ""config_backup"", ""method"": ""config_parse"", ""observed_at"": ""2026-05-15T00:00:00+00:00"", ""valid_from"": ""2026-05-15T00:00:00+00:00"", ""valid_to"": null, ""confidence"": 1.0}"
link-74,dev:mx304-04,port:mx304-04:xe-0/1/0,HAS_PORT,10,protected,False,UP,"{""source"": ""config_backup"", ""method"": ""config_parse"", ""observed_at"": ""2026-05-15T00:00:00+00:00"", ""valid_from"": ""2026-05-15T00:00:00+00:00"", ""valid_to"": null, ""confidence"": 1.0}"
link-75,dev:mx304-04,port:mx304-04:xe-0/1/1,HAS_PORT,10,protected,False,UP,"{""source"": ""config_backup"", ""method"": ""config_parse"", ""observed_at"": ""2026-05-15T00:00:00+00:00"", ""valid_from"": ""2026-05-15T00:00:00+00:00"", ""valid_to"": null, ""confidence"": 1.0}"
link-76,dev:mx304-04,port:mx304-04:xe-0/1/2,HAS_PORT,10,protected,False,UP,"{""source"": ""config_backup"", ""method"": ""config_parse"", ""observed_at"": ""2026-05-15T00:00:00+00:00"", ""valid_from"": ""2026-05-15T00:00:00+00:00"", ""valid_to"": null, ""confidence"": 1.0}"
link-77,dev:mx304-04,port:mx304-04:xe-0/1/3,HAS_PORT,10,protected,False,UP,"{""source"": ""config_backup"", ""method"": ""config_parse"", ""observed_at"": ""2026-05-15T00:00:00+00:00"", ""valid_from"": ""2026-05-15T00:00:00+00:00"", ""valid_to"": null, ""confidence"": 1.0}"
link-78,dev:mx304-04,port:mx304-04:xe-0/1/4,HAS_PORT,10,protected,False,UP,"{""source"": ""config_backup"", ""method"": ""config_parse"", ""observed_at"": ""2026-05-15T00:00:00+00:00"", ""valid_from"": ""2026-05-15T00:00:00+00:00"", ""valid_to"": null, ""confidence"": 1.0}"
link-79,dev:mx304-04,port:mx304-04:xe-0/1/5,HAS_PORT,10,protected,False,UP,"{""source"": ""config_backup"", ""method"": ""config_parse"", ""observed_at"": ""2026-05-15T00:00:00+00:00"", ""valid_from"": ""2026-05-15T00:00:00+00:00"", ""valid_to"": null, ""confidence"": 1.0}"
link-80,dev:mx304-04,port:mx304-04:xe-0/1/6,HAS_PORT,10,protected,False,UP,"{""source"": ""config_backup"", ""method"": ""config_parse"", ""observed_at"": ""2026-05-15T00:00:00+00:00"", ""valid_from"": ""2026-05-15T00:00:00+00:00"", ""valid_to"": null, ""confidence"": 1.0}"
link-81,dev:mx304-04,port:mx304-04:xe-0/1/7,HAS_PORT,10,protected,False,UP,"{""source"": ""config_backup"", ""method"": ""config_parse"", ""observed_at"": ""2026-05-15T00:00:00+00:00"", ""valid_from"": ""2026-05-15T00:00:00+00:00"", ""valid_to"": null, ""confidence"": 1.0}"
link-82,port:mx304-04:et-0/0/0,link:mx304-04:et-0/0/0--mx960-gldt:et-0/0/3,TERMINATES,100,protected,False,UP,"{""link_end"": ""a"", ""source"": ""nms"", ""method"": ""lldp"", ""observed_at"": ""2026-05-15T00:00:00+00:00"", ""valid_from"": ""2026-05-15T00:00:00+00:00"", ""valid_to"": null, ""confidence"": 1.0}"
link-83,port:mx960-gldt:et-0/0/3,link:mx304-04:et-0/0/0--mx960-gldt:et-0/0/3,TERMINATES,100,protected,False,UP,"{""link_end"": ""z"", ""source"": ""nms"", ""method"": ""lldp"", ""observed_at"": ""2026-05-15T00:00:00+00:00"", ""valid_from"": ""2026-05-15T00:00:00+00:00"", ""valid_to"": null, ""confidence"": 1.0}"
link-84,site:08,dev:mx304-05,CONTAINS,10,protected,False,UP,"{""source"": ""inventory_review"", ""method"": ""vendor_export"", ""observed_at"": ""2026-05-15T00:00:00+00:00"", ""valid_from"": ""2026-05-15T00:00:00+00:00"", ""valid_to"": null, ""confidence"": 1.0}"
link-85,dev:mx304-05,sw:junos-23.4R2,RUNS,10,protected,False,UP,"{""source"": ""inventory_review"", ""method"": ""vendor_export"", ""observed_at"": ""2026-05-15T00:00:00+00:00"", ""valid_from"": ""2026-05-15T00:00:00+00:00"", ""valid_to"": null, ""confidence"": 1.0}"
link-86,dev:mx304-05,port:mx304-05:et-0/0/0,HAS_PORT,10,protected,False,UP,"{""source"": ""config_backup"", ""method"": ""config_parse"", ""observed_at"": ""2026-05-15T00:00:00+00:00"", ""valid_from"": ""2026-05-15T00:00:00+00:00"", ""valid_to"": null, ""confidence"": 1.0}"
link-87,dev:mx304-05,port:mx304-05:et-0/0/1,HAS_PORT,10,protected,False,UP,"{""source"": ""config_backup"", ""method"": ""config_parse"", ""observed_at"": ""2026-05-15T00:00:00+00:00"", ""valid_from"": ""2026-05-15T00:00:00+00:00"", ""valid_to"": null, ""confidence"": 1.0}"
link-88,dev:mx304-05,port:mx304-05:et-0/0/2,HAS_PORT,10,protected,False,UP,"{""source"": ""config_backup"", ""method"": ""config_parse"", ""observed_at"": ""2026-05-15T00:00:00+00:00"", ""valid_from"": ""2026-05-15T00:00:00+00:00"", ""valid_to"": null, ""confidence"": 1.0}"
link-89,dev:mx304-05,port:mx304-05:et-0/0/3,HAS_PORT,10,protected,False,UP,"{""source"": ""config_backup"", ""method"": ""config_parse"", ""observed_at"": ""2026-05-15T00:00:00+00:00"", ""valid_from"": ""2026-05-15T00:00:00+00:00"", ""valid_to"": null, ""confidence"": 1.0}"
link-90,dev:mx304-05,port:mx304-05:xe-0/1/0,HAS_PORT,10,protected,False,UP,"{""source"": ""config_backup"", ""method"": ""config_parse"", ""observed_at"": ""2026-05-15T00:00:00+00:00"", ""valid_from"": ""2026-05-15T00:00:00+00:00"", ""valid_to"": null, ""confidence"": 1.0}"
link-91,dev:mx304-05,port:mx304-05:xe-0/1/1,HAS_PORT,10,protected,False,UP,"{""source"": ""config_backup"", ""method"": ""config_parse"", ""observed_at"": ""2026-05-15T00:00:00+00:00"", ""valid_from"": ""2026-05-15T00:00:00+00:00"", ""valid_to"": null, ""confidence"": 1.0}"
link-92,dev:mx304-05,port:mx304-05:xe-0/1/2,HAS_PORT,10,protected,False,UP,"{""source"": ""config_backup"", ""method"": ""config_parse"", ""observed_at"": ""2026-05-15T00:00:00+00:00"", ""valid_from"": ""2026-05-15T00:00:00+00:00"", ""valid_to"": null, ""confidence"": 1.0}"
link-93,dev:mx304-05,port:mx304-05:xe-0/1/3,HAS_PORT,10,protected,False,UP,"{""source"": ""config_backup"", ""method"": ""config_parse"", ""observed_at"": ""2026-05-15T00:00:00+00:00"", ""valid_from"": ""2026-05-15T00:00:00+00:00"", ""valid_to"": null, ""confidence"": 1.0}"
link-94,dev:mx304-05,port:mx304-05:xe-0/1/4,HAS_PORT,10,protected,False,UP,"{""source"": ""config_backup"", ""method"": ""config_parse"", ""observed_at"": ""2026-05-15T00:00:00+00:00"", ""valid_from"": ""2026-05-15T00:00:00+00:00"", ""valid_to"": null, ""confidence"": 1.0}"
link-95,dev:mx304-05,port:mx304-05:xe-0/1/5,HAS_PORT,10,protected,False,UP,"{""source"": ""config_backup"", ""method"": ""config_parse"", ""observed_at"": ""2026-05-15T00:00:00+00:00"", ""valid_from"": ""2026-05-15T00:00:00+00:00"", ""valid_to"": null, ""confidence"": 1.0}"
link-96,dev:mx304-05,port:mx304-05:xe-0/1/6,HAS_PORT,10,protected,False,UP,"{""source"": ""config_backup"", ""method"": ""config_parse"", ""observed_at"": ""2026-05-15T00:00:00+00:00"", ""valid_from"": ""2026-05-15T00:00:00+00:00"", ""valid_to"": null, ""confidence"": 1.0}"
link-97,dev:mx304-05,port:mx304-05:xe-0/1/7,HAS_PORT,10,protected,False,UP,"{""source"": ""config_backup"", ""method"": ""config_parse"", ""observed_at"": ""2026-05-15T00:00:00+00:00"", ""valid_from"": ""2026-05-15T00:00:00+00:00"", ""valid_to"": null, ""confidence"": 1.0}"
link-98,port:mx304-05:et-0/0/0,link:mx304-05:et-0/0/0--mx960-gldt:et-0/0/4,TERMINATES,100,protected,False,UP,"{""link_end"": ""a"", ""source"": ""nms"", ""method"": ""lldp"", ""observed_at"": ""2026-05-15T00:00:00+00:00"", ""valid_from"": ""2026-05-15T00:00:00+00:00"", ""valid_to"": null, ""confidence"": 1.0}"
link-99,port:mx960-gldt:et-0/0/4,link:mx304-05:et-0/0/0--mx960-gldt:et-0/0/4,TERMINATES,100,protected,False,UP,"{""link_end"": ""z"", ""source"": ""nms"", ""method"": ""lldp"", ""observed_at"": ""2026-05-15T00:00:00+00:00"", ""valid_from"": ""2026-05-15T00:00:00+00:00"", ""valid_to"": null, ""confidence"": 1.0}"
link-100,site:09,dev:mx304-06,CONTAINS,10,protected,False,UP,"{""source"": ""inventory_review"", ""method"": ""vendor_export"", ""observed_at"": ""2026-05-15T00:00:00+00:00"", ""valid_from"": ""2026-05-15T00:00:00+00:00"", ""valid_to"": null, ""confidence"": 1.0}"
link-101,dev:mx304-06,sw:junos-23.4R2,RUNS,10,protected,False,UP,"{""source"": ""inventory_review"", ""method"": ""vendor_export"", ""observed_at"": ""2026-05-15T00:00:00+00:00"", ""valid_from"": ""2026-05-15T00:00:00+00:00"", ""valid_to"": null, ""confidence"": 1.0}"
link-102,dev:mx304-06,port:mx304-06:et-0/0/0,HAS_PORT,10,protected,False,UP,"{""source"": ""config_backup"", ""method"": ""config_parse"", ""observed_at"": ""2026-05-15T00:00:00+00:00"", ""valid_from"": ""2026-05-15T00:00:00+00:00"", ""valid_to"": null, ""confidence"": 1.0}"
link-103,dev:mx304-06,port:mx304-06:et-0/0/1,HAS_PORT,10,protected,False,UP,"{""source"": ""config_backup"", ""method"": ""config_parse"", ""observed_at"": ""2026-05-15T00:00:00+00:00"", ""valid_from"": ""2026-05-15T00:00:00+00:00"", ""valid_to"": null, ""confidence"": 1.0}"
link-104,dev:mx304-06,port:mx304-06:et-0/0/2,HAS_PORT,10,protected,False,UP,"{""source"": ""config_backup"", ""method"": ""config_parse"", ""observed_at"": ""2026-05-15T00:00:00+00:00"", ""valid_from"": ""2026-05-15T00:00:00+00:00"", ""valid_to"": null, ""confidence"": 1.0}"
link-105,dev:mx304-06,port:mx304-06:et-0/0/3,HAS_PORT,10,protected,False,UP,"{""source"": ""config_backup"", ""method"": ""config_parse"", ""observed_at"": ""2026-05-15T00:00:00+00:00"", ""valid_from"": ""2026-05-15T00:00:00+00:00"", ""valid_to"": null, ""confidence"": 1.0}"
link-106,dev:mx304-06,port:mx304-06:xe-0/1/0,HAS_PORT,10,protected,False,UP,"{""source"": ""config_backup"", ""method"": ""config_parse"", ""observed_at"": ""2026-05-15T00:00:00+00:00"", ""valid_from"": ""2026-05-15T00:00:00+00:00"", ""valid_to"": null, ""confidence"": 1.0}"
link-107,dev:mx304-06,port:mx304-06:xe-0/1/1,HAS_PORT,10,protected,False,UP,"{""source"": ""config_backup"", ""method"": ""config_parse"", ""observed_at"": ""2026-05-15T00:00:00+00:00"", ""valid_from"": ""2026-05-15T00:00:00+00:00"", ""valid_to"": null, ""confidence"": 1.0}"
link-108,dev:mx304-06,port:mx304-06:xe-0/1/2,HAS_PORT,10,protected,False,UP,"{""source"": ""config_backup"", ""method"": ""config_parse"", ""observed_at"": ""2026-05-15T00:00:00+00:00"", ""valid_from"": ""2026-05-15T00:00:00+00:00"", ""valid_to"": null, ""confidence"": 1.0}"
link-109,dev:mx304-06,port:mx304-06:xe-0/1/3,HAS_PORT,10,protected,False,UP,"{""source"": ""config_backup"", ""method"": ""config_parse"", ""observed_at"": ""2026-05-15T00:00:00+00:00"", ""valid_from"": ""2026-05-15T00:00:00+00:00"", ""valid_to"": null, ""confidence"": 1.0}"
link-110,dev:mx304-06,port:mx304-06:xe-0/1/4,HAS_PORT,10,protected,False,UP,"{""source"": ""config_backup"", ""method"": ""config_parse"", ""observed_at"": ""2026-05-15T00:00:00+00:00"", ""valid_from"": ""2026-05-15T00:00:00+00:00"", ""valid_to"": null, ""confidence"": 1.0}"
link-111,dev:mx304-06,port:mx304-06:xe-0/1/5,HAS_PORT,10,protected,False,UP,"{""source"": ""config_backup"", ""method"": ""config_parse"", ""observed_at"": ""2026-05-15T00:00:00+00:00"", ""valid_from"": ""2026-05-15T00:00:00+00:00"", ""valid_to"": null, ""confidence"": 1.0}"
link-112,dev:mx304-06,port:mx304-06:xe-0/1/6,HAS_PORT,10,protected,False,UP,"{""source"": ""config_backup"", ""method"": ""config_parse"", ""observed_at"": ""2026-05-15T00:00:00+00:00"", ""valid_from"": ""2026-05-15T00:00:00+00:00"", ""valid_to"": null, ""confidence"": 1.0}"
link-113,dev:mx304-06,port:mx304-06:xe-0/1/7,HAS_PORT,10,protected,False,UP,"{""source"": ""config_backup"", ""method"": ""config_parse"", ""observed_at"": ""2026-05-15T00:00:00+00:00"", ""valid_from"": ""2026-05-15T00:00:00+00:00"", ""valid_to"": null, ""confidence"": 1.0}"
link-114,port:mx304-06:et-0/0/0,link:mx304-06:et-0/0/0--mx960-gldt:et-0/0/5,TERMINATES,100,protected,False,UP,"{""link_end"": ""a"", ""source"": ""nms"", ""method"": ""lldp"", ""observed_at"": ""2026-05-15T00:00:00+00:00"", ""valid_from"": ""2026-05-15T00:00:00+00:00"", ""valid_to"": null, ""confidence"": 1.0}"
link-115,port:mx960-gldt:et-0/0/5,link:mx304-06:et-0/0/0--mx960-gldt:et-0/0/5,TERMINATES,100,protected,False,UP,"{""link_end"": ""z"", ""source"": ""nms"", ""method"": ""lldp"", ""observed_at"": ""2026-05-15T00:00:00+00:00"", ""valid_from"": ""2026-05-15T00:00:00+00:00"", ""valid_to"": null, ""confidence"": 1.0}"
link-116,site:10,dev:mx304-07,CONTAINS,10,protected,False,UP,"{""source"": ""inventory_review"", ""method"": ""vendor_export"", ""observed_at"": ""2026-05-15T00:00:00+00:00"", ""valid_from"": ""2026-05-15T00:00:00+00:00"", ""valid_to"": null, ""confidence"": 1.0}"
link-117,dev:mx304-07,sw:junos-23.4R2,RUNS,10,protected,False,UP,"{""source"": ""inventory_review"", ""method"": ""vendor_export"", ""observed_at"": ""2026-05-15T00:00:00+00:00"", ""valid_from"": ""2026-05-15T00:00:00+00:00"", ""valid_to"": null, ""confidence"": 1.0}"
link-118,dev:mx304-07,port:mx304-07:et-0/0/0,HAS_PORT,10,protected,False,UP,"{""source"": ""config_backup"", ""method"": ""config_parse"", ""observed_at"": ""2026-05-15T00:00:00+00:00"", ""valid_from"": ""2026-05-15T00:00:00+00:00"", ""valid_to"": null, ""confidence"": 1.0}"
link-119,dev:mx304-07,port:mx304-07:et-0/0/1,HAS_PORT,10,protected,False,UP,"{""source"": ""config_backup"", ""method"": ""config_parse"", ""observed_at"": ""2026-05-15T00:00:00+00:00"", ""valid_from"": ""2026-05-15T00:00:00+00:00"", ""valid_to"": null, ""confidence"": 1.0}"
link-120,dev:mx304-07,port:mx304-07:et-0/0/2,HAS_PORT,10,protected,False,UP,"{""source"": ""config_backup"", ""method"": ""config_parse"", ""observed_at"": ""2026-05-15T00:00:00+00:00"", ""valid_from"": ""2026-05-15T00:00:00+00:00"", ""valid_to"": null, ""confidence"": 1.0}"
link-121,dev:mx304-07,port:mx304-07:et-0/0/3,HAS_PORT,10,protected,False,UP,"{""source"": ""config_backup"", ""method"": ""config_parse"", ""observed_at"": ""2026-05-15T00:00:00+00:00"", ""valid_from"": ""2026-05-15T00:00:00+00:00"", ""valid_to"": null, ""confidence"": 1.0}"
link-122,dev:mx304-07,port:mx304-07:xe-0/1/0,HAS_PORT,10,protected,False,UP,"{""source"": ""config_backup"", ""method"": ""config_parse"", ""observed_at"": ""2026-05-15T00:00:00+00:00"", ""valid_from"": ""2026-05-15T00:00:00+00:00"", ""valid_to"": null, ""confidence"": 1.0}"
link-123,dev:mx304-07,port:mx304-07:xe-0/1/1,HAS_PORT,10,protected,False,UP,"{""source"": ""config_backup"", ""method"": ""config_parse"", ""observed_at"": ""2026-05-15T00:00:00+00:00"", ""valid_from"": ""2026-05-15T00:00:00+00:00"", ""valid_to"": null, ""confidence"": 1.0}"
link-124,dev:mx304-07,port:mx304-07:xe-0/1/2,HAS_PORT,10,protected,False,UP,"{""source"": ""config_backup"", ""method"": ""config_parse"", ""observed_at"": ""2026-05-15T00:00:00+00:00"", ""valid_from"": ""2026-05-15T00:00:00+00:00"", ""valid_to"": null, ""confidence"": 1.0}"
link-125,dev:mx304-07,port:mx304-07:xe-0/1/3,HAS_PORT,10,protected,False,UP,"{""source"": ""config_backup"", ""method"": ""config_parse"", ""observed_at"": ""2026-05-15T00:00:00+00:00"", ""valid_from"": ""2026-05-15T00:00:00+00:00"", ""valid_to"": null, ""confidence"": 1.0}"
link-126,dev:mx304-07,port:mx304-07:xe-0/1/4,HAS_PORT,10,protected,False,UP,"{""source"": ""config_backup"", ""method"": ""config_parse"", ""observed_at"": ""2026-05-15T00:00:00+00:00"", ""valid_from"": ""2026-05-15T00:00:00+00:00"", ""valid_to"": null, ""confidence"": 1.0}"
link-127,dev:mx304-07,port:mx304-07:xe-0/1/5,HAS_PORT,10,protected,False,UP,"{""source"": ""config_backup"", ""method"": ""config_parse"", ""observed_at"": ""2026-05-15T00:00:00+00:00"", ""valid_from"": ""2026-05-15T00:00:00+00:00"", ""valid_to"": null, ""confidence"": 1.0}"
link-128,dev:mx304-07,port:mx304-07:xe-0/1/6,HAS_PORT,10,protected,False,UP,"{""source"": ""config_backup"", ""method"": ""config_parse"", ""observed_at"": ""2026-05-15T00:00:00+00:00"", ""valid_from"": ""2026-05-15T00:00:00+00:00"", ""valid_to"": null, ""confidence"": 1.0}"
link-129,dev:mx304-07,port:mx304-07:xe-0/1/7,HAS_PORT,10,protected,False,UP,"{""source"": ""config_backup"", ""method"": ""config_parse"", ""observed_at"": ""2026-05-15T00:00:00+00:00"", ""valid_from"": ""2026-05-15T00:00:00+00:00"", ""valid_to"": null, ""confidence"": 1.0}"
link-130,port:mx304-07:et-0/0/0,link:mx304-07:et-0/0/0--mx960-gldt:et-0/0/6,TERMINATES,100,protected,False,UP,"{""link_end"": ""a"", ""source"": ""nms"", ""method"": ""lldp"", ""observed_at"": ""2026-05-15T00:00:00+00:00"", ""valid_from"": ""2026-05-15T00:00:00+00:00"", ""valid_to"": null, ""confidence"": 1.0}"
link-131,port:mx960-gldt:et-0/0/6,link:mx304-07:et-0/0/0--mx960-gldt:et-0/0/6,TERMINATES,100,protected,False,UP,"{""link_end"": ""z"", ""source"": ""nms"", ""method"": ""lldp"", ""observed_at"": ""2026-05-15T00:00:00+00:00"", ""valid_from"": ""2026-05-15T00:00:00+00:00"", ""valid_to"": null, ""confidence"": 1.0}"
link-132,site:03,dev:mx304-08,CONTAINS,10,protected,False,UP,"{""source"": ""inventory_review"", ""method"": ""vendor_export"", ""observed_at"": ""2026-05-15T00:00:00+00:00"", ""valid_from"": ""2026-05-15T00:00:00+00:00"", ""valid_to"": null, ""confidence"": 1.0}"
link-133,dev:mx304-08,sw:junos-23.4R2,RUNS,10,protected,False,UP,"{""source"": ""inventory_review"", ""method"": ""vendor_export"", ""observed_at"": ""2026-05-15T00:00:00+00:00"", ""valid_from"": ""2026-05-15T00:00:00+00:00"", ""valid_to"": null, ""confidence"": 1.0}"
link-134,dev:mx304-08,port:mx304-08:et-0/0/0,HAS_PORT,10,protected,False,UP,"{""source"": ""config_backup"", ""method"": ""config_parse"", ""observed_at"": ""2026-05-15T00:00:00+00:00"", ""valid_from"": ""2026-05-15T00:00:00+00:00"", ""valid_to"": null, ""confidence"": 1.0}"
link-135,dev:mx304-08,port:mx304-08:et-0/0/1,HAS_PORT,10,protected,False,UP,"{""source"": ""config_backup"", ""method"": ""config_parse"", ""observed_at"": ""2026-05-15T00:00:00+00:00"", ""valid_from"": ""2026-05-15T00:00:00+00:00"", ""valid_to"": null, ""confidence"": 1.0}"
link-136,dev:mx304-08,port:mx304-08:et-0/0/2,HAS_PORT,10,protected,False,UP,"{""source"": ""config_backup"", ""method"": ""config_parse"", ""observed_at"": ""2026-05-15T00:00:00+00:00"", ""valid_from"": ""2026-05-15T00:00:00+00:00"", ""valid_to"": null, ""confidence"": 1.0}"
link-137,dev:mx304-08,port:mx304-08:et-0/0/3,HAS_PORT,10,protected,False,UP,"{""source"": ""config_backup"", ""method"": ""config_parse"", ""observed_at"": ""2026-05-15T00:00:00+00:00"", ""valid_from"": ""2026-05-15T00:00:00+00:00"", ""valid_to"": null, ""confidence"": 1.0}"
link-138,dev:mx304-08,port:mx304-08:xe-0/1/0,HAS_PORT,10,protected,False,UP,"{""source"": ""config_backup"", ""method"": ""config_parse"", ""observed_at"": ""2026-05-15T00:00:00+00:00"", ""valid_from"": ""2026-05-15T00:00:00+00:00"", ""valid_to"": null, ""confidence"": 1.0}"
link-139,dev:mx304-08,port:mx304-08:xe-0/1/1,HAS_PORT,10,protected,False,UP,"{""source"": ""config_backup"", ""method"": ""config_parse"", ""observed_at"": ""2026-05-15T00:00:00+00:00"", ""valid_from"": ""2026-05-15T00:00:00+00:00"", ""valid_to"": null, ""confidence"": 1.0}"
link-140,dev:mx304-08,port:mx304-08:xe-0/1/2,HAS_PORT,10,protected,False,UP,"{""source"": ""config_backup"", ""method"": ""config_parse"", ""observed_at"": ""2026-05-15T00:00:00+00:00"", ""valid_from"": ""2026-05-15T00:00:00+00:00"", ""valid_to"": null, ""confidence"": 1.0}"
link-141,dev:mx304-08,port:mx304-08:xe-0/1/3,HAS_PORT,10,protected,False,UP,"{""source"": ""config_backup"", ""method"": ""config_parse"", ""observed_at"": ""2026-05-15T00:00:00+00:00"", ""valid_from"": ""2026-05-15T00:00:00+00:00"", ""valid_to"": null, ""confidence"": 1.0}"
link-142,dev:mx304-08,port:mx304-08:xe-0/1/4,HAS_PORT,10,protected,False,UP,"{""source"": ""config_backup"", ""method"": ""config_parse"", ""observed_at"": ""2026-05-15T00:00:00+00:00"", ""valid_from"": ""2026-05-15T00:00:00+00:00"", ""valid_to"": null, ""confidence"": 1.0}"
link-143,dev:mx304-08,port:mx304-08:xe-0/1/5,HAS_PORT,10,protected,False,UP,"{""source"": ""config_backup"", ""method"": ""config_parse"", ""observed_at"": ""2026-05-15T00:00:00+00:00"", ""valid_from"": ""2026-05-15T00:00:00+00:00"", ""valid_to"": null, ""confidence"": 1.0}"
link-144,dev:mx304-08,port:mx304-08:xe-0/1/6,HAS_PORT,10,protected,False,UP,"{""source"": ""config_backup"", ""method"": ""config_parse"", ""observed_at"": ""2026-05-15T00:00:00+00:00"", ""valid_from"": ""2026-05-15T00:00:00+00:00"", ""valid_to"": null, ""confidence"": 1.0}"
link-145,dev:mx304-08,port:mx304-08:xe-0/1/7,HAS_PORT,10,protected,False,UP,"{""source"": ""config_backup"", ""method"": ""config_parse"", ""observed_at"": ""2026-05-15T00:00:00+00:00"", ""valid_from"": ""2026-05-15T00:00:00+00:00"", ""valid_to"": null, ""confidence"": 1.0}"
link-146,port:mx304-08:et-0/0/0,link:mx304-08:et-0/0/0--mx960-gldt:et-0/0/7,TERMINATES,100,protected,False,UP,"{""link_end"": ""a"", ""source"": ""nms"", ""method"": ""lldp"", ""observed_at"": ""2026-05-15T00:00:00+00:00"", ""valid_from"": ""2026-05-15T00:00:00+00:00"", ""valid_to"": null, ""confidence"": 1.0}"
link-147,port:mx960-gldt:et-0/0/7,link:mx304-08:et-0/0/0--mx960-gldt:et-0/0/7,TERMINATES,100,protected,False,UP,"{""link_end"": ""z"", ""source"": ""nms"", ""method"": ""lldp"", ""observed_at"": ""2026-05-15T00:00:00+00:00"", ""valid_from"": ""2026-05-15T00:00:00+00:00"", ""valid_to"": null, ""confidence"": 1.0}"
link-148,site:04,dev:mx304-09,CONTAINS,10,protected,False,UP,"{""source"": ""inventory_review"", ""method"": ""vendor_export"", ""observed_at"": ""2026-05-15T00:00:00+00:00"", ""valid_from"": ""2026-05-15T00:00:00+00:00"", ""valid_to"": null, ""confidence"": 1.0}"
link-149,dev:mx304-09,sw:junos-23.4R2,RUNS,10,protected,False,UP,"{""source"": ""inventory_review"", ""method"": ""vendor_export"", ""observed_at"": ""2026-05-15T00:00:00+00:00"", ""valid_from"": ""2026-05-15T00:00:00+00:00"", ""valid_to"": null, ""confidence"": 1.0}"
link-150,dev:mx304-09,port:mx304-09:et-0/0/0,HAS_PORT,10,protected,False,UP,"{""source"": ""config_backup"", ""method"": ""config_parse"", ""observed_at"": ""2026-05-15T00:00:00+00:00"", ""valid_from"": ""2026-05-15T00:00:00+00:00"", ""valid_to"": null, ""confidence"": 1.0}"
link-151,dev:mx304-09,port:mx304-09:et-0/0/1,HAS_PORT,10,protected,False,UP,"{""source"": ""config_backup"", ""method"": ""config_parse"", ""observed_at"": ""2026-05-15T00:00:00+00:00"", ""valid_from"": ""2026-05-15T00:00:00+00:00"", ""valid_to"": null, ""confidence"": 1.0}"
link-152,dev:mx304-09,port:mx304-09:et-0/0/2,HAS_PORT,10,protected,False,UP,"{""source"": ""config_backup"", ""method"": ""config_parse"", ""observed_at"": ""2026-05-15T00:00:00+00:00"", ""valid_from"": ""2026-05-15T00:00:00+00:00"", ""valid_to"": null, ""confidence"": 1.0}"
link-153,dev:mx304-09,port:mx304-09:et-0/0/3,HAS_PORT,10,protected,False,UP,"{""source"": ""config_backup"", ""method"": ""config_parse"", ""observed_at"": ""2026-05-15T00:00:00+00:00"", ""valid_from"": ""2026-05-15T00:00:00+00:00"", ""valid_to"": null, ""confidence"": 1.0}"
link-154,dev:mx304-09,port:mx304-09:xe-0/1/0,HAS_PORT,10,protected,False,UP,"{""source"": ""config_backup"", ""method"": ""config_parse"", ""observed_at"": ""2026-05-15T00:00:00+00:00"", ""valid_from"": ""2026-05-15T00:00:00+00:00"", ""valid_to"": null, ""confidence"": 1.0}"
link-155,dev:mx304-09,port:mx304-09:xe-0/1/1,HAS_PORT,10,protected,False,UP,"{""source"": ""config_backup"", ""method"": ""config_parse"", ""observed_at"": ""2026-05-15T00:00:00+00:00"", ""valid_from"": ""2026-05-15T00:00:00+00:00"", ""valid_to"": null, ""confidence"": 1.0}"
link-156,dev:mx304-09,port:mx304-09:xe-0/1/2,HAS_PORT,10,protected,False,UP,"{""source"": ""config_backup"", ""method"": ""config_parse"", ""observed_at"": ""2026-05-15T00:00:00+00:00"", ""valid_from"": ""2026-05-15T00:00:00+00:00"", ""valid_to"": null, ""confidence"": 1.0}"
link-157,dev:mx304-09,port:mx304-09:xe-0/1/3,HAS_PORT,10,protected,False,UP,"{""source"": ""config_backup"", ""method"": ""config_parse"", ""observed_at"": ""2026-05-15T00:00:00+00:00"", ""valid_from"": ""2026-05-15T00:00:00+00:00"", ""valid_to"": null, ""confidence"": 1.0}"
link-158,dev:mx304-09,port:mx304-09:xe-0/1/4,HAS_PORT,10,protected,False,UP,"{""source"": ""config_backup"", ""method"": ""config_parse"", ""observed_at"": ""2026-05-15T00:00:00+00:00"", ""valid_from"": ""2026-05-15T00:00:00+00:00"", ""valid_to"": null, ""confidence"": 1.0}"
link-159,dev:mx304-09,port:mx304-09:xe-0/1/5,HAS_PORT,10,protected,False,UP,"{""source"": ""config_backup"", ""method"": ""config_parse"", ""observed_at"": ""2026-05-15T00:00:00+00:00"", ""valid_from"": ""2026-05-15T00:00:00+00:00"", ""valid_to"": null, ""confidence"": 1.0}"
link-160,dev:mx304-09,port:mx304-09:xe-0/1/6,HAS_PORT,10,protected,False,UP,"{""source"": ""config_backup"", ""method"": ""config_parse"", ""observed_at"": ""2026-05-15T00:00:00+00:00"", ""valid_from"": ""2026-05-15T00:00:00+00:00"", ""valid_to"": null, ""confidence"": 1.0}"
link-161,dev:mx304-09,port:mx304-09:xe-0/1/7,HAS_PORT,10,protected,False,UP,"{""source"": ""config_backup"", ""method"": ""config_parse"", ""observed_at"": ""2026-05-15T00:00:00+00:00"", ""valid_from"": ""2026-05-15T00:00:00+00:00"", ""valid_to"": null, ""confidence"": 1.0}"
link-162,port:mx304-09:et-0/0/0,link:mx304-09:et-0/0/0--mx960-gldt:et-0/0/8,TERMINATES,100,protected,False,UP,"{""link_end"": ""a"", ""source"": ""nms"", ""method"": ""lldp"", ""observed_at"": ""2026-05-15T00:00:00+00:00"", ""valid_from"": ""2026-05-15T00:00:00+00:00"", ""valid_to"": null, ""confidence"": 1.0}"
link-163,port:mx960-gldt:et-0/0/8,link:mx304-09:et-0/0/0--mx960-gldt:et-0/0/8,TERMINATES,100,protected,False,UP,"{""link_end"": ""z"", ""source"": ""nms"", ""method"": ""lldp"", ""observed_at"": ""2026-05-15T00:00:00+00:00"", ""valid_from"": ""2026-05-15T00:00:00+00:00"", ""valid_to"": null, ""confidence"": 1.0}"
link-164,chg:sang-downgrade,dev:mx304-sang,TARGETS,10,unprotected,True,UP,"{""source"": ""change_record"", ""method"": ""vendor_export"", ""observed_at"": ""2026-05-15T00:00:00+00:00"", ""valid_from"": ""2026-05-15T00:00:00+00:00"", ""valid_to"": null, ""confidence"": 1.0}"
link-165,chg:sang-downgrade,def:evpn-qinq,MOTIVATED_BY,10,unprotected,True,UP,"{""source"": ""change_record"", ""method"": ""vendor_export"", ""observed_at"": ""2026-05-15T00:00:00+00:00"", ""valid_from"": ""2026-05-15T00:00:00+00:00"", ""valid_to"": null, ""confidence"": 1.0}"
link-166,chg:acx-234-attempt,def:acx-234-locker,MOTIVATED_BY,10,protected,False,UP,"{""source"": ""change_record"", ""method"": ""vendor_export"", ""observed_at"": ""2026-05-15T00:00:00+00:00"", ""valid_from"": ""2026-05-15T00:00:00+00:00"", ""valid_to"": null, ""confidence"": 1.0}"
link-167,site:gldt,dev:acx-gldt-a,CONTAINS,10,protected,False,UP,"{""source"": ""inventory_review"", ""method"": ""vendor_export"", ""observed_at"": ""2026-05-15T00:00:00+00:00"", ""valid_from"": ""2026-05-15T00:00:00+00:00"", ""valid_to"": null, ""confidence"": 1.0}"
link-168,dev:acx-gldt-a,sw:junos-21.4R3,RUNS,10,protected,False,UP,"{""source"": ""inventory_review"", ""method"": ""vendor_export"", ""observed_at"": ""2026-05-15T00:00:00+00:00"", ""valid_from"": ""2026-05-15T00:00:00+00:00"", ""valid_to"": null, ""confidence"": 1.0}"
link-169,dev:acx-gldt-a,port:acx-gldt-a:et-0/0/0,HAS_PORT,10,protected,False,UP,"{""source"": ""config_backup"", ""method"": ""config_parse"", ""observed_at"": ""2026-05-15T00:00:00+00:00"", ""valid_from"": ""2026-05-15T00:00:00+00:00"", ""valid_to"": null, ""confidence"": 1.0}"
link-170,dev:acx-gldt-a,port:acx-gldt-a:et-0/0/1,HAS_PORT,10,protected,False,UP,"{""source"": ""config_backup"", ""method"": ""config_parse"", ""observed_at"": ""2026-05-15T00:00:00+00:00"", ""valid_from"": ""2026-05-15T00:00:00+00:00"", ""valid_to"": null, ""confidence"": 1.0}"
link-171,dev:acx-gldt-a,port:acx-gldt-a:xe-0/0/0,HAS_PORT,10,protected,False,UP,"{""source"": ""config_backup"", ""method"": ""config_parse"", ""observed_at"": ""2026-05-15T00:00:00+00:00"", ""valid_from"": ""2026-05-15T00:00:00+00:00"", ""valid_to"": null, ""confidence"": 1.0}"
link-172,dev:acx-gldt-a,port:acx-gldt-a:xe-0/0/1,HAS_PORT,10,protected,False,UP,"{""source"": ""config_backup"", ""method"": ""config_parse"", ""observed_at"": ""2026-05-15T00:00:00+00:00"", ""valid_from"": ""2026-05-15T00:00:00+00:00"", ""valid_to"": null, ""confidence"": 1.0}"
link-173,dev:acx-gldt-a,port:acx-gldt-a:xe-0/0/2,HAS_PORT,10,protected,False,UP,"{""source"": ""config_backup"", ""method"": ""config_parse"", ""observed_at"": ""2026-05-15T00:00:00+00:00"", ""valid_from"": ""2026-05-15T00:00:00+00:00"", ""valid_to"": null, ""confidence"": 1.0}"
link-174,dev:acx-gldt-a,port:acx-gldt-a:xe-0/0/3,HAS_PORT,10,protected,False,UP,"{""source"": ""config_backup"", ""method"": ""config_parse"", ""observed_at"": ""2026-05-15T00:00:00+00:00"", ""valid_from"": ""2026-05-15T00:00:00+00:00"", ""valid_to"": null, ""confidence"": 1.0}"
link-175,port:acx-gldt-a:et-0/0/0,link:acx-gldt-a:et-0/0/0--mx304-sang:xe-0/1/1,TERMINATES,100,unprotected,False,UP,"{""link_end"": ""a"", ""source"": ""nms"", ""method"": ""lldp"", ""observed_at"": ""2026-05-15T00:00:00+00:00"", ""valid_from"": ""2026-05-15T00:00:00+00:00"", ""valid_to"": null, ""confidence"": 1.0}"
link-176,port:mx304-sang:xe-0/1/1,link:acx-gldt-a:et-0/0/0--mx304-sang:xe-0/1/1,TERMINATES,10,unprotected,True,UP,"{""link_end"": ""z"", ""source"": ""nms"", ""method"": ""lldp"", ""observed_at"": ""2026-05-15T00:00:00+00:00"", ""valid_from"": ""2026-05-15T00:00:00+00:00"", ""valid_to"": null, ""confidence"": 1.0}"
link-177,chg:acx-234-attempt,dev:acx-gldt-a,TARGETS,10,protected,False,UP,"{""source"": ""change_record"", ""method"": ""vendor_export"", ""observed_at"": ""2026-05-15T00:00:00+00:00"", ""valid_from"": ""2026-05-15T00:00:00+00:00"", ""valid_to"": null, ""confidence"": 1.0}"
link-178,site:sang,dev:acx-sang-a,CONTAINS,10,unprotected,True,UP,"{""source"": ""inventory_review"", ""method"": ""vendor_export"", ""observed_at"": ""2026-05-15T00:00:00+00:00"", ""valid_from"": ""2026-05-15T00:00:00+00:00"", ""valid_to"": null, ""confidence"": 1.0}"
link-179,dev:acx-sang-a,sw:junos-21.4R3,RUNS,10,unprotected,True,UP,"{""source"": ""inventory_review"", ""method"": ""vendor_export"", ""observed_at"": ""2026-05-15T00:00:00+00:00"", ""valid_from"": ""2026-05-15T00:00:00+00:00"", ""valid_to"": null, ""confidence"": 1.0}"
link-180,dev:acx-sang-a,port:acx-sang-a:et-0/0/0,HAS_PORT,10,unprotected,True,UP,"{""source"": ""config_backup"", ""method"": ""config_parse"", ""observed_at"": ""2026-05-15T00:00:00+00:00"", ""valid_from"": ""2026-05-15T00:00:00+00:00"", ""valid_to"": null, ""confidence"": 1.0}"
link-181,dev:acx-sang-a,port:acx-sang-a:et-0/0/1,HAS_PORT,10,unprotected,True,UP,"{""source"": ""config_backup"", ""method"": ""config_parse"", ""observed_at"": ""2026-05-15T00:00:00+00:00"", ""valid_from"": ""2026-05-15T00:00:00+00:00"", ""valid_to"": null, ""confidence"": 1.0}"
link-182,dev:acx-sang-a,port:acx-sang-a:xe-0/0/0,HAS_PORT,10,unprotected,True,UP,"{""source"": ""config_backup"", ""method"": ""config_parse"", ""observed_at"": ""2026-05-15T00:00:00+00:00"", ""valid_from"": ""2026-05-15T00:00:00+00:00"", ""valid_to"": null, ""confidence"": 1.0}"
link-183,dev:acx-sang-a,port:acx-sang-a:xe-0/0/1,HAS_PORT,10,unprotected,True,UP,"{""source"": ""config_backup"", ""method"": ""config_parse"", ""observed_at"": ""2026-05-15T00:00:00+00:00"", ""valid_from"": ""2026-05-15T00:00:00+00:00"", ""valid_to"": null, ""confidence"": 1.0}"
link-184,dev:acx-sang-a,port:acx-sang-a:xe-0/0/2,HAS_PORT,10,unprotected,True,UP,"{""source"": ""config_backup"", ""method"": ""config_parse"", ""observed_at"": ""2026-05-15T00:00:00+00:00"", ""valid_from"": ""2026-05-15T00:00:00+00:00"", ""valid_to"": null, ""confidence"": 1.0}"
link-185,dev:acx-sang-a,port:acx-sang-a:xe-0/0/3,HAS_PORT,10,unprotected,True,UP,"{""source"": ""config_backup"", ""method"": ""config_parse"", ""observed_at"": ""2026-05-15T00:00:00+00:00"", ""valid_from"": ""2026-05-15T00:00:00+00:00"", ""valid_to"": null, ""confidence"": 1.0}"
link-186,port:acx-sang-a:et-0/0/0,link:acx-sang-a:et-0/0/0--mx304-sang:xe-0/1/2,TERMINATES,100,unprotected,True,UP,"{""link_end"": ""a"", ""source"": ""nms"", ""method"": ""lldp"", ""observed_at"": ""2026-05-15T00:00:00+00:00"", ""valid_from"": ""2026-05-15T00:00:00+00:00"", ""valid_to"": null, ""confidence"": 1.0}"
link-187,port:mx304-sang:xe-0/1/2,link:acx-sang-a:et-0/0/0--mx304-sang:xe-0/1/2,TERMINATES,10,unprotected,True,UP,"{""link_end"": ""z"", ""source"": ""nms"", ""method"": ""lldp"", ""observed_at"": ""2026-05-15T00:00:00+00:00"", ""valid_from"": ""2026-05-15T00:00:00+00:00"", ""valid_to"": null, ""confidence"": 1.0}"
link-188,chg:acx-234-attempt,dev:acx-sang-a,TARGETS,10,unprotected,False,UP,"{""source"": ""change_record"", ""method"": ""vendor_export"", ""observed_at"": ""2026-05-15T00:00:00+00:00"", ""valid_from"": ""2026-05-15T00:00:00+00:00"", ""valid_to"": null, ""confidence"": 1.0}"
link-189,site:06,dev:acx-03,CONTAINS,10,protected,False,UP,"{""source"": ""inventory_review"", ""method"": ""vendor_export"", ""observed_at"": ""2026-05-15T00:00:00+00:00"", ""valid_from"": ""2026-05-15T00:00:00+00:00"", ""valid_to"": null, ""confidence"": 1.0}"
link-190,dev:acx-03,sw:junos-22.4R3-S7.5,RUNS,10,protected,False,UP,"{""source"": ""inventory_review"", ""method"": ""vendor_export"", ""observed_at"": ""2026-05-15T00:00:00+00:00"", ""valid_from"": ""2026-05-15T00:00:00+00:00"", ""valid_to"": null, ""confidence"": 1.0}"
link-191,dev:acx-03,port:acx-03:et-0/0/0,HAS_PORT,10,protected,False,UP,"{""source"": ""config_backup"", ""method"": ""config_parse"", ""observed_at"": ""2026-05-15T00:00:00+00:00"", ""valid_from"": ""2026-05-15T00:00:00+00:00"", ""valid_to"": null, ""confidence"": 1.0}"
link-192,dev:acx-03,port:acx-03:et-0/0/1,HAS_PORT,10,protected,False,UP,"{""source"": ""config_backup"", ""method"": ""config_parse"", ""observed_at"": ""2026-05-15T00:00:00+00:00"", ""valid_from"": ""2026-05-15T00:00:00+00:00"", ""valid_to"": null, ""confidence"": 1.0}"
link-193,dev:acx-03,port:acx-03:xe-0/0/0,HAS_PORT,10,protected,False,UP,"{""source"": ""config_backup"", ""method"": ""config_parse"", ""observed_at"": ""2026-05-15T00:00:00+00:00"", ""valid_from"": ""2026-05-15T00:00:00+00:00"", ""valid_to"": null, ""confidence"": 1.0}"
link-194,dev:acx-03,port:acx-03:xe-0/0/1,HAS_PORT,10,protected,False,UP,"{""source"": ""config_backup"", ""method"": ""config_parse"", ""observed_at"": ""2026-05-15T00:00:00+00:00"", ""valid_from"": ""2026-05-15T00:00:00+00:00"", ""valid_to"": null, ""confidence"": 1.0}"
link-195,dev:acx-03,port:acx-03:xe-0/0/2,HAS_PORT,10,protected,False,UP,"{""source"": ""config_backup"", ""method"": ""config_parse"", ""observed_at"": ""2026-05-15T00:00:00+00:00"", ""valid_from"": ""2026-05-15T00:00:00+00:00"", ""valid_to"": null, ""confidence"": 1.0}"
link-196,dev:acx-03,port:acx-03:xe-0/0/3,HAS_PORT,10,protected,False,UP,"{""source"": ""config_backup"", ""method"": ""config_parse"", ""observed_at"": ""2026-05-15T00:00:00+00:00"", ""valid_from"": ""2026-05-15T00:00:00+00:00"", ""valid_to"": null, ""confidence"": 1.0}"
link-197,port:acx-03:et-0/0/0,link:acx-03:et-0/0/0--mx304-03:xe-0/1/3,TERMINATES,100,protected,False,UP,"{""link_end"": ""a"", ""source"": ""nms"", ""method"": ""lldp"", ""observed_at"": ""2026-05-15T00:00:00+00:00"", ""valid_from"": ""2026-05-15T00:00:00+00:00"", ""valid_to"": null, ""confidence"": 1.0}"
link-198,port:mx304-03:xe-0/1/3,link:acx-03:et-0/0/0--mx304-03:xe-0/1/3,TERMINATES,10,protected,False,UP,"{""link_end"": ""z"", ""source"": ""nms"", ""method"": ""lldp"", ""observed_at"": ""2026-05-15T00:00:00+00:00"", ""valid_from"": ""2026-05-15T00:00:00+00:00"", ""valid_to"": null, ""confidence"": 1.0}"
link-199,chg:acx-234-attempt,dev:acx-03,TARGETS,10,protected,False,UP,"{""source"": ""change_record"", ""method"": ""vendor_export"", ""observed_at"": ""2026-05-15T00:00:00+00:00"", ""valid_from"": ""2026-05-15T00:00:00+00:00"", ""valid_to"": null, ""confidence"": 1.0}"
link-200,site:07,dev:acx-04,CONTAINS,10,protected,False,UP,"{""source"": ""inventory_review"", ""method"": ""vendor_export"", ""observed_at"": ""2026-05-15T00:00:00+00:00"", ""valid_from"": ""2026-05-15T00:00:00+00:00"", ""valid_to"": null, ""confidence"": 1.0}"
link-201,dev:acx-04,sw:junos-22.4R3-S7.5,RUNS,10,protected,False,UP,"{""source"": ""inventory_review"", ""method"": ""vendor_export"", ""observed_at"": ""2026-05-15T00:00:00+00:00"", ""valid_from"": ""2026-05-15T00:00:00+00:00"", ""valid_to"": null, ""confidence"": 1.0}"
link-202,dev:acx-04,port:acx-04:et-0/0/0,HAS_PORT,10,protected,False,UP,"{""source"": ""config_backup"", ""method"": ""config_parse"", ""observed_at"": ""2026-05-15T00:00:00+00:00"", ""valid_from"": ""2026-05-15T00:00:00+00:00"", ""valid_to"": null, ""confidence"": 1.0}"
link-203,dev:acx-04,port:acx-04:et-0/0/1,HAS_PORT,10,protected,False,UP,"{""source"": ""config_backup"", ""method"": ""config_parse"", ""observed_at"": ""2026-05-15T00:00:00+00:00"", ""valid_from"": ""2026-05-15T00:00:00+00:00"", ""valid_to"": null, ""confidence"": 1.0}"
link-204,dev:acx-04,port:acx-04:xe-0/0/0,HAS_PORT,10,protected,False,UP,"{""source"": ""config_backup"", ""method"": ""config_parse"", ""observed_at"": ""2026-05-15T00:00:00+00:00"", ""valid_from"": ""2026-05-15T00:00:00+00:00"", ""valid_to"": null, ""confidence"": 1.0}"
link-205,dev:acx-04,port:acx-04:xe-0/0/1,HAS_PORT,10,protected,False,UP,"{""source"": ""config_backup"", ""method"": ""config_parse"", ""observed_at"": ""2026-05-15T00:00:00+00:00"", ""valid_from"": ""2026-05-15T00:00:00+00:00"", ""valid_to"": null, ""confidence"": 1.0}"
link-206,dev:acx-04,port:acx-04:xe-0/0/2,HAS_PORT,10,protected,False,UP,"{""source"": ""config_backup"", ""method"": ""config_parse"", ""observed_at"": ""2026-05-15T00:00:00+00:00"", ""valid_from"": ""2026-05-15T00:00:00+00:00"", ""valid_to"": null, ""confidence"": 1.0}"
link-207,dev:acx-04,port:acx-04:xe-0/0/3,HAS_PORT,10,protected,False,UP,"{""source"": ""config_backup"", ""method"": ""config_parse"", ""observed_at"": ""2026-05-15T00:00:00+00:00"", ""valid_from"": ""2026-05-15T00:00:00+00:00"", ""valid_to"": null, ""confidence"": 1.0}"
link-208,port:acx-04:et-0/0/0,link:acx-04:et-0/0/0--mx304-04:xe-0/1/4,TERMINATES,100,protected,False,UP,"{""link_end"": ""a"", ""source"": ""nms"", ""method"": ""lldp"", ""observed_at"": ""2026-05-15T00:00:00+00:00"", ""valid_from"": ""2026-05-15T00:00:00+00:00"", ""valid_to"": null, ""confidence"": 1.0}"
link-209,port:mx304-04:xe-0/1/4,link:acx-04:et-0/0/0--mx304-04:xe-0/1/4,TERMINATES,10,protected,False,UP,"{""link_end"": ""z"", ""source"": ""nms"", ""method"": ""lldp"", ""observed_at"": ""2026-05-15T00:00:00+00:00"", ""valid_from"": ""2026-05-15T00:00:00+00:00"", ""valid_to"": null, ""confidence"": 1.0}"
link-210,chg:acx-234-attempt,dev:acx-04,TARGETS,10,protected,False,UP,"{""source"": ""change_record"", ""method"": ""vendor_export"", ""observed_at"": ""2026-05-15T00:00:00+00:00"", ""valid_from"": ""2026-05-15T00:00:00+00:00"", ""valid_to"": null, ""confidence"": 1.0}"
link-211,site:08,dev:acx-05,CONTAINS,10,protected,False,UP,"{""source"": ""inventory_review"", ""method"": ""vendor_export"", ""observed_at"": ""2026-05-15T00:00:00+00:00"", ""valid_from"": ""2026-05-15T00:00:00+00:00"", ""valid_to"": null, ""confidence"": 1.0}"
link-212,dev:acx-05,sw:junos-22.4R3-S7.5,RUNS,10,protected,False,UP,"{""source"": ""inventory_review"", ""method"": ""vendor_export"", ""observed_at"": ""2026-05-15T00:00:00+00:00"", ""valid_from"": ""2026-05-15T00:00:00+00:00"", ""valid_to"": null, ""confidence"": 1.0}"
link-213,dev:acx-05,port:acx-05:et-0/0/0,HAS_PORT,10,protected,False,UP,"{""source"": ""config_backup"", ""method"": ""config_parse"", ""observed_at"": ""2026-05-15T00:00:00+00:00"", ""valid_from"": ""2026-05-15T00:00:00+00:00"", ""valid_to"": null, ""confidence"": 1.0}"
link-214,dev:acx-05,port:acx-05:et-0/0/1,HAS_PORT,10,protected,False,UP,"{""source"": ""config_backup"", ""method"": ""config_parse"", ""observed_at"": ""2026-05-15T00:00:00+00:00"", ""valid_from"": ""2026-05-15T00:00:00+00:00"", ""valid_to"": null, ""confidence"": 1.0}"
link-215,dev:acx-05,port:acx-05:xe-0/0/0,HAS_PORT,10,protected,False,UP,"{""source"": ""config_backup"", ""method"": ""config_parse"", ""observed_at"": ""2026-05-15T00:00:00+00:00"", ""valid_from"": ""2026-05-15T00:00:00+00:00"", ""valid_to"": null, ""confidence"": 1.0}"
link-216,dev:acx-05,port:acx-05:xe-0/0/1,HAS_PORT,10,protected,False,UP,"{""source"": ""config_backup"", ""method"": ""config_parse"", ""observed_at"": ""2026-05-15T00:00:00+00:00"", ""valid_from"": ""2026-05-15T00:00:00+00:00"", ""valid_to"": null, ""confidence"": 1.0}"
link-217,dev:acx-05,port:acx-05:xe-0/0/2,HAS_PORT,10,protected,False,UP,"{""source"": ""config_backup"", ""method"": ""config_parse"", ""observed_at"": ""2026-05-15T00:00:00+00:00"", ""valid_from"": ""2026-05-15T00:00:00+00:00"", ""valid_to"": null, ""confidence"": 1.0}"
link-218,dev:acx-05,port:acx-05:xe-0/0/3,HAS_PORT,10,protected,False,UP,"{""source"": ""config_backup"", ""method"": ""config_parse"", ""observed_at"": ""2026-05-15T00:00:00+00:00"", ""valid_from"": ""2026-05-15T00:00:00+00:00"", ""valid_to"": null, ""confidence"": 1.0}"
link-219,port:acx-05:et-0/0/0,link:acx-05:et-0/0/0--mx304-05:xe-0/1/5,TERMINATES,100,protected,False,UP,"{""link_end"": ""a"", ""source"": ""nms"", ""method"": ""lldp"", ""observed_at"": ""2026-05-15T00:00:00+00:00"", ""valid_from"": ""2026-05-15T00:00:00+00:00"", ""valid_to"": null, ""confidence"": 1.0}"
link-220,port:mx304-05:xe-0/1/5,link:acx-05:et-0/0/0--mx304-05:xe-0/1/5,TERMINATES,10,protected,False,UP,"{""link_end"": ""z"", ""source"": ""nms"", ""method"": ""lldp"", ""observed_at"": ""2026-05-15T00:00:00+00:00"", ""valid_from"": ""2026-05-15T00:00:00+00:00"", ""valid_to"": null, ""confidence"": 1.0}"
link-221,chg:acx-234-attempt,dev:acx-05,TARGETS,10,protected,False,UP,"{""source"": ""change_record"", ""method"": ""vendor_export"", ""observed_at"": ""2026-05-15T00:00:00+00:00"", ""valid_from"": ""2026-05-15T00:00:00+00:00"", ""valid_to"": null, ""confidence"": 1.0}"
link-222,site:09,dev:acx-06,CONTAINS,10,protected,False,UP,"{""source"": ""inventory_review"", ""method"": ""vendor_export"", ""observed_at"": ""2026-05-15T00:00:00+00:00"", ""valid_from"": ""2026-05-15T00:00:00+00:00"", ""valid_to"": null, ""confidence"": 1.0}"
link-223,dev:acx-06,sw:junos-22.4R3-S7.5,RUNS,10,protected,False,UP,"{""source"": ""inventory_review"", ""method"": ""vendor_export"", ""observed_at"": ""2026-05-15T00:00:00+00:00"", ""valid_from"": ""2026-05-15T00:00:00+00:00"", ""valid_to"": null, ""confidence"": 1.0}"
link-224,dev:acx-06,port:acx-06:et-0/0/0,HAS_PORT,10,protected,False,UP,"{""source"": ""config_backup"", ""method"": ""config_parse"", ""observed_at"": ""2026-05-15T00:00:00+00:00"", ""valid_from"": ""2026-05-15T00:00:00+00:00"", ""valid_to"": null, ""confidence"": 1.0}"
link-225,dev:acx-06,port:acx-06:et-0/0/1,HAS_PORT,10,protected,False,UP,"{""source"": ""config_backup"", ""method"": ""config_parse"", ""observed_at"": ""2026-05-15T00:00:00+00:00"", ""valid_from"": ""2026-05-15T00:00:00+00:00"", ""valid_to"": null, ""confidence"": 1.0}"
link-226,dev:acx-06,port:acx-06:xe-0/0/0,HAS_PORT,10,protected,False,UP,"{""source"": ""config_backup"", ""method"": ""config_parse"", ""observed_at"": ""2026-05-15T00:00:00+00:00"", ""valid_from"": ""2026-05-15T00:00:00+00:00"", ""valid_to"": null, ""confidence"": 1.0}"
link-227,dev:acx-06,port:acx-06:xe-0/0/1,HAS_PORT,10,protected,False,UP,"{""source"": ""config_backup"", ""method"": ""config_parse"", ""observed_at"": ""2026-05-15T00:00:00+00:00"", ""valid_from"": ""2026-05-15T00:00:00+00:00"", ""valid_to"": null, ""confidence"": 1.0}"
link-228,dev:acx-06,port:acx-06:xe-0/0/2,HAS_PORT,10,protected,False,UP,"{""source"": ""config_backup"", ""method"": ""config_parse"", ""observed_at"": ""2026-05-15T00:00:00+00:00"", ""valid_from"": ""2026-05-15T00:00:00+00:00"", ""valid_to"": null, ""confidence"": 1.0}"
link-229,dev:acx-06,port:acx-06:xe-0/0/3,HAS_PORT,10,protected,False,UP,"{""source"": ""config_backup"", ""method"": ""config_parse"", ""observed_at"": ""2026-05-15T00:00:00+00:00"", ""valid_from"": ""2026-05-15T00:00:00+00:00"", ""valid_to"": null, ""confidence"": 1.0}"
link-230,port:acx-06:et-0/0/0,link:acx-06:et-0/0/0--mx304-06:xe-0/1/6,TERMINATES,100,protected,False,UP,"{""link_end"": ""a"", ""source"": ""nms"", ""method"": ""lldp"", ""observed_at"": ""2026-05-15T00:00:00+00:00"", ""valid_from"": ""2026-05-15T00:00:00+00:00"", ""valid_to"": null, ""confidence"": 1.0}"
link-231,port:mx304-06:xe-0/1/6,link:acx-06:et-0/0/0--mx304-06:xe-0/1/6,TERMINATES,10,protected,False,UP,"{""link_end"": ""z"", ""source"": ""nms"", ""method"": ""lldp"", ""observed_at"": ""2026-05-15T00:00:00+00:00"", ""valid_from"": ""2026-05-15T00:00:00+00:00"", ""valid_to"": null, ""confidence"": 1.0}"
link-232,chg:acx-234-attempt,dev:acx-06,TARGETS,10,protected,False,UP,"{""source"": ""change_record"", ""method"": ""vendor_export"", ""observed_at"": ""2026-05-15T00:00:00+00:00"", ""valid_from"": ""2026-05-15T00:00:00+00:00"", ""valid_to"": null, ""confidence"": 1.0}"
link-233,site:10,dev:acx-07,CONTAINS,10,protected,False,UP,"{""source"": ""inventory_review"", ""method"": ""vendor_export"", ""observed_at"": ""2026-05-15T00:00:00+00:00"", ""valid_from"": ""2026-05-15T00:00:00+00:00"", ""valid_to"": null, ""confidence"": 1.0}"
link-234,dev:acx-07,sw:junos-22.4R3-S7.5,RUNS,10,protected,False,UP,"{""source"": ""inventory_review"", ""method"": ""vendor_export"", ""observed_at"": ""2026-05-15T00:00:00+00:00"", ""valid_from"": ""2026-05-15T00:00:00+00:00"", ""valid_to"": null, ""confidence"": 1.0}"
link-235,dev:acx-07,port:acx-07:et-0/0/0,HAS_PORT,10,protected,False,UP,"{""source"": ""config_backup"", ""method"": ""config_parse"", ""observed_at"": ""2026-05-15T00:00:00+00:00"", ""valid_from"": ""2026-05-15T00:00:00+00:00"", ""valid_to"": null, ""confidence"": 1.0}"
link-236,dev:acx-07,port:acx-07:et-0/0/1,HAS_PORT,10,protected,False,UP,"{""source"": ""config_backup"", ""method"": ""config_parse"", ""observed_at"": ""2026-05-15T00:00:00+00:00"", ""valid_from"": ""2026-05-15T00:00:00+00:00"", ""valid_to"": null, ""confidence"": 1.0}"
link-237,dev:acx-07,port:acx-07:xe-0/0/0,HAS_PORT,10,protected,False,UP,"{""source"": ""config_backup"", ""method"": ""config_parse"", ""observed_at"": ""2026-05-15T00:00:00+00:00"", ""valid_from"": ""2026-05-15T00:00:00+00:00"", ""valid_to"": null, ""confidence"": 1.0}"
link-238,dev:acx-07,port:acx-07:xe-0/0/1,HAS_PORT,10,protected,False,UP,"{""source"": ""config_backup"", ""method"": ""config_parse"", ""observed_at"": ""2026-05-15T00:00:00+00:00"", ""valid_from"": ""2026-05-15T00:00:00+00:00"", ""valid_to"": null, ""confidence"": 1.0}"
link-239,dev:acx-07,port:acx-07:xe-0/0/2,HAS_PORT,10,protected,False,UP,"{""source"": ""config_backup"", ""method"": ""config_parse"", ""observed_at"": ""2026-05-15T00:00:00+00:00"", ""valid_from"": ""2026-05-15T00:00:00+00:00"", ""valid_to"": null, ""confidence"": 1.0}"
link-240,dev:acx-07,port:acx-07:xe-0/0/3,HAS_PORT,10,protected,False,UP,"{""source"": ""config_backup"", ""method"": ""config_parse"", ""observed_at"": ""2026-05-15T00:00:00+00:00"", ""valid_from"": ""2026-05-15T00:00:00+00:00"", ""valid_to"": null, ""confidence"": 1.0}"
link-241,port:acx-07:et-0/0/0,link:acx-07:et-0/0/0--mx304-07:xe-0/1/7,TERMINATES,100,protected,False,UP,"{""link_end"": ""a"", ""source"": ""nms"", ""method"": ""lldp"", ""observed_at"": ""2026-05-15T00:00:00+00:00"", ""valid_from"": ""2026-05-15T00:00:00+00:00"", ""valid_to"": null, ""confidence"": 1.0}"
link-242,port:mx304-07:xe-0/1/7,link:acx-07:et-0/0/0--mx304-07:xe-0/1/7,TERMINATES,10,protected,False,UP,"{""link_end"": ""z"", ""source"": ""nms"", ""method"": ""lldp"", ""observed_at"": ""2026-05-15T00:00:00+00:00"", ""valid_from"": ""2026-05-15T00:00:00+00:00"", ""valid_to"": null, ""confidence"": 1.0}"
link-243,chg:acx-234-attempt,dev:acx-07,TARGETS,10,protected,False,UP,"{""source"": ""change_record"", ""method"": ""vendor_export"", ""observed_at"": ""2026-05-15T00:00:00+00:00"", ""valid_from"": ""2026-05-15T00:00:00+00:00"", ""valid_to"": null, ""confidence"": 1.0}"
link-244,site:03,dev:acx-08,CONTAINS,10,protected,False,UP,"{""source"": ""inventory_review"", ""method"": ""vendor_export"", ""observed_at"": ""2026-05-15T00:00:00+00:00"", ""valid_from"": ""2026-05-15T00:00:00+00:00"", ""valid_to"": null, ""confidence"": 1.0}"
link-245,dev:acx-08,sw:junos-22.4R3-S7.5,RUNS,10,protected,False,UP,"{""source"": ""inventory_review"", ""method"": ""vendor_export"", ""observed_at"": ""2026-05-15T00:00:00+00:00"", ""valid_from"": ""2026-05-15T00:00:00+00:00"", ""valid_to"": null, ""confidence"": 1.0}"
link-246,dev:acx-08,port:acx-08:et-0/0/0,HAS_PORT,10,protected,False,UP,"{""source"": ""config_backup"", ""method"": ""config_parse"", ""observed_at"": ""2026-05-15T00:00:00+00:00"", ""valid_from"": ""2026-05-15T00:00:00+00:00"", ""valid_to"": null, ""confidence"": 1.0}"
link-247,dev:acx-08,port:acx-08:et-0/0/1,HAS_PORT,10,protected,False,UP,"{""source"": ""config_backup"", ""method"": ""config_parse"", ""observed_at"": ""2026-05-15T00:00:00+00:00"", ""valid_from"": ""2026-05-15T00:00:00+00:00"", ""valid_to"": null, ""confidence"": 1.0}"
link-248,dev:acx-08,port:acx-08:xe-0/0/0,HAS_PORT,10,protected,False,UP,"{""source"": ""config_backup"", ""method"": ""config_parse"", ""observed_at"": ""2026-05-15T00:00:00+00:00"", ""valid_from"": ""2026-05-15T00:00:00+00:00"", ""valid_to"": null, ""confidence"": 1.0}"
link-249,dev:acx-08,port:acx-08:xe-0/0/1,HAS_PORT,10,protected,False,UP,"{""source"": ""config_backup"", ""method"": ""config_parse"", ""observed_at"": ""2026-05-15T00:00:00+00:00"", ""valid_from"": ""2026-05-15T00:00:00+00:00"", ""valid_to"": null, ""confidence"": 1.0}"
link-250,dev:acx-08,port:acx-08:xe-0/0/2,HAS_PORT,10,protected,False,UP,"{""source"": ""config_backup"", ""method"": ""config_parse"", ""observed_at"": ""2026-05-15T00:00:00+00:00"", ""valid_from"": ""2026-05-15T00:00:00+00:00"", ""valid_to"": null, ""confidence"": 1.0}"
link-251,dev:acx-08,port:acx-08:xe-0/0/3,HAS_PORT,10,protected,False,UP,"{""source"": ""config_backup"", ""method"": ""config_parse"", ""observed_at"": ""2026-05-15T00:00:00+00:00"", ""valid_from"": ""2026-05-15T00:00:00+00:00"", ""valid_to"": null, ""confidence"": 1.0}"
link-252,port:acx-08:et-0/0/0,link:acx-08:et-0/0/0--mx304-08:xe-0/1/0,TERMINATES,100,protected,False,UP,"{""link_end"": ""a"", ""source"": ""nms"", ""method"": ""lldp"", ""observed_at"": ""2026-05-15T00:00:00+00:00"", ""valid_from"": ""2026-05-15T00:00:00+00:00"", ""valid_to"": null, ""confidence"": 1.0}"
link-253,port:mx304-08:xe-0/1/0,link:acx-08:et-0/0/0--mx304-08:xe-0/1/0,TERMINATES,10,protected,False,UP,"{""link_end"": ""z"", ""source"": ""nms"", ""method"": ""lldp"", ""observed_at"": ""2026-05-15T00:00:00+00:00"", ""valid_from"": ""2026-05-15T00:00:00+00:00"", ""valid_to"": null, ""confidence"": 1.0}"
link-254,chg:acx-234-attempt,dev:acx-08,TARGETS,10,protected,False,UP,"{""source"": ""change_record"", ""method"": ""vendor_export"", ""observed_at"": ""2026-05-15T00:00:00+00:00"", ""valid_from"": ""2026-05-15T00:00:00+00:00"", ""valid_to"": null, ""confidence"": 1.0}"
link-255,site:04,dev:acx-09,CONTAINS,10,protected,False,UP,"{""source"": ""inventory_review"", ""method"": ""vendor_export"", ""observed_at"": ""2026-05-15T00:00:00+00:00"", ""valid_from"": ""2026-05-15T00:00:00+00:00"", ""valid_to"": null, ""confidence"": 1.0}"
link-256,dev:acx-09,sw:junos-22.4R3-S7.5,RUNS,10,protected,False,UP,"{""source"": ""inventory_review"", ""method"": ""vendor_export"", ""observed_at"": ""2026-05-15T00:00:00+00:00"", ""valid_from"": ""2026-05-15T00:00:00+00:00"", ""valid_to"": null, ""confidence"": 1.0}"
link-257,dev:acx-09,port:acx-09:et-0/0/0,HAS_PORT,10,protected,False,UP,"{""source"": ""config_backup"", ""method"": ""config_parse"", ""observed_at"": ""2026-05-15T00:00:00+00:00"", ""valid_from"": ""2026-05-15T00:00:00+00:00"", ""valid_to"": null, ""confidence"": 1.0}"
link-258,dev:acx-09,port:acx-09:et-0/0/1,HAS_PORT,10,protected,False,UP,"{""source"": ""config_backup"", ""method"": ""config_parse"", ""observed_at"": ""2026-05-15T00:00:00+00:00"", ""valid_from"": ""2026-05-15T00:00:00+00:00"", ""valid_to"": null, ""confidence"": 1.0}"
link-259,dev:acx-09,port:acx-09:xe-0/0/0,HAS_PORT,10,protected,False,UP,"{""source"": ""config_backup"", ""method"": ""config_parse"", ""observed_at"": ""2026-05-15T00:00:00+00:00"", ""valid_from"": ""2026-05-15T00:00:00+00:00"", ""valid_to"": null, ""confidence"": 1.0}"
link-260,dev:acx-09,port:acx-09:xe-0/0/1,HAS_PORT,10,protected,False,UP,"{""source"": ""config_backup"", ""method"": ""config_parse"", ""observed_at"": ""2026-05-15T00:00:00+00:00"", ""valid_from"": ""2026-05-15T00:00:00+00:00"", ""valid_to"": null, ""confidence"": 1.0}"
link-261,dev:acx-09,port:acx-09:xe-0/0/2,HAS_PORT,10,protected,False,UP,"{""source"": ""config_backup"", ""method"": ""config_parse"", ""observed_at"": ""2026-05-15T00:00:00+00:00"", ""valid_from"": ""2026-05-15T00:00:00+00:00"", ""valid_to"": null, ""confidence"": 1.0}"
link-262,dev:acx-09,port:acx-09:xe-0/0/3,HAS_PORT,10,protected,False,UP,"{""source"": ""config_backup"", ""method"": ""config_parse"", ""observed_at"": ""2026-05-15T00:00:00+00:00"", ""valid_from"": ""2026-05-15T00:00:00+00:00"", ""valid_to"": null, ""confidence"": 1.0}"
link-263,port:acx-09:et-0/0/0,link:acx-09:et-0/0/0--mx304-09:xe-0/1/1,TERMINATES,100,protected,False,UP,"{""link_end"": ""a"", ""source"": ""nms"", ""method"": ""lldp"", ""observed_at"": ""2026-05-15T00:00:00+00:00"", ""valid_from"": ""2026-05-15T00:00:00+00:00"", ""valid_to"": null, ""confidence"": 1.0}"
link-264,port:mx304-09:xe-0/1/1,link:acx-09:et-0/0/0--mx304-09:xe-0/1/1,TERMINATES,10,protected,False,UP,"{""link_end"": ""z"", ""source"": ""nms"", ""method"": ""lldp"", ""observed_at"": ""2026-05-15T00:00:00+00:00"", ""valid_from"": ""2026-05-15T00:00:00+00:00"", ""valid_to"": null, ""confidence"": 1.0}"
link-265,chg:acx-234-attempt,dev:acx-09,TARGETS,10,protected,False,UP,"{""source"": ""change_record"", ""method"": ""vendor_export"", ""observed_at"": ""2026-05-15T00:00:00+00:00"", ""valid_from"": ""2026-05-15T00:00:00+00:00"", ""valid_to"": null, ""confidence"": 1.0}"
link-266,site:05,dev:acx-10,CONTAINS,10,protected,False,UP,"{""source"": ""inventory_review"", ""method"": ""vendor_export"", ""observed_at"": ""2026-05-15T00:00:00+00:00"", ""valid_from"": ""2026-05-15T00:00:00+00:00"", ""valid_to"": null, ""confidence"": 1.0}"
link-267,dev:acx-10,sw:junos-22.4R3-S7.5,RUNS,10,protected,False,UP,"{""source"": ""inventory_review"", ""method"": ""vendor_export"", ""observed_at"": ""2026-05-15T00:00:00+00:00"", ""valid_from"": ""2026-05-15T00:00:00+00:00"", ""valid_to"": null, ""confidence"": 1.0}"
link-268,dev:acx-10,port:acx-10:et-0/0/0,HAS_PORT,10,protected,False,UP,"{""source"": ""config_backup"", ""method"": ""config_parse"", ""observed_at"": ""2026-05-15T00:00:00+00:00"", ""valid_from"": ""2026-05-15T00:00:00+00:00"", ""valid_to"": null, ""confidence"": 1.0}"
link-269,dev:acx-10,port:acx-10:et-0/0/1,HAS_PORT,10,protected,False,UP,"{""source"": ""config_backup"", ""method"": ""config_parse"", ""observed_at"": ""2026-05-15T00:00:00+00:00"", ""valid_from"": ""2026-05-15T00:00:00+00:00"", ""valid_to"": null, ""confidence"": 1.0}"
link-270,dev:acx-10,port:acx-10:xe-0/0/0,HAS_PORT,10,protected,False,UP,"{""source"": ""config_backup"", ""method"": ""config_parse"", ""observed_at"": ""2026-05-15T00:00:00+00:00"", ""valid_from"": ""2026-05-15T00:00:00+00:00"", ""valid_to"": null, ""confidence"": 1.0}"
link-271,dev:acx-10,port:acx-10:xe-0/0/1,HAS_PORT,10,protected,False,UP,"{""source"": ""config_backup"", ""method"": ""config_parse"", ""observed_at"": ""2026-05-15T00:00:00+00:00"", ""valid_from"": ""2026-05-15T00:00:00+00:00"", ""valid_to"": null, ""confidence"": 1.0}"
link-272,dev:acx-10,port:acx-10:xe-0/0/2,HAS_PORT,10,protected,False,UP,"{""source"": ""config_backup"", ""method"": ""config_parse"", ""observed_at"": ""2026-05-15T00:00:00+00:00"", ""valid_from"": ""2026-05-15T00:00:00+00:00"", ""valid_to"": null, ""confidence"": 1.0}"
link-273,dev:acx-10,port:acx-10:xe-0/0/3,HAS_PORT,10,protected,False,UP,"{""source"": ""config_backup"", ""method"": ""config_parse"", ""observed_at"": ""2026-05-15T00:00:00+00:00"", ""valid_from"": ""2026-05-15T00:00:00+00:00"", ""valid_to"": null, ""confidence"": 1.0}"
link-274,port:acx-10:et-0/0/0,link:acx-10:et-0/0/0--mx304-sang:xe-0/1/2,TERMINATES,100,unprotected,False,UP,"{""link_end"": ""a"", ""source"": ""nms"", ""method"": ""lldp"", ""observed_at"": ""2026-05-15T00:00:00+00:00"", ""valid_from"": ""2026-05-15T00:00:00+00:00"", ""valid_to"": null, ""confidence"": 1.0}"
link-275,port:mx304-sang:xe-0/1/2,link:acx-10:et-0/0/0--mx304-sang:xe-0/1/2,TERMINATES,10,unprotected,True,UP,"{""link_end"": ""z"", ""source"": ""nms"", ""method"": ""lldp"", ""observed_at"": ""2026-05-15T00:00:00+00:00"", ""valid_from"": ""2026-05-15T00:00:00+00:00"", ""valid_to"": null, ""confidence"": 1.0}"
link-276,chg:acx-234-attempt,dev:acx-10,TARGETS,10,protected,False,UP,"{""source"": ""change_record"", ""method"": ""vendor_export"", ""observed_at"": ""2026-05-15T00:00:00+00:00"", ""valid_from"": ""2026-05-15T00:00:00+00:00"", ""valid_to"": null, ""confidence"": 1.0}"
link-277,site:06,dev:acx-11,CONTAINS,10,protected,False,UP,"{""source"": ""inventory_review"", ""method"": ""vendor_export"", ""observed_at"": ""2026-05-15T00:00:00+00:00"", ""valid_from"": ""2026-05-15T00:00:00+00:00"", ""valid_to"": null, ""confidence"": 1.0}"
link-278,dev:acx-11,sw:junos-22.4R3-S7.5,RUNS,10,protected,False,UP,"{""source"": ""inventory_review"", ""method"": ""vendor_export"", ""observed_at"": ""2026-05-15T00:00:00+00:00"", ""valid_from"": ""2026-05-15T00:00:00+00:00"", ""valid_to"": null, ""confidence"": 1.0}"
link-279,dev:acx-11,port:acx-11:et-0/0/0,HAS_PORT,10,protected,False,UP,"{""source"": ""config_backup"", ""method"": ""config_parse"", ""observed_at"": ""2026-05-15T00:00:00+00:00"", ""valid_from"": ""2026-05-15T00:00:00+00:00"", ""valid_to"": null, ""confidence"": 1.0}"
link-280,dev:acx-11,port:acx-11:et-0/0/1,HAS_PORT,10,protected,False,UP,"{""source"": ""config_backup"", ""method"": ""config_parse"", ""observed_at"": ""2026-05-15T00:00:00+00:00"", ""valid_from"": ""2026-05-15T00:00:00+00:00"", ""valid_to"": null, ""confidence"": 1.0}"
link-281,dev:acx-11,port:acx-11:xe-0/0/0,HAS_PORT,10,protected,False,UP,"{""source"": ""config_backup"", ""method"": ""config_parse"", ""observed_at"": ""2026-05-15T00:00:00+00:00"", ""valid_from"": ""2026-05-15T00:00:00+00:00"", ""valid_to"": null, ""confidence"": 1.0}"
link-282,dev:acx-11,port:acx-11:xe-0/0/1,HAS_PORT,10,protected,False,UP,"{""source"": ""config_backup"", ""method"": ""config_parse"", ""observed_at"": ""2026-05-15T00:00:00+00:00"", ""valid_from"": ""2026-05-15T00:00:00+00:00"", ""valid_to"": null, ""confidence"": 1.0}"
link-283,dev:acx-11,port:acx-11:xe-0/0/2,HAS_PORT,10,protected,False,UP,"{""source"": ""config_backup"", ""method"": ""config_parse"", ""observed_at"": ""2026-05-15T00:00:00+00:00"", ""valid_from"": ""2026-05-15T00:00:00+00:00"", ""valid_to"": null, ""confidence"": 1.0}"
link-284,dev:acx-11,port:acx-11:xe-0/0/3,HAS_PORT,10,protected,False,UP,"{""source"": ""config_backup"", ""method"": ""config_parse"", ""observed_at"": ""2026-05-15T00:00:00+00:00"", ""valid_from"": ""2026-05-15T00:00:00+00:00"", ""valid_to"": null, ""confidence"": 1.0}"
link-285,port:acx-11:et-0/0/0,link:acx-11:et-0/0/0--mx304-02:xe-0/1/3,TERMINATES,100,protected,False,UP,"{""link_end"": ""a"", ""source"": ""nms"", ""method"": ""lldp"", ""observed_at"": ""2026-05-15T00:00:00+00:00"", ""valid_from"": ""2026-05-15T00:00:00+00:00"", ""valid_to"": null, ""confidence"": 1.0}"
link-286,port:mx304-02:xe-0/1/3,link:acx-11:et-0/0/0--mx304-02:xe-0/1/3,TERMINATES,10,protected,False,UP,"{""link_end"": ""z"", ""source"": ""nms"", ""method"": ""lldp"", ""observed_at"": ""2026-05-15T00:00:00+00:00"", ""valid_from"": ""2026-05-15T00:00:00+00:00"", ""valid_to"": null, ""confidence"": 1.0}"
link-287,chg:acx-234-attempt,dev:acx-11,TARGETS,10,protected,False,UP,"{""source"": ""change_record"", ""method"": ""vendor_export"", ""observed_at"": ""2026-05-15T00:00:00+00:00"", ""valid_from"": ""2026-05-15T00:00:00+00:00"", ""valid_to"": null, ""confidence"": 1.0}"
link-288,site:07,dev:acx-12,CONTAINS,10,protected,False,UP,"{""source"": ""inventory_review"", ""method"": ""vendor_export"", ""observed_at"": ""2026-05-15T00:00:00+00:00"", ""valid_from"": ""2026-05-15T00:00:00+00:00"", ""valid_to"": null, ""confidence"": 1.0}"
link-289,dev:acx-12,sw:junos-22.4R3-S7.5,RUNS,10,protected,False,UP,"{""source"": ""inventory_review"", ""method"": ""vendor_export"", ""observed_at"": ""2026-05-15T00:00:00+00:00"", ""valid_from"": ""2026-05-15T00:00:00+00:00"", ""valid_to"": null, ""confidence"": 1.0}"
link-290,dev:acx-12,port:acx-12:et-0/0/0,HAS_PORT,10,protected,False,UP,"{""source"": ""config_backup"", ""method"": ""config_parse"", ""observed_at"": ""2026-05-15T00:00:00+00:00"", ""valid_from"": ""2026-05-15T00:00:00+00:00"", ""valid_to"": null, ""confidence"": 1.0}"
link-291,dev:acx-12,port:acx-12:et-0/0/1,HAS_PORT,10,protected,False,UP,"{""source"": ""config_backup"", ""method"": ""config_parse"", ""observed_at"": ""2026-05-15T00:00:00+00:00"", ""valid_from"": ""2026-05-15T00:00:00+00:00"", ""valid_to"": null, ""confidence"": 1.0}"
link-292,dev:acx-12,port:acx-12:xe-0/0/0,HAS_PORT,10,protected,False,UP,"{""source"": ""config_backup"", ""method"": ""config_parse"", ""observed_at"": ""2026-05-15T00:00:00+00:00"", ""valid_from"": ""2026-05-15T00:00:00+00:00"", ""valid_to"": null, ""confidence"": 1.0}"
link-293,dev:acx-12,port:acx-12:xe-0/0/1,HAS_PORT,10,protected,False,UP,"{""source"": ""config_backup"", ""method"": ""config_parse"", ""observed_at"": ""2026-05-15T00:00:00+00:00"", ""valid_from"": ""2026-05-15T00:00:00+00:00"", ""valid_to"": null, ""confidence"": 1.0}"
link-294,dev:acx-12,port:acx-12:xe-0/0/2,HAS_PORT,10,protected,False,UP,"{""source"": ""config_backup"", ""method"": ""config_parse"", ""observed_at"": ""2026-05-15T00:00:00+00:00"", ""valid_from"": ""2026-05-15T00:00:00+00:00"", ""valid_to"": null, ""confidence"": 1.0}"
link-295,dev:acx-12,port:acx-12:xe-0/0/3,HAS_PORT,10,protected,False,UP,"{""source"": ""config_backup"", ""method"": ""config_parse"", ""observed_at"": ""2026-05-15T00:00:00+00:00"", ""valid_from"": ""2026-05-15T00:00:00+00:00"", ""valid_to"": null, ""confidence"": 1.0}"
link-296,port:acx-12:et-0/0/0,link:acx-12:et-0/0/0--mx304-03:xe-0/1/4,TERMINATES,100,protected,False,UP,"{""link_end"": ""a"", ""source"": ""nms"", ""method"": ""lldp"", ""observed_at"": ""2026-05-15T00:00:00+00:00"", ""valid_from"": ""2026-05-15T00:00:00+00:00"", ""valid_to"": null, ""confidence"": 1.0}"
link-297,port:mx304-03:xe-0/1/4,link:acx-12:et-0/0/0--mx304-03:xe-0/1/4,TERMINATES,10,protected,False,UP,"{""link_end"": ""z"", ""source"": ""nms"", ""method"": ""lldp"", ""observed_at"": ""2026-05-15T00:00:00+00:00"", ""valid_from"": ""2026-05-15T00:00:00+00:00"", ""valid_to"": null, ""confidence"": 1.0}"
link-298,chg:acx-234-attempt,dev:acx-12,TARGETS,10,protected,False,UP,"{""source"": ""change_record"", ""method"": ""vendor_export"", ""observed_at"": ""2026-05-15T00:00:00+00:00"", ""valid_from"": ""2026-05-15T00:00:00+00:00"", ""valid_to"": null, ""confidence"": 1.0}"
link-299,site:08,dev:acx-13,CONTAINS,10,protected,False,UP,"{""source"": ""inventory_review"", ""method"": ""vendor_export"", ""observed_at"": ""2026-05-15T00:00:00+00:00"", ""valid_from"": ""2026-05-15T00:00:00+00:00"", ""valid_to"": null, ""confidence"": 1.0}"
link-300,dev:acx-13,sw:junos-22.4R3-S7.5,RUNS,10,protected,False,UP,"{""source"": ""inventory_review"", ""method"": ""vendor_export"", ""observed_at"": ""2026-05-15T00:00:00+00:00"", ""valid_from"": ""2026-05-15T00:00:00+00:00"", ""valid_to"": null, ""confidence"": 1.0}"
link-301,dev:acx-13,port:acx-13:et-0/0/0,HAS_PORT,10,protected,False,UP,"{""source"": ""config_backup"", ""method"": ""config_parse"", ""observed_at"": ""2026-05-15T00:00:00+00:00"", ""valid_from"": ""2026-05-15T00:00:00+00:00"", ""valid_to"": null, ""confidence"": 1.0}"
link-302,dev:acx-13,port:acx-13:et-0/0/1,HAS_PORT,10,protected,False,UP,"{""source"": ""config_backup"", ""method"": ""config_parse"", ""observed_at"": ""2026-05-15T00:00:00+00:00"", ""valid_from"": ""2026-05-15T00:00:00+00:00"", ""valid_to"": null, ""confidence"": 1.0}"
link-303,dev:acx-13,port:acx-13:xe-0/0/0,HAS_PORT,10,protected,False,UP,"{""source"": ""config_backup"", ""method"": ""config_parse"", ""observed_at"": ""2026-05-15T00:00:00+00:00"", ""valid_from"": ""2026-05-15T00:00:00+00:00"", ""valid_to"": null, ""confidence"": 1.0}"
link-304,dev:acx-13,port:acx-13:xe-0/0/1,HAS_PORT,10,protected,False,UP,"{""source"": ""config_backup"", ""method"": ""config_parse"", ""observed_at"": ""2026-05-15T00:00:00+00:00"", ""valid_from"": ""2026-05-15T00:00:00+00:00"", ""valid_to"": null, ""confidence"": 1.0}"
link-305,dev:acx-13,port:acx-13:xe-0/0/2,HAS_PORT,10,protected,False,UP,"{""source"": ""config_backup"", ""method"": ""config_parse"", ""observed_at"": ""2026-05-15T00:00:00+00:00"", ""valid_from"": ""2026-05-15T00:00:00+00:00"", ""valid_to"": null, ""confidence"": 1.0}"
link-306,dev:acx-13,port:acx-13:xe-0/0/3,HAS_PORT,10,protected,False,UP,"{""source"": ""config_backup"", ""method"": ""config_parse"", ""observed_at"": ""2026-05-15T00:00:00+00:00"", ""valid_from"": ""2026-05-15T00:00:00+00:00"", ""valid_to"": null, ""confidence"": 1.0}"
link-307,port:acx-13:et-0/0/0,link:acx-13:et-0/0/0--mx304-04:xe-0/1/5,TERMINATES,100,protected,False,UP,"{""link_end"": ""a"", ""source"": ""nms"", ""method"": ""lldp"", ""observed_at"": ""2026-05-15T00:00:00+00:00"", ""valid_from"": ""2026-05-15T00:00:00+00:00"", ""valid_to"": null, ""confidence"": 1.0}"
link-308,port:mx304-04:xe-0/1/5,link:acx-13:et-0/0/0--mx304-04:xe-0/1/5,TERMINATES,10,protected,False,UP,"{""link_end"": ""z"", ""source"": ""nms"", ""method"": ""lldp"", ""observed_at"": ""2026-05-15T00:00:00+00:00"", ""valid_from"": ""2026-05-15T00:00:00+00:00"", ""valid_to"": null, ""confidence"": 1.0}"
link-309,chg:acx-234-attempt,dev:acx-13,TARGETS,10,protected,False,UP,"{""source"": ""change_record"", ""method"": ""vendor_export"", ""observed_at"": ""2026-05-15T00:00:00+00:00"", ""valid_from"": ""2026-05-15T00:00:00+00:00"", ""valid_to"": null, ""confidence"": 1.0}"
link-310,site:09,dev:acx-14,CONTAINS,10,protected,False,UP,"{""source"": ""inventory_review"", ""method"": ""vendor_export"", ""observed_at"": ""2026-05-15T00:00:00+00:00"", ""valid_from"": ""2026-05-15T00:00:00+00:00"", ""valid_to"": null, ""confidence"": 1.0}"
link-311,dev:acx-14,sw:junos-22.4R3-S7.5,RUNS,10,protected,False,UP,"{""source"": ""inventory_review"", ""method"": ""vendor_export"", ""observed_at"": ""2026-05-15T00:00:00+00:00"", ""valid_from"": ""2026-05-15T00:00:00+00:00"", ""valid_to"": null, ""confidence"": 1.0}"
link-312,dev:acx-14,port:acx-14:et-0/0/0,HAS_PORT,10,protected,False,UP,"{""source"": ""config_backup"", ""method"": ""config_parse"", ""observed_at"": ""2026-05-15T00:00:00+00:00"", ""valid_from"": ""2026-05-15T00:00:00+00:00"", ""valid_to"": null, ""confidence"": 1.0}"
link-313,dev:acx-14,port:acx-14:et-0/0/1,HAS_PORT,10,protected,False,UP,"{""source"": ""config_backup"", ""method"": ""config_parse"", ""observed_at"": ""2026-05-15T00:00:00+00:00"", ""valid_from"": ""2026-05-15T00:00:00+00:00"", ""valid_to"": null, ""confidence"": 1.0}"
link-314,dev:acx-14,port:acx-14:xe-0/0/0,HAS_PORT,10,protected,False,UP,"{""source"": ""config_backup"", ""method"": ""config_parse"", ""observed_at"": ""2026-05-15T00:00:00+00:00"", ""valid_from"": ""2026-05-15T00:00:00+00:00"", ""valid_to"": null, ""confidence"": 1.0}"
link-315,dev:acx-14,port:acx-14:xe-0/0/1,HAS_PORT,10,protected,False,UP,"{""source"": ""config_backup"", ""method"": ""config_parse"", ""observed_at"": ""2026-05-15T00:00:00+00:00"", ""valid_from"": ""2026-05-15T00:00:00+00:00"", ""valid_to"": null, ""confidence"": 1.0}"
link-316,dev:acx-14,port:acx-14:xe-0/0/2,HAS_PORT,10,protected,False,UP,"{""source"": ""config_backup"", ""method"": ""config_parse"", ""observed_at"": ""2026-05-15T00:00:00+00:00"", ""valid_from"": ""2026-05-15T00:00:00+00:00"", ""valid_to"": null, ""confidence"": 1.0}"
link-317,dev:acx-14,port:acx-14:xe-0/0/3,HAS_PORT,10,protected,False,UP,"{""source"": ""config_backup"", ""method"": ""config_parse"", ""observed_at"": ""2026-05-15T00:00:00+00:00"", ""valid_from"": ""2026-05-15T00:00:00+00:00"", ""valid_to"": null, ""confidence"": 1.0}"
link-318,port:acx-14:et-0/0/0,link:acx-14:et-0/0/0--mx304-05:xe-0/1/6,TERMINATES,100,protected,False,UP,"{""link_end"": ""a"", ""source"": ""nms"", ""method"": ""lldp"", ""observed_at"": ""2026-05-15T00:00:00+00:00"", ""valid_from"": ""2026-05-15T00:00:00+00:00"", ""valid_to"": null, ""confidence"": 1.0}"
link-319,port:mx304-05:xe-0/1/6,link:acx-14:et-0/0/0--mx304-05:xe-0/1/6,TERMINATES,10,protected,False,UP,"{""link_end"": ""z"", ""source"": ""nms"", ""method"": ""lldp"", ""observed_at"": ""2026-05-15T00:00:00+00:00"", ""valid_from"": ""2026-05-15T00:00:00+00:00"", ""valid_to"": null, ""confidence"": 1.0}"
link-320,chg:acx-234-attempt,dev:acx-14,TARGETS,10,protected,False,UP,"{""source"": ""change_record"", ""method"": ""vendor_export"", ""observed_at"": ""2026-05-15T00:00:00+00:00"", ""valid_from"": ""2026-05-15T00:00:00+00:00"", ""valid_to"": null, ""confidence"": 1.0}"
link-321,site:10,dev:acx-15,CONTAINS,10,protected,False,UP,"{""source"": ""inventory_review"", ""method"": ""vendor_export"", ""observed_at"": ""2026-05-15T00:00:00+00:00"", ""valid_from"": ""2026-05-15T00:00:00+00:00"", ""valid_to"": null, ""confidence"": 1.0}"
link-322,dev:acx-15,sw:junos-22.4R3-S7.5,RUNS,10,protected,False,UP,"{""source"": ""inventory_review"", ""method"": ""vendor_export"", ""observed_at"": ""2026-05-15T00:00:00+00:00"", ""valid_from"": ""2026-05-15T00:00:00+00:00"", ""valid_to"": null, ""confidence"": 1.0}"
link-323,dev:acx-15,port:acx-15:et-0/0/0,HAS_PORT,10,protected,False,UP,"{""source"": ""config_backup"", ""method"": ""config_parse"", ""observed_at"": ""2026-05-15T00:00:00+00:00"", ""valid_from"": ""2026-05-15T00:00:00+00:00"", ""valid_to"": null, ""confidence"": 1.0}"
link-324,dev:acx-15,port:acx-15:et-0/0/1,HAS_PORT,10,protected,False,UP,"{""source"": ""config_backup"", ""method"": ""config_parse"", ""observed_at"": ""2026-05-15T00:00:00+00:00"", ""valid_from"": ""2026-05-15T00:00:00+00:00"", ""valid_to"": null, ""confidence"": 1.0}"
link-325,dev:acx-15,port:acx-15:xe-0/0/0,HAS_PORT,10,protected,False,UP,"{""source"": ""config_backup"", ""method"": ""config_parse"", ""observed_at"": ""2026-05-15T00:00:00+00:00"", ""valid_from"": ""2026-05-15T00:00:00+00:00"", ""valid_to"": null, ""confidence"": 1.0}"
link-326,dev:acx-15,port:acx-15:xe-0/0/1,HAS_PORT,10,protected,False,UP,"{""source"": ""config_backup"", ""method"": ""config_parse"", ""observed_at"": ""2026-05-15T00:00:00+00:00"", ""valid_from"": ""2026-05-15T00:00:00+00:00"", ""valid_to"": null, ""confidence"": 1.0}"
link-327,dev:acx-15,port:acx-15:xe-0/0/2,HAS_PORT,10,protected,False,UP,"{""source"": ""config_backup"", ""method"": ""config_parse"", ""observed_at"": ""2026-05-15T00:00:00+00:00"", ""valid_from"": ""2026-05-15T00:00:00+00:00"", ""valid_to"": null, ""confidence"": 1.0}"
link-328,dev:acx-15,port:acx-15:xe-0/0/3,HAS_PORT,10,protected,False,UP,"{""source"": ""config_backup"", ""method"": ""config_parse"", ""observed_at"": ""2026-05-15T00:00:00+00:00"", ""valid_from"": ""2026-05-15T00:00:00+00:00"", ""valid_to"": null, ""confidence"": 1.0}"
link-329,port:acx-15:et-0/0/0,link:acx-15:et-0/0/0--mx304-06:xe-0/1/7,TERMINATES,100,protected,False,UP,"{""link_end"": ""a"", ""source"": ""nms"", ""method"": ""lldp"", ""observed_at"": ""2026-05-15T00:00:00+00:00"", ""valid_from"": ""2026-05-15T00:00:00+00:00"", ""valid_to"": null, ""confidence"": 1.0}"
link-330,port:mx304-06:xe-0/1/7,link:acx-15:et-0/0/0--mx304-06:xe-0/1/7,TERMINATES,10,protected,False,UP,"{""link_end"": ""z"", ""source"": ""nms"", ""method"": ""lldp"", ""observed_at"": ""2026-05-15T00:00:00+00:00"", ""valid_from"": ""2026-05-15T00:00:00+00:00"", ""valid_to"": null, ""confidence"": 1.0}"
link-331,chg:acx-234-attempt,dev:acx-15,TARGETS,10,protected,False,UP,"{""source"": ""change_record"", ""method"": ""vendor_export"", ""observed_at"": ""2026-05-15T00:00:00+00:00"", ""valid_from"": ""2026-05-15T00:00:00+00:00"", ""valid_to"": null, ""confidence"": 1.0}"
link-332,site:03,dev:acx-16,CONTAINS,10,protected,False,UP,"{""source"": ""inventory_review"", ""method"": ""vendor_export"", ""observed_at"": ""2026-05-15T00:00:00+00:00"", ""valid_from"": ""2026-05-15T00:00:00+00:00"", ""valid_to"": null, ""confidence"": 1.0}"
link-333,dev:acx-16,sw:junos-22.4R3-S7.5,RUNS,10,protected,False,UP,"{""source"": ""inventory_review"", ""method"": ""vendor_export"", ""observed_at"": ""2026-05-15T00:00:00+00:00"", ""valid_from"": ""2026-05-15T00:00:00+00:00"", ""valid_to"": null, ""confidence"": 1.0}"
link-334,dev:acx-16,port:acx-16:et-0/0/0,HAS_PORT,10,protected,False,UP,"{""source"": ""config_backup"", ""method"": ""config_parse"", ""observed_at"": ""2026-05-15T00:00:00+00:00"", ""valid_from"": ""2026-05-15T00:00:00+00:00"", ""valid_to"": null, ""confidence"": 1.0}"
link-335,dev:acx-16,port:acx-16:et-0/0/1,HAS_PORT,10,protected,False,UP,"{""source"": ""config_backup"", ""method"": ""config_parse"", ""observed_at"": ""2026-05-15T00:00:00+00:00"", ""valid_from"": ""2026-05-15T00:00:00+00:00"", ""valid_to"": null, ""confidence"": 1.0}"
link-336,dev:acx-16,port:acx-16:xe-0/0/0,HAS_PORT,10,protected,False,UP,"{""source"": ""config_backup"", ""method"": ""config_parse"", ""observed_at"": ""2026-05-15T00:00:00+00:00"", ""valid_from"": ""2026-05-15T00:00:00+00:00"", ""valid_to"": null, ""confidence"": 1.0}"
link-337,dev:acx-16,port:acx-16:xe-0/0/1,HAS_PORT,10,protected,False,UP,"{""source"": ""config_backup"", ""method"": ""config_parse"", ""observed_at"": ""2026-05-15T00:00:00+00:00"", ""valid_from"": ""2026-05-15T00:00:00+00:00"", ""valid_to"": null, ""confidence"": 1.0}"
link-338,dev:acx-16,port:acx-16:xe-0/0/2,HAS_PORT,10,protected,False,UP,"{""source"": ""config_backup"", ""method"": ""config_parse"", ""observed_at"": ""2026-05-15T00:00:00+00:00"", ""valid_from"": ""2026-05-15T00:00:00+00:00"", ""valid_to"": null, ""confidence"": 1.0}"
link-339,dev:acx-16,port:acx-16:xe-0/0/3,HAS_PORT,10,protected,False,UP,"{""source"": ""config_backup"", ""method"": ""config_parse"", ""observed_at"": ""2026-05-15T00:00:00+00:00"", ""valid_from"": ""2026-05-15T00:00:00+00:00"", ""valid_to"": null, ""confidence"": 1.0}"
link-340,port:acx-16:et-0/0/0,link:acx-16:et-0/0/0--mx304-07:xe-0/1/0,TERMINATES,100,protected,False,UP,"{""link_end"": ""a"", ""source"": ""nms"", ""method"": ""lldp"", ""observed_at"": ""2026-05-15T00:00:00+00:00"", ""valid_from"": ""2026-05-15T00:00:00+00:00"", ""valid_to"": null, ""confidence"": 1.0}"
link-341,port:mx304-07:xe-0/1/0,link:acx-16:et-0/0/0--mx304-07:xe-0/1/0,TERMINATES,10,protected,False,UP,"{""link_end"": ""z"", ""source"": ""nms"", ""method"": ""lldp"", ""observed_at"": ""2026-05-15T00:00:00+00:00"", ""valid_from"": ""2026-05-15T00:00:00+00:00"", ""valid_to"": null, ""confidence"": 1.0}"
link-342,chg:acx-234-attempt,dev:acx-16,TARGETS,10,protected,False,UP,"{""source"": ""change_record"", ""method"": ""vendor_export"", ""observed_at"": ""2026-05-15T00:00:00+00:00"", ""valid_from"": ""2026-05-15T00:00:00+00:00"", ""valid_to"": null, ""confidence"": 1.0}"
link-343,site:04,dev:acx-17,CONTAINS,10,protected,False,UP,"{""source"": ""inventory_review"", ""method"": ""vendor_export"", ""observed_at"": ""2026-05-15T00:00:00+00:00"", ""valid_from"": ""2026-05-15T00:00:00+00:00"", ""valid_to"": null, ""confidence"": 1.0}"
link-344,dev:acx-17,sw:junos-22.4R3-S7.5,RUNS,10,protected,False,UP,"{""source"": ""inventory_review"", ""method"": ""vendor_export"", ""observed_at"": ""2026-05-15T00:00:00+00:00"", ""valid_from"": ""2026-05-15T00:00:00+00:00"", ""valid_to"": null, ""confidence"": 1.0}"
link-345,dev:acx-17,port:acx-17:et-0/0/0,HAS_PORT,10,protected,False,UP,"{""source"": ""config_backup"", ""method"": ""config_parse"", ""observed_at"": ""2026-05-15T00:00:00+00:00"", ""valid_from"": ""2026-05-15T00:00:00+00:00"", ""valid_to"": null, ""confidence"": 1.0}"
link-346,dev:acx-17,port:acx-17:et-0/0/1,HAS_PORT,10,protected,False,UP,"{""source"": ""config_backup"", ""method"": ""config_parse"", ""observed_at"": ""2026-05-15T00:00:00+00:00"", ""valid_from"": ""2026-05-15T00:00:00+00:00"", ""valid_to"": null, ""confidence"": 1.0}"
link-347,dev:acx-17,port:acx-17:xe-0/0/0,HAS_PORT,10,protected,False,UP,"{""source"": ""config_backup"", ""method"": ""config_parse"", ""observed_at"": ""2026-05-15T00:00:00+00:00"", ""valid_from"": ""2026-05-15T00:00:00+00:00"", ""valid_to"": null, ""confidence"": 1.0}"
link-348,dev:acx-17,port:acx-17:xe-0/0/1,HAS_PORT,10,protected,False,UP,"{""source"": ""config_backup"", ""method"": ""config_parse"", ""observed_at"": ""2026-05-15T00:00:00+00:00"", ""valid_from"": ""2026-05-15T00:00:00+00:00"", ""valid_to"": null, ""confidence"": 1.0}"
link-349,dev:acx-17,port:acx-17:xe-0/0/2,HAS_PORT,10,protected,False,UP,"{""source"": ""config_backup"", ""method"": ""config_parse"", ""observed_at"": ""2026-05-15T00:00:00+00:00"", ""valid_from"": ""2026-05-15T00:00:00+00:00"", ""valid_to"": null, ""confidence"": 1.0}"
link-350,dev:acx-17,port:acx-17:xe-0/0/3,HAS_PORT,10,protected,False,UP,"{""source"": ""config_backup"", ""method"": ""config_parse"", ""observed_at"": ""2026-05-15T00:00:00+00:00"", ""valid_from"": ""2026-05-15T00:00:00+00:00"", ""valid_to"": null, ""confidence"": 1.0}"
link-351,port:acx-17:et-0/0/0,link:acx-17:et-0/0/0--mx304-08:xe-0/1/1,TERMINATES,100,protected,False,UP,"{""link_end"": ""a"", ""source"": ""nms"", ""method"": ""lldp"", ""observed_at"": ""2026-05-15T00:00:00+00:00"", ""valid_from"": ""2026-05-15T00:00:00+00:00"", ""valid_to"": null, ""confidence"": 1.0}"
link-352,port:mx304-08:xe-0/1/1,link:acx-17:et-0/0/0--mx304-08:xe-0/1/1,TERMINATES,10,protected,False,UP,"{""link_end"": ""z"", ""source"": ""nms"", ""method"": ""lldp"", ""observed_at"": ""2026-05-15T00:00:00+00:00"", ""valid_from"": ""2026-05-15T00:00:00+00:00"", ""valid_to"": null, ""confidence"": 1.0}"
link-353,chg:acx-234-attempt,dev:acx-17,TARGETS,10,protected,False,UP,"{""source"": ""change_record"", ""method"": ""vendor_export"", ""observed_at"": ""2026-05-15T00:00:00+00:00"", ""valid_from"": ""2026-05-15T00:00:00+00:00"", ""valid_to"": null, ""confidence"": 1.0}"
link-354,site:05,dev:acx-18,CONTAINS,10,protected,False,UP,"{""source"": ""inventory_review"", ""method"": ""vendor_export"", ""observed_at"": ""2026-05-15T00:00:00+00:00"", ""valid_from"": ""2026-05-15T00:00:00+00:00"", ""valid_to"": null, ""confidence"": 1.0}"
link-355,dev:acx-18,sw:junos-22.4R3-S7.5,RUNS,10,protected,False,UP,"{""source"": ""inventory_review"", ""method"": ""vendor_export"", ""observed_at"": ""2026-05-15T00:00:00+00:00"", ""valid_from"": ""2026-05-15T00:00:00+00:00"", ""valid_to"": null, ""confidence"": 1.0}"
link-356,dev:acx-18,port:acx-18:et-0/0/0,HAS_PORT,10,protected,False,UP,"{""source"": ""config_backup"", ""method"": ""config_parse"", ""observed_at"": ""2026-05-15T00:00:00+00:00"", ""valid_from"": ""2026-05-15T00:00:00+00:00"", ""valid_to"": null, ""confidence"": 1.0}"
link-357,dev:acx-18,port:acx-18:et-0/0/1,HAS_PORT,10,protected,False,UP,"{""source"": ""config_backup"", ""method"": ""config_parse"", ""observed_at"": ""2026-05-15T00:00:00+00:00"", ""valid_from"": ""2026-05-15T00:00:00+00:00"", ""valid_to"": null, ""confidence"": 1.0}"
link-358,dev:acx-18,port:acx-18:xe-0/0/0,HAS_PORT,10,protected,False,UP,"{""source"": ""config_backup"", ""method"": ""config_parse"", ""observed_at"": ""2026-05-15T00:00:00+00:00"", ""valid_from"": ""2026-05-15T00:00:00+00:00"", ""valid_to"": null, ""confidence"": 1.0}"
link-359,dev:acx-18,port:acx-18:xe-0/0/1,HAS_PORT,10,protected,False,UP,"{""source"": ""config_backup"", ""method"": ""config_parse"", ""observed_at"": ""2026-05-15T00:00:00+00:00"", ""valid_from"": ""2026-05-15T00:00:00+00:00"", ""valid_to"": null, ""confidence"": 1.0}"
link-360,dev:acx-18,port:acx-18:xe-0/0/2,HAS_PORT,10,protected,False,UP,"{""source"": ""config_backup"", ""method"": ""config_parse"", ""observed_at"": ""2026-05-15T00:00:00+00:00"", ""valid_from"": ""2026-05-15T00:00:00+00:00"", ""valid_to"": null, ""confidence"": 1.0}"
link-361,dev:acx-18,port:acx-18:xe-0/0/3,HAS_PORT,10,protected,False,UP,"{""source"": ""config_backup"", ""method"": ""config_parse"", ""observed_at"": ""2026-05-15T00:00:00+00:00"", ""valid_from"": ""2026-05-15T00:00:00+00:00"", ""valid_to"": null, ""confidence"": 1.0}"
link-362,port:acx-18:et-0/0/0,link:acx-18:et-0/0/0--mx304-09:xe-0/1/2,TERMINATES,100,protected,False,UP,"{""link_end"": ""a"", ""source"": ""nms"", ""method"": ""lldp"", ""observed_at"": ""2026-05-15T00:00:00+00:00"", ""valid_from"": ""2026-05-15T00:00:00+00:00"", ""valid_to"": null, ""confidence"": 1.0}"
link-363,port:mx304-09:xe-0/1/2,link:acx-18:et-0/0/0--mx304-09:xe-0/1/2,TERMINATES,10,protected,False,UP,"{""link_end"": ""z"", ""source"": ""nms"", ""method"": ""lldp"", ""observed_at"": ""2026-05-15T00:00:00+00:00"", ""valid_from"": ""2026-05-15T00:00:00+00:00"", ""valid_to"": null, ""confidence"": 1.0}"
link-364,chg:acx-234-attempt,dev:acx-18,TARGETS,10,protected,False,UP,"{""source"": ""change_record"", ""method"": ""vendor_export"", ""observed_at"": ""2026-05-15T00:00:00+00:00"", ""valid_from"": ""2026-05-15T00:00:00+00:00"", ""valid_to"": null, ""confidence"": 1.0}"
link-365,site:06,dev:acx-19,CONTAINS,10,protected,False,UP,"{""source"": ""inventory_review"", ""method"": ""vendor_export"", ""observed_at"": ""2026-05-15T00:00:00+00:00"", ""valid_from"": ""2026-05-15T00:00:00+00:00"", ""valid_to"": null, ""confidence"": 1.0}"
link-366,dev:acx-19,sw:junos-22.4R3-S7.5,RUNS,10,protected,False,UP,"{""source"": ""inventory_review"", ""method"": ""vendor_export"", ""observed_at"": ""2026-05-15T00:00:00+00:00"", ""valid_from"": ""2026-05-15T00:00:00+00:00"", ""valid_to"": null, ""confidence"": 1.0}"
link-367,dev:acx-19,port:acx-19:et-0/0/0,HAS_PORT,10,protected,False,UP,"{""source"": ""config_backup"", ""method"": ""config_parse"", ""observed_at"": ""2026-05-15T00:00:00+00:00"", ""valid_from"": ""2026-05-15T00:00:00+00:00"", ""valid_to"": null, ""confidence"": 1.0}"
link-368,dev:acx-19,port:acx-19:et-0/0/1,HAS_PORT,10,protected,False,UP,"{""source"": ""config_backup"", ""method"": ""config_parse"", ""observed_at"": ""2026-05-15T00:00:00+00:00"", ""valid_from"": ""2026-05-15T00:00:00+00:00"", ""valid_to"": null, ""confidence"": 1.0}"
link-369,dev:acx-19,port:acx-19:xe-0/0/0,HAS_PORT,10,protected,False,UP,"{""source"": ""config_backup"", ""method"": ""config_parse"", ""observed_at"": ""2026-05-15T00:00:00+00:00"", ""valid_from"": ""2026-05-15T00:00:00+00:00"", ""valid_to"": null, ""confidence"": 1.0}"
link-370,dev:acx-19,port:acx-19:xe-0/0/1,HAS_PORT,10,protected,False,UP,"{""source"": ""config_backup"", ""method"": ""config_parse"", ""observed_at"": ""2026-05-15T00:00:00+00:00"", ""valid_from"": ""2026-05-15T00:00:00+00:00"", ""valid_to"": null, ""confidence"": 1.0}"
link-371,dev:acx-19,port:acx-19:xe-0/0/2,HAS_PORT,10,protected,False,UP,"{""source"": ""config_backup"", ""method"": ""config_parse"", ""observed_at"": ""2026-05-15T00:00:00+00:00"", ""valid_from"": ""2026-05-15T00:00:00+00:00"", ""valid_to"": null, ""confidence"": 1.0}"
link-372,dev:acx-19,port:acx-19:xe-0/0/3,HAS_PORT,10,protected,False,UP,"{""source"": ""config_backup"", ""method"": ""config_parse"", ""observed_at"": ""2026-05-15T00:00:00+00:00"", ""valid_from"": ""2026-05-15T00:00:00+00:00"", ""valid_to"": null, ""confidence"": 1.0}"
link-373,port:acx-19:et-0/0/0,link:acx-19:et-0/0/0--mx304-sang:xe-0/1/3,TERMINATES,100,unprotected,False,UP,"{""link_end"": ""a"", ""source"": ""nms"", ""method"": ""lldp"", ""observed_at"": ""2026-05-15T00:00:00+00:00"", ""valid_from"": ""2026-05-15T00:00:00+00:00"", ""valid_to"": null, ""confidence"": 1.0}"
link-374,port:mx304-sang:xe-0/1/3,link:acx-19:et-0/0/0--mx304-sang:xe-0/1/3,TERMINATES,10,unprotected,True,UP,"{""link_end"": ""z"", ""source"": ""nms"", ""method"": ""lldp"", ""observed_at"": ""2026-05-15T00:00:00+00:00"", ""valid_from"": ""2026-05-15T00:00:00+00:00"", ""valid_to"": null, ""confidence"": 1.0}"
link-375,chg:acx-234-attempt,dev:acx-19,TARGETS,10,protected,False,UP,"{""source"": ""change_record"", ""method"": ""vendor_export"", ""observed_at"": ""2026-05-15T00:00:00+00:00"", ""valid_from"": ""2026-05-15T00:00:00+00:00"", ""valid_to"": null, ""confidence"": 1.0}"
link-376,site:07,dev:acx-20,CONTAINS,10,protected,False,UP,"{""source"": ""inventory_review"", ""method"": ""vendor_export"", ""observed_at"": ""2026-05-15T00:00:00+00:00"", ""valid_from"": ""2026-05-15T00:00:00+00:00"", ""valid_to"": null, ""confidence"": 1.0}"
link-377,dev:acx-20,sw:junos-22.4R3-S7.5,RUNS,10,protected,False,UP,"{""source"": ""inventory_review"", ""method"": ""vendor_export"", ""observed_at"": ""2026-05-15T00:00:00+00:00"", ""valid_from"": ""2026-05-15T00:00:00+00:00"", ""valid_to"": null, ""confidence"": 1.0}"
link-378,dev:acx-20,port:acx-20:et-0/0/0,HAS_PORT,10,protected,False,UP,"{""source"": ""config_backup"", ""method"": ""config_parse"", ""observed_at"": ""2026-05-15T00:00:00+00:00"", ""valid_from"": ""2026-05-15T00:00:00+00:00"", ""valid_to"": null, ""confidence"": 1.0}"
link-379,dev:acx-20,port:acx-20:et-0/0/1,HAS_PORT,10,protected,False,UP,"{""source"": ""config_backup"", ""method"": ""config_parse"", ""observed_at"": ""2026-05-15T00:00:00+00:00"", ""valid_from"": ""2026-05-15T00:00:00+00:00"", ""valid_to"": null, ""confidence"": 1.0}"
link-380,dev:acx-20,port:acx-20:xe-0/0/0,HAS_PORT,10,protected,False,UP,"{""source"": ""config_backup"", ""method"": ""config_parse"", ""observed_at"": ""2026-05-15T00:00:00+00:00"", ""valid_from"": ""2026-05-15T00:00:00+00:00"", ""valid_to"": null, ""confidence"": 1.0}"
link-381,dev:acx-20,port:acx-20:xe-0/0/1,HAS_PORT,10,protected,False,UP,"{""source"": ""config_backup"", ""method"": ""config_parse"", ""observed_at"": ""2026-05-15T00:00:00+00:00"", ""valid_from"": ""2026-05-15T00:00:00+00:00"", ""valid_to"": null, ""confidence"": 1.0}"
link-382,dev:acx-20,port:acx-20:xe-0/0/2,HAS_PORT,10,protected,False,UP,"{""source"": ""config_backup"", ""method"": ""config_parse"", ""observed_at"": ""2026-05-15T00:00:00+00:00"", ""valid_from"": ""2026-05-15T00:00:00+00:00"", ""valid_to"": null, ""confidence"": 1.0}"
link-383,dev:acx-20,port:acx-20:xe-0/0/3,HAS_PORT,10,protected,False,UP,"{""source"": ""config_backup"", ""method"": ""config_parse"", ""observed_at"": ""2026-05-15T00:00:00+00:00"", ""valid_from"": ""2026-05-15T00:00:00+00:00"", ""valid_to"": null, ""confidence"": 1.0}"
link-384,port:acx-20:et-0/0/0,link:acx-20:et-0/0/0--mx304-02:xe-0/1/4,TERMINATES,100,protected,False,UP,"{""link_end"": ""a"", ""source"": ""nms"", ""method"": ""lldp"", ""observed_at"": ""2026-05-15T00:00:00+00:00"", ""valid_from"": ""2026-05-15T00:00:00+00:00"", ""valid_to"": null, ""confidence"": 1.0}"
link-385,port:mx304-02:xe-0/1/4,link:acx-20:et-0/0/0--mx304-02:xe-0/1/4,TERMINATES,10,protected,False,UP,"{""link_end"": ""z"", ""source"": ""nms"", ""method"": ""lldp"", ""observed_at"": ""2026-05-15T00:00:00+00:00"", ""valid_from"": ""2026-05-15T00:00:00+00:00"", ""valid_to"": null, ""confidence"": 1.0}"
link-386,chg:acx-234-attempt,dev:acx-20,TARGETS,10,protected,False,UP,"{""source"": ""change_record"", ""method"": ""vendor_export"", ""observed_at"": ""2026-05-15T00:00:00+00:00"", ""valid_from"": ""2026-05-15T00:00:00+00:00"", ""valid_to"": null, ""confidence"": 1.0}"
link-387,site:08,dev:acx-21,CONTAINS,10,protected,False,UP,"{""source"": ""inventory_review"", ""method"": ""vendor_export"", ""observed_at"": ""2026-05-15T00:00:00+00:00"", ""valid_from"": ""2026-05-15T00:00:00+00:00"", ""valid_to"": null, ""confidence"": 1.0}"
link-388,dev:acx-21,sw:junos-22.4R3-S7.5,RUNS,10,protected,False,UP,"{""source"": ""inventory_review"", ""method"": ""vendor_export"", ""observed_at"": ""2026-05-15T00:00:00+00:00"", ""valid_from"": ""2026-05-15T00:00:00+00:00"", ""valid_to"": null, ""confidence"": 1.0}"
link-389,dev:acx-21,port:acx-21:et-0/0/0,HAS_PORT,10,protected,False,UP,"{""source"": ""config_backup"", ""method"": ""config_parse"", ""observed_at"": ""2026-05-15T00:00:00+00:00"", ""valid_from"": ""2026-05-15T00:00:00+00:00"", ""valid_to"": null, ""confidence"": 1.0}"
link-390,dev:acx-21,port:acx-21:et-0/0/1,HAS_PORT,10,protected,False,UP,"{""source"": ""config_backup"", ""method"": ""config_parse"", ""observed_at"": ""2026-05-15T00:00:00+00:00"", ""valid_from"": ""2026-05-15T00:00:00+00:00"", ""valid_to"": null, ""confidence"": 1.0}"
link-391,dev:acx-21,port:acx-21:xe-0/0/0,HAS_PORT,10,protected,False,UP,"{""source"": ""config_backup"", ""method"": ""config_parse"", ""observed_at"": ""2026-05-15T00:00:00+00:00"", ""valid_from"": ""2026-05-15T00:00:00+00:00"", ""valid_to"": null, ""confidence"": 1.0}"
link-392,dev:acx-21,port:acx-21:xe-0/0/1,HAS_PORT,10,protected,False,UP,"{""source"": ""config_backup"", ""method"": ""config_parse"", ""observed_at"": ""2026-05-15T00:00:00+00:00"", ""valid_from"": ""2026-05-15T00:00:00+00:00"", ""valid_to"": null, ""confidence"": 1.0}"
link-393,dev:acx-21,port:acx-21:xe-0/0/2,HAS_PORT,10,protected,False,UP,"{""source"": ""config_backup"", ""method"": ""config_parse"", ""observed_at"": ""2026-05-15T00:00:00+00:00"", ""valid_from"": ""2026-05-15T00:00:00+00:00"", ""valid_to"": null, ""confidence"": 1.0}"
link-394,dev:acx-21,port:acx-21:xe-0/0/3,HAS_PORT,10,protected,False,UP,"{""source"": ""config_backup"", ""method"": ""config_parse"", ""observed_at"": ""2026-05-15T00:00:00+00:00"", ""valid_from"": ""2026-05-15T00:00:00+00:00"", ""valid_to"": null, ""confidence"": 1.0}"
link-395,port:acx-21:et-0/0/0,link:acx-21:et-0/0/0--mx304-03:xe-0/1/5,TERMINATES,100,protected,False,UP,"{""link_end"": ""a"", ""source"": ""nms"", ""method"": ""lldp"", ""observed_at"": ""2026-05-15T00:00:00+00:00"", ""valid_from"": ""2026-05-15T00:00:00+00:00"", ""valid_to"": null, ""confidence"": 1.0}"
link-396,port:mx304-03:xe-0/1/5,link:acx-21:et-0/0/0--mx304-03:xe-0/1/5,TERMINATES,10,protected,False,UP,"{""link_end"": ""z"", ""source"": ""nms"", ""method"": ""lldp"", ""observed_at"": ""2026-05-15T00:00:00+00:00"", ""valid_from"": ""2026-05-15T00:00:00+00:00"", ""valid_to"": null, ""confidence"": 1.0}"
link-397,chg:acx-234-attempt,dev:acx-21,TARGETS,10,protected,False,UP,"{""source"": ""change_record"", ""method"": ""vendor_export"", ""observed_at"": ""2026-05-15T00:00:00+00:00"", ""valid_from"": ""2026-05-15T00:00:00+00:00"", ""valid_to"": null, ""confidence"": 1.0}"
link-398,site:09,dev:acx-22,CONTAINS,10,protected,False,UP,"{""source"": ""inventory_review"", ""method"": ""vendor_export"", ""observed_at"": ""2026-05-15T00:00:00+00:00"", ""valid_from"": ""2026-05-15T00:00:00+00:00"", ""valid_to"": null, ""confidence"": 1.0}"
link-399,dev:acx-22,sw:junos-22.4R3-S7.5,RUNS,10,protected,False,UP,"{""source"": ""inventory_review"", ""method"": ""vendor_export"", ""observed_at"": ""2026-05-15T00:00:00+00:00"", ""valid_from"": ""2026-05-15T00:00:00+00:00"", ""valid_to"": null, ""confidence"": 1.0}"
link-400,dev:acx-22,port:acx-22:et-0/0/0,HAS_PORT,10,protected,False,UP,"{""source"": ""config_backup"", ""method"": ""config_parse"", ""observed_at"": ""2026-05-15T00:00:00+00:00"", ""valid_from"": ""2026-05-15T00:00:00+00:00"", ""valid_to"": null, ""confidence"": 1.0}"
link-401,dev:acx-22,port:acx-22:et-0/0/1,HAS_PORT,10,protected,False,UP,"{""source"": ""config_backup"", ""method"": ""config_parse"", ""observed_at"": ""2026-05-15T00:00:00+00:00"", ""valid_from"": ""2026-05-15T00:00:00+00:00"", ""valid_to"": null, ""confidence"": 1.0}"
link-402,dev:acx-22,port:acx-22:xe-0/0/0,HAS_PORT,10,protected,False,UP,"{""source"": ""config_backup"", ""method"": ""config_parse"", ""observed_at"": ""2026-05-15T00:00:00+00:00"", ""valid_from"": ""2026-05-15T00:00:00+00:00"", ""valid_to"": null, ""confidence"": 1.0}"
link-403,dev:acx-22,port:acx-22:xe-0/0/1,HAS_PORT,10,protected,False,UP,"{""source"": ""config_backup"", ""method"": ""config_parse"", ""observed_at"": ""2026-05-15T00:00:00+00:00"", ""valid_from"": ""2026-05-15T00:00:00+00:00"", ""valid_to"": null, ""confidence"": 1.0}"
link-404,dev:acx-22,port:acx-22:xe-0/0/2,HAS_PORT,10,protected,False,UP,"{""source"": ""config_backup"", ""method"": ""config_parse"", ""observed_at"": ""2026-05-15T00:00:00+00:00"", ""valid_from"": ""2026-05-15T00:00:00+00:00"", ""valid_to"": null, ""confidence"": 1.0}"
link-405,dev:acx-22,port:acx-22:xe-0/0/3,HAS_PORT,10,protected,False,UP,"{""source"": ""config_backup"", ""method"": ""config_parse"", ""observed_at"": ""2026-05-15T00:00:00+00:00"", ""valid_from"": ""2026-05-15T00:00:00+00:00"", ""valid_to"": null, ""confidence"": 1.0}"
link-406,port:acx-22:et-0/0/0,link:acx-22:et-0/0/0--mx304-04:xe-0/1/6,TERMINATES,100,protected,False,UP,"{""link_end"": ""a"", ""source"": ""nms"", ""method"": ""lldp"", ""observed_at"": ""2026-05-15T00:00:00+00:00"", ""valid_from"": ""2026-05-15T00:00:00+00:00"", ""valid_to"": null, ""confidence"": 1.0}"
link-407,port:mx304-04:xe-0/1/6,link:acx-22:et-0/0/0--mx304-04:xe-0/1/6,TERMINATES,10,protected,False,UP,"{""link_end"": ""z"", ""source"": ""nms"", ""method"": ""lldp"", ""observed_at"": ""2026-05-15T00:00:00+00:00"", ""valid_from"": ""2026-05-15T00:00:00+00:00"", ""valid_to"": null, ""confidence"": 1.0}"
link-408,chg:acx-234-attempt,dev:acx-22,TARGETS,10,protected,False,UP,"{""source"": ""change_record"", ""method"": ""vendor_export"", ""observed_at"": ""2026-05-15T00:00:00+00:00"", ""valid_from"": ""2026-05-15T00:00:00+00:00"", ""valid_to"": null, ""confidence"": 1.0}"
link-409,site:10,dev:acx-23,CONTAINS,10,protected,False,UP,"{""source"": ""inventory_review"", ""method"": ""vendor_export"", ""observed_at"": ""2026-05-15T00:00:00+00:00"", ""valid_from"": ""2026-05-15T00:00:00+00:00"", ""valid_to"": null, ""confidence"": 1.0}"
link-410,dev:acx-23,sw:junos-22.4R3-S7.5,RUNS,10,protected,False,UP,"{""source"": ""inventory_review"", ""method"": ""vendor_export"", ""observed_at"": ""2026-05-15T00:00:00+00:00"", ""valid_from"": ""2026-05-15T00:00:00+00:00"", ""valid_to"": null, ""confidence"": 1.0}"
link-411,dev:acx-23,port:acx-23:et-0/0/0,HAS_PORT,10,protected,False,UP,"{""source"": ""config_backup"", ""method"": ""config_parse"", ""observed_at"": ""2026-05-15T00:00:00+00:00"", ""valid_from"": ""2026-05-15T00:00:00+00:00"", ""valid_to"": null, ""confidence"": 1.0}"
link-412,dev:acx-23,port:acx-23:et-0/0/1,HAS_PORT,10,protected,False,UP,"{""source"": ""config_backup"", ""method"": ""config_parse"", ""observed_at"": ""2026-05-15T00:00:00+00:00"", ""valid_from"": ""2026-05-15T00:00:00+00:00"", ""valid_to"": null, ""confidence"": 1.0}"
link-413,dev:acx-23,port:acx-23:xe-0/0/0,HAS_PORT,10,protected,False,UP,"{""source"": ""config_backup"", ""method"": ""config_parse"", ""observed_at"": ""2026-05-15T00:00:00+00:00"", ""valid_from"": ""2026-05-15T00:00:00+00:00"", ""valid_to"": null, ""confidence"": 1.0}"
link-414,dev:acx-23,port:acx-23:xe-0/0/1,HAS_PORT,10,protected,False,UP,"{""source"": ""config_backup"", ""method"": ""config_parse"", ""observed_at"": ""2026-05-15T00:00:00+00:00"", ""valid_from"": ""2026-05-15T00:00:00+00:00"", ""valid_to"": null, ""confidence"": 1.0}"
link-415,dev:acx-23,port:acx-23:xe-0/0/2,HAS_PORT,10,protected,False,UP,"{""source"": ""config_backup"", ""method"": ""config_parse"", ""observed_at"": ""2026-05-15T00:00:00+00:00"", ""valid_from"": ""2026-05-15T00:00:00+00:00"", ""valid_to"": null, ""confidence"": 1.0}"
link-416,dev:acx-23,port:acx-23:xe-0/0/3,HAS_PORT,10,protected,False,UP,"{""source"": ""config_backup"", ""method"": ""config_parse"", ""observed_at"": ""2026-05-15T00:00:00+00:00"", ""valid_from"": ""2026-05-15T00:00:00+00:00"", ""valid_to"": null, ""confidence"": 1.0}"
link-417,port:acx-23:et-0/0/0,link:acx-23:et-0/0/0--mx304-05:xe-0/1/7,TERMINATES,100,protected,False,UP,"{""link_end"": ""a"", ""source"": ""nms"", ""method"": ""lldp"", ""observed_at"": ""2026-05-15T00:00:00+00:00"", ""valid_from"": ""2026-05-15T00:00:00+00:00"", ""valid_to"": null, ""confidence"": 1.0}"
link-418,port:mx304-05:xe-0/1/7,link:acx-23:et-0/0/0--mx304-05:xe-0/1/7,TERMINATES,10,protected,False,UP,"{""link_end"": ""z"", ""source"": ""nms"", ""method"": ""lldp"", ""observed_at"": ""2026-05-15T00:00:00+00:00"", ""valid_from"": ""2026-05-15T00:00:00+00:00"", ""valid_to"": null, ""confidence"": 1.0}"
link-419,chg:acx-234-attempt,dev:acx-23,TARGETS,10,protected,False,UP,"{""source"": ""change_record"", ""method"": ""vendor_export"", ""observed_at"": ""2026-05-15T00:00:00+00:00"", ""valid_from"": ""2026-05-15T00:00:00+00:00"", ""valid_to"": null, ""confidence"": 1.0}"
link-420,site:03,dev:acx-24,CONTAINS,10,protected,False,UP,"{""source"": ""inventory_review"", ""method"": ""vendor_export"", ""observed_at"": ""2026-05-15T00:00:00+00:00"", ""valid_from"": ""2026-05-15T00:00:00+00:00"", ""valid_to"": null, ""confidence"": 1.0}"
link-421,dev:acx-24,sw:junos-22.4R3-S7.5,RUNS,10,protected,False,UP,"{""source"": ""inventory_review"", ""method"": ""vendor_export"", ""observed_at"": ""2026-05-15T00:00:00+00:00"", ""valid_from"": ""2026-05-15T00:00:00+00:00"", ""valid_to"": null, ""confidence"": 1.0}"
link-422,dev:acx-24,port:acx-24:et-0/0/0,HAS_PORT,10,protected,False,UP,"{""source"": ""config_backup"", ""method"": ""config_parse"", ""observed_at"": ""2026-05-15T00:00:00+00:00"", ""valid_from"": ""2026-05-15T00:00:00+00:00"", ""valid_to"": null, ""confidence"": 1.0}"
link-423,dev:acx-24,port:acx-24:et-0/0/1,HAS_PORT,10,protected,False,UP,"{""source"": ""config_backup"", ""method"": ""config_parse"", ""observed_at"": ""2026-05-15T00:00:00+00:00"", ""valid_from"": ""2026-05-15T00:00:00+00:00"", ""valid_to"": null, ""confidence"": 1.0}"
link-424,dev:acx-24,port:acx-24:xe-0/0/0,HAS_PORT,10,protected,False,UP,"{""source"": ""config_backup"", ""method"": ""config_parse"", ""observed_at"": ""2026-05-15T00:00:00+00:00"", ""valid_from"": ""2026-05-15T00:00:00+00:00"", ""valid_to"": null, ""confidence"": 1.0}"
link-425,dev:acx-24,port:acx-24:xe-0/0/1,HAS_PORT,10,protected,False,UP,"{""source"": ""config_backup"", ""method"": ""config_parse"", ""observed_at"": ""2026-05-15T00:00:00+00:00"", ""valid_from"": ""2026-05-15T00:00:00+00:00"", ""valid_to"": null, ""confidence"": 1.0}"
link-426,dev:acx-24,port:acx-24:xe-0/0/2,HAS_PORT,10,protected,False,UP,"{""source"": ""config_backup"", ""method"": ""config_parse"", ""observed_at"": ""2026-05-15T00:00:00+00:00"", ""valid_from"": ""2026-05-15T00:00:00+00:00"", ""valid_to"": null, ""confidence"": 1.0}"
link-427,dev:acx-24,port:acx-24:xe-0/0/3,HAS_PORT,10,protected,False,UP,"{""source"": ""config_backup"", ""method"": ""config_parse"", ""observed_at"": ""2026-05-15T00:00:00+00:00"", ""valid_from"": ""2026-05-15T00:00:00+00:00"", ""valid_to"": null, ""confidence"": 1.0}"
link-428,port:acx-24:et-0/0/0,link:acx-24:et-0/0/0--mx304-06:xe-0/1/0,TERMINATES,100,protected,False,UP,"{""link_end"": ""a"", ""source"": ""nms"", ""method"": ""lldp"", ""observed_at"": ""2026-05-15T00:00:00+00:00"", ""valid_from"": ""2026-05-15T00:00:00+00:00"", ""valid_to"": null, ""confidence"": 1.0}"
link-429,port:mx304-06:xe-0/1/0,link:acx-24:et-0/0/0--mx304-06:xe-0/1/0,TERMINATES,10,protected,False,UP,"{""link_end"": ""z"", ""source"": ""nms"", ""method"": ""lldp"", ""observed_at"": ""2026-05-15T00:00:00+00:00"", ""valid_from"": ""2026-05-15T00:00:00+00:00"", ""valid_to"": null, ""confidence"": 1.0}"
link-430,chg:acx-234-attempt,dev:acx-24,TARGETS,10,protected,False,UP,"{""source"": ""change_record"", ""method"": ""vendor_export"", ""observed_at"": ""2026-05-15T00:00:00+00:00"", ""valid_from"": ""2026-05-15T00:00:00+00:00"", ""valid_to"": null, ""confidence"": 1.0}"
link-431,site:04,dev:acx-25,CONTAINS,10,protected,False,UP,"{""source"": ""inventory_review"", ""method"": ""vendor_export"", ""observed_at"": ""2026-05-15T00:00:00+00:00"", ""valid_from"": ""2026-05-15T00:00:00+00:00"", ""valid_to"": null, ""confidence"": 1.0}"
link-432,dev:acx-25,sw:junos-22.4R3-S7.5,RUNS,10,protected,False,UP,"{""source"": ""inventory_review"", ""method"": ""vendor_export"", ""observed_at"": ""2026-05-15T00:00:00+00:00"", ""valid_from"": ""2026-05-15T00:00:00+00:00"", ""valid_to"": null, ""confidence"": 1.0}"
link-433,dev:acx-25,port:acx-25:et-0/0/0,HAS_PORT,10,protected,False,UP,"{""source"": ""config_backup"", ""method"": ""config_parse"", ""observed_at"": ""2026-05-15T00:00:00+00:00"", ""valid_from"": ""2026-05-15T00:00:00+00:00"", ""valid_to"": null, ""confidence"": 1.0}"
link-434,dev:acx-25,port:acx-25:et-0/0/1,HAS_PORT,10,protected,False,UP,"{""source"": ""config_backup"", ""method"": ""config_parse"", ""observed_at"": ""2026-05-15T00:00:00+00:00"", ""valid_from"": ""2026-05-15T00:00:00+00:00"", ""valid_to"": null, ""confidence"": 1.0}"
link-435,dev:acx-25,port:acx-25:xe-0/0/0,HAS_PORT,10,protected,False,UP,"{""source"": ""config_backup"", ""method"": ""config_parse"", ""observed_at"": ""2026-05-15T00:00:00+00:00"", ""valid_from"": ""2026-05-15T00:00:00+00:00"", ""valid_to"": null, ""confidence"": 1.0}"
link-436,dev:acx-25,port:acx-25:xe-0/0/1,HAS_PORT,10,protected,False,UP,"{""source"": ""config_backup"", ""method"": ""config_parse"", ""observed_at"": ""2026-05-15T00:00:00+00:00"", ""valid_from"": ""2026-05-15T00:00:00+00:00"", ""valid_to"": null, ""confidence"": 1.0}"
link-437,dev:acx-25,port:acx-25:xe-0/0/2,HAS_PORT,10,protected,False,UP,"{""source"": ""config_backup"", ""method"": ""config_parse"", ""observed_at"": ""2026-05-15T00:00:00+00:00"", ""valid_from"": ""2026-05-15T00:00:00+00:00"", ""valid_to"": null, ""confidence"": 1.0}"
link-438,dev:acx-25,port:acx-25:xe-0/0/3,HAS_PORT,10,protected,False,UP,"{""source"": ""config_backup"", ""method"": ""config_parse"", ""observed_at"": ""2026-05-15T00:00:00+00:00"", ""valid_from"": ""2026-05-15T00:00:00+00:00"", ""valid_to"": null, ""confidence"": 1.0}"
link-439,port:acx-25:et-0/0/0,link:acx-25:et-0/0/0--mx304-07:xe-0/1/1,TERMINATES,100,protected,False,UP,"{""link_end"": ""a"", ""source"": ""nms"", ""method"": ""lldp"", ""observed_at"": ""2026-05-15T00:00:00+00:00"", ""valid_from"": ""2026-05-15T00:00:00+00:00"", ""valid_to"": null, ""confidence"": 1.0}"
link-440,port:mx304-07:xe-0/1/1,link:acx-25:et-0/0/0--mx304-07:xe-0/1/1,TERMINATES,10,protected,False,UP,"{""link_end"": ""z"", ""source"": ""nms"", ""method"": ""lldp"", ""observed_at"": ""2026-05-15T00:00:00+00:00"", ""valid_from"": ""2026-05-15T00:00:00+00:00"", ""valid_to"": null, ""confidence"": 1.0}"
link-441,chg:acx-234-attempt,dev:acx-25,TARGETS,10,protected,False,UP,"{""source"": ""change_record"", ""method"": ""vendor_export"", ""observed_at"": ""2026-05-15T00:00:00+00:00"", ""valid_from"": ""2026-05-15T00:00:00+00:00"", ""valid_to"": null, ""confidence"": 1.0}"
link-442,site:05,dev:acx-26,CONTAINS,10,protected,False,UP,"{""source"": ""inventory_review"", ""method"": ""vendor_export"", ""observed_at"": ""2026-05-15T00:00:00+00:00"", ""valid_from"": ""2026-05-15T00:00:00+00:00"", ""valid_to"": null, ""confidence"": 1.0}"
link-443,dev:acx-26,sw:junos-22.4R3-S7.5,RUNS,10,protected,False,UP,"{""source"": ""inventory_review"", ""method"": ""vendor_export"", ""observed_at"": ""2026-05-15T00:00:00+00:00"", ""valid_from"": ""2026-05-15T00:00:00+00:00"", ""valid_to"": null, ""confidence"": 1.0}"
link-444,dev:acx-26,port:acx-26:et-0/0/0,HAS_PORT,10,protected,False,UP,"{""source"": ""config_backup"", ""method"": ""config_parse"", ""observed_at"": ""2026-05-15T00:00:00+00:00"", ""valid_from"": ""2026-05-15T00:00:00+00:00"", ""valid_to"": null, ""confidence"": 1.0}"
link-445,dev:acx-26,port:acx-26:et-0/0/1,HAS_PORT,10,protected,False,UP,"{""source"": ""config_backup"", ""method"": ""config_parse"", ""observed_at"": ""2026-05-15T00:00:00+00:00"", ""valid_from"": ""2026-05-15T00:00:00+00:00"", ""valid_to"": null, ""confidence"": 1.0}"
link-446,dev:acx-26,port:acx-26:xe-0/0/0,HAS_PORT,10,protected,False,UP,"{""source"": ""config_backup"", ""method"": ""config_parse"", ""observed_at"": ""2026-05-15T00:00:00+00:00"", ""valid_from"": ""2026-05-15T00:00:00+00:00"", ""valid_to"": null, ""confidence"": 1.0}"
link-447,dev:acx-26,port:acx-26:xe-0/0/1,HAS_PORT,10,protected,False,UP,"{""source"": ""config_backup"", ""method"": ""config_parse"", ""observed_at"": ""2026-05-15T00:00:00+00:00"", ""valid_from"": ""2026-05-15T00:00:00+00:00"", ""valid_to"": null, ""confidence"": 1.0}"
link-448,dev:acx-26,port:acx-26:xe-0/0/2,HAS_PORT,10,protected,False,UP,"{""source"": ""config_backup"", ""method"": ""config_parse"", ""observed_at"": ""2026-05-15T00:00:00+00:00"", ""valid_from"": ""2026-05-15T00:00:00+00:00"", ""valid_to"": null, ""confidence"": 1.0}"
link-449,dev:acx-26,port:acx-26:xe-0/0/3,HAS_PORT,10,protected,False,UP,"{""source"": ""config_backup"", ""method"": ""config_parse"", ""observed_at"": ""2026-05-15T00:00:00+00:00"", ""valid_from"": ""2026-05-15T00:00:00+00:00"", ""valid_to"": null, ""confidence"": 1.0}"
link-450,port:acx-26:et-0/0/0,link:acx-26:et-0/0/0--mx304-08:xe-0/1/2,TERMINATES,100,protected,False,UP,"{""link_end"": ""a"", ""source"": ""nms"", ""method"": ""lldp"", ""observed_at"": ""2026-05-15T00:00:00+00:00"", ""valid_from"": ""2026-05-15T00:00:00+00:00"", ""valid_to"": null, ""confidence"": 1.0}"
link-451,port:mx304-08:xe-0/1/2,link:acx-26:et-0/0/0--mx304-08:xe-0/1/2,TERMINATES,10,protected,False,UP,"{""link_end"": ""z"", ""source"": ""nms"", ""method"": ""lldp"", ""observed_at"": ""2026-05-15T00:00:00+00:00"", ""valid_from"": ""2026-05-15T00:00:00+00:00"", ""valid_to"": null, ""confidence"": 1.0}"
link-452,chg:acx-234-attempt,dev:acx-26,TARGETS,10,protected,False,UP,"{""source"": ""change_record"", ""method"": ""vendor_export"", ""observed_at"": ""2026-05-15T00:00:00+00:00"", ""valid_from"": ""2026-05-15T00:00:00+00:00"", ""valid_to"": null, ""confidence"": 1.0}"
link-453,site:06,dev:acx-27,CONTAINS,10,protected,False,UP,"{""source"": ""inventory_review"", ""method"": ""vendor_export"", ""observed_at"": ""2026-05-15T00:00:00+00:00"", ""valid_from"": ""2026-05-15T00:00:00+00:00"", ""valid_to"": null, ""confidence"": 1.0}"
link-454,dev:acx-27,sw:junos-22.4R3-S7.5,RUNS,10,protected,False,UP,"{""source"": ""inventory_review"", ""method"": ""vendor_export"", ""observed_at"": ""2026-05-15T00:00:00+00:00"", ""valid_from"": ""2026-05-15T00:00:00+00:00"", ""valid_to"": null, ""confidence"": 1.0}"
link-455,dev:acx-27,port:acx-27:et-0/0/0,HAS_PORT,10,protected,False,UP,"{""source"": ""config_backup"", ""method"": ""config_parse"", ""observed_at"": ""2026-05-15T00:00:00+00:00"", ""valid_from"": ""2026-05-15T00:00:00+00:00"", ""valid_to"": null, ""confidence"": 1.0}"
link-456,dev:acx-27,port:acx-27:et-0/0/1,HAS_PORT,10,protected,False,UP,"{""source"": ""config_backup"", ""method"": ""config_parse"", ""observed_at"": ""2026-05-15T00:00:00+00:00"", ""valid_from"": ""2026-05-15T00:00:00+00:00"", ""valid_to"": null, ""confidence"": 1.0}"
link-457,dev:acx-27,port:acx-27:xe-0/0/0,HAS_PORT,10,protected,False,UP,"{""source"": ""config_backup"", ""method"": ""config_parse"", ""observed_at"": ""2026-05-15T00:00:00+00:00"", ""valid_from"": ""2026-05-15T00:00:00+00:00"", ""valid_to"": null, ""confidence"": 1.0}"
link-458,dev:acx-27,port:acx-27:xe-0/0/1,HAS_PORT,10,protected,False,UP,"{""source"": ""config_backup"", ""method"": ""config_parse"", ""observed_at"": ""2026-05-15T00:00:00+00:00"", ""valid_from"": ""2026-05-15T00:00:00+00:00"", ""valid_to"": null, ""confidence"": 1.0}"
link-459,dev:acx-27,port:acx-27:xe-0/0/2,HAS_PORT,10,protected,False,UP,"{""source"": ""config_backup"", ""method"": ""config_parse"", ""observed_at"": ""2026-05-15T00:00:00+00:00"", ""valid_from"": ""2026-05-15T00:00:00+00:00"", ""valid_to"": null, ""confidence"": 1.0}"
link-460,dev:acx-27,port:acx-27:xe-0/0/3,HAS_PORT,10,protected,False,UP,"{""source"": ""config_backup"", ""method"": ""config_parse"", ""observed_at"": ""2026-05-15T00:00:00+00:00"", ""valid_from"": ""2026-05-15T00:00:00+00:00"", ""valid_to"": null, ""confidence"": 1.0}"
link-461,port:acx-27:et-0/0/0,link:acx-27:et-0/0/0--mx304-09:xe-0/1/3,TERMINATES,100,protected,False,UP,"{""link_end"": ""a"", ""source"": ""nms"", ""method"": ""lldp"", ""observed_at"": ""2026-05-15T00:00:00+00:00"", ""valid_from"": ""2026-05-15T00:00:00+00:00"", ""valid_to"": null, ""confidence"": 1.0}"
link-462,port:mx304-09:xe-0/1/3,link:acx-27:et-0/0/0--mx304-09:xe-0/1/3,TERMINATES,10,protected,False,UP,"{""link_end"": ""z"", ""source"": ""nms"", ""method"": ""lldp"", ""observed_at"": ""2026-05-15T00:00:00+00:00"", ""valid_from"": ""2026-05-15T00:00:00+00:00"", ""valid_to"": null, ""confidence"": 1.0}"
link-463,chg:acx-234-attempt,dev:acx-27,TARGETS,10,protected,False,UP,"{""source"": ""change_record"", ""method"": ""vendor_export"", ""observed_at"": ""2026-05-15T00:00:00+00:00"", ""valid_from"": ""2026-05-15T00:00:00+00:00"", ""valid_to"": null, ""confidence"": 1.0}"
link-464,site:07,dev:acx-28,CONTAINS,10,protected,False,UP,"{""source"": ""inventory_review"", ""method"": ""vendor_export"", ""observed_at"": ""2026-05-15T00:00:00+00:00"", ""valid_from"": ""2026-05-15T00:00:00+00:00"", ""valid_to"": null, ""confidence"": 1.0}"
link-465,dev:acx-28,sw:junos-22.4R3-S7.5,RUNS,10,protected,False,UP,"{""source"": ""inventory_review"", ""method"": ""vendor_export"", ""observed_at"": ""2026-05-15T00:00:00+00:00"", ""valid_from"": ""2026-05-15T00:00:00+00:00"", ""valid_to"": null, ""confidence"": 1.0}"
link-466,dev:acx-28,port:acx-28:et-0/0/0,HAS_PORT,10,protected,False,UP,"{""source"": ""config_backup"", ""method"": ""config_parse"", ""observed_at"": ""2026-05-15T00:00:00+00:00"", ""valid_from"": ""2026-05-15T00:00:00+00:00"", ""valid_to"": null, ""confidence"": 1.0}"
link-467,dev:acx-28,port:acx-28:et-0/0/1,HAS_PORT,10,protected,False,UP,"{""source"": ""config_backup"", ""method"": ""config_parse"", ""observed_at"": ""2026-05-15T00:00:00+00:00"", ""valid_from"": ""2026-05-15T00:00:00+00:00"", ""valid_to"": null, ""confidence"": 1.0}"
link-468,dev:acx-28,port:acx-28:xe-0/0/0,HAS_PORT,10,protected,False,UP,"{""source"": ""config_backup"", ""method"": ""config_parse"", ""observed_at"": ""2026-05-15T00:00:00+00:00"", ""valid_from"": ""2026-05-15T00:00:00+00:00"", ""valid_to"": null, ""confidence"": 1.0}"
link-469,dev:acx-28,port:acx-28:xe-0/0/1,HAS_PORT,10,protected,False,UP,"{""source"": ""config_backup"", ""method"": ""config_parse"", ""observed_at"": ""2026-05-15T00:00:00+00:00"", ""valid_from"": ""2026-05-15T00:00:00+00:00"", ""valid_to"": null, ""confidence"": 1.0}"
link-470,dev:acx-28,port:acx-28:xe-0/0/2,HAS_PORT,10,protected,False,UP,"{""source"": ""config_backup"", ""method"": ""config_parse"", ""observed_at"": ""2026-05-15T00:00:00+00:00"", ""valid_from"": ""2026-05-15T00:00:00+00:00"", ""valid_to"": null, ""confidence"": 1.0}"
link-471,dev:acx-28,port:acx-28:xe-0/0/3,HAS_PORT,10,protected,False,UP,"{""source"": ""config_backup"", ""method"": ""config_parse"", ""observed_at"": ""2026-05-15T00:00:00+00:00"", ""valid_from"": ""2026-05-15T00:00:00+00:00"", ""valid_to"": null, ""confidence"": 1.0}"
link-472,port:acx-28:et-0/0/0,link:acx-28:et-0/0/0--mx304-sang:xe-0/1/4,TERMINATES,100,unprotected,False,UP,"{""link_end"": ""a"", ""source"": ""nms"", ""method"": ""lldp"", ""observed_at"": ""2026-05-15T00:00:00+00:00"", ""valid_from"": ""2026-05-15T00:00:00+00:00"", ""valid_to"": null, ""confidence"": 1.0}"
link-473,port:mx304-sang:xe-0/1/4,link:acx-28:et-0/0/0--mx304-sang:xe-0/1/4,TERMINATES,10,unprotected,True,UP,"{""link_end"": ""z"", ""source"": ""nms"", ""method"": ""lldp"", ""observed_at"": ""2026-05-15T00:00:00+00:00"", ""valid_from"": ""2026-05-15T00:00:00+00:00"", ""valid_to"": null, ""confidence"": 1.0}"
link-474,chg:acx-234-attempt,dev:acx-28,TARGETS,10,protected,False,UP,"{""source"": ""change_record"", ""method"": ""vendor_export"", ""observed_at"": ""2026-05-15T00:00:00+00:00"", ""valid_from"": ""2026-05-15T00:00:00+00:00"", ""valid_to"": null, ""confidence"": 1.0}"
link-475,site:08,dev:acx-29,CONTAINS,10,protected,False,UP,"{""source"": ""inventory_review"", ""method"": ""vendor_export"", ""observed_at"": ""2026-05-15T00:00:00+00:00"", ""valid_from"": ""2026-05-15T00:00:00+00:00"", ""valid_to"": null, ""confidence"": 1.0}"
link-476,dev:acx-29,sw:junos-22.4R3-S7.5,RUNS,10,protected,False,UP,"{""source"": ""inventory_review"", ""method"": ""vendor_export"", ""observed_at"": ""2026-05-15T00:00:00+00:00"", ""valid_from"": ""2026-05-15T00:00:00+00:00"", ""valid_to"": null, ""confidence"": 1.0}"
link-477,dev:acx-29,port:acx-29:et-0/0/0,HAS_PORT,10,protected,False,UP,"{""source"": ""config_backup"", ""method"": ""config_parse"", ""observed_at"": ""2026-05-15T00:00:00+00:00"", ""valid_from"": ""2026-05-15T00:00:00+00:00"", ""valid_to"": null, ""confidence"": 1.0}"
link-478,dev:acx-29,port:acx-29:et-0/0/1,HAS_PORT,10,protected,False,UP,"{""source"": ""config_backup"", ""method"": ""config_parse"", ""observed_at"": ""2026-05-15T00:00:00+00:00"", ""valid_from"": ""2026-05-15T00:00:00+00:00"", ""valid_to"": null, ""confidence"": 1.0}"
link-479,dev:acx-29,port:acx-29:xe-0/0/0,HAS_PORT,10,protected,False,UP,"{""source"": ""config_backup"", ""method"": ""config_parse"", ""observed_at"": ""2026-05-15T00:00:00+00:00"", ""valid_from"": ""2026-05-15T00:00:00+00:00"", ""valid_to"": null, ""confidence"": 1.0}"
link-480,dev:acx-29,port:acx-29:xe-0/0/1,HAS_PORT,10,protected,False,UP,"{""source"": ""config_backup"", ""method"": ""config_parse"", ""observed_at"": ""2026-05-15T00:00:00+00:00"", ""valid_from"": ""2026-05-15T00:00:00+00:00"", ""valid_to"": null, ""confidence"": 1.0}"
link-481,dev:acx-29,port:acx-29:xe-0/0/2,HAS_PORT,10,protected,False,UP,"{""source"": ""config_backup"", ""method"": ""config_parse"", ""observed_at"": ""2026-05-15T00:00:00+00:00"", ""valid_from"": ""2026-05-15T00:00:00+00:00"", ""valid_to"": null, ""confidence"": 1.0}"
link-482,dev:acx-29,port:acx-29:xe-0/0/3,HAS_PORT,10,protected,False,UP,"{""source"": ""config_backup"", ""method"": ""config_parse"", ""observed_at"": ""2026-05-15T00:00:00+00:00"", ""valid_from"": ""2026-05-15T00:00:00+00:00"", ""valid_to"": null, ""confidence"": 1.0}"
link-483,port:acx-29:et-0/0/0,link:acx-29:et-0/0/0--mx304-02:xe-0/1/5,TERMINATES,100,protected,False,UP,"{""link_end"": ""a"", ""source"": ""nms"", ""method"": ""lldp"", ""observed_at"": ""2026-05-15T00:00:00+00:00"", ""valid_from"": ""2026-05-15T00:00:00+00:00"", ""valid_to"": null, ""confidence"": 1.0}"
link-484,port:mx304-02:xe-0/1/5,link:acx-29:et-0/0/0--mx304-02:xe-0/1/5,TERMINATES,10,protected,False,UP,"{""link_end"": ""z"", ""source"": ""nms"", ""method"": ""lldp"", ""observed_at"": ""2026-05-15T00:00:00+00:00"", ""valid_from"": ""2026-05-15T00:00:00+00:00"", ""valid_to"": null, ""confidence"": 1.0}"
link-485,chg:acx-234-attempt,dev:acx-29,TARGETS,10,protected,False,UP,"{""source"": ""change_record"", ""method"": ""vendor_export"", ""observed_at"": ""2026-05-15T00:00:00+00:00"", ""valid_from"": ""2026-05-15T00:00:00+00:00"", ""valid_to"": null, ""confidence"": 1.0}"
link-486,site:09,dev:acx-30,CONTAINS,10,protected,False,UP,"{""source"": ""inventory_review"", ""method"": ""vendor_export"", ""observed_at"": ""2026-05-15T00:00:00+00:00"", ""valid_from"": ""2026-05-15T00:00:00+00:00"", ""valid_to"": null, ""confidence"": 1.0}"
link-487,dev:acx-30,sw:junos-22.4R3-S7.5,RUNS,10,protected,False,UP,"{""source"": ""inventory_review"", ""method"": ""vendor_export"", ""observed_at"": ""2026-05-15T00:00:00+00:00"", ""valid_from"": ""2026-05-15T00:00:00+00:00"", ""valid_to"": null, ""confidence"": 1.0}"
link-488,dev:acx-30,port:acx-30:et-0/0/0,HAS_PORT,10,protected,False,UP,"{""source"": ""config_backup"", ""method"": ""config_parse"", ""observed_at"": ""2026-05-15T00:00:00+00:00"", ""valid_from"": ""2026-05-15T00:00:00+00:00"", ""valid_to"": null, ""confidence"": 1.0}"
link-489,dev:acx-30,port:acx-30:et-0/0/1,HAS_PORT,10,protected,False,UP,"{""source"": ""config_backup"", ""method"": ""config_parse"", ""observed_at"": ""2026-05-15T00:00:00+00:00"", ""valid_from"": ""2026-05-15T00:00:00+00:00"", ""valid_to"": null, ""confidence"": 1.0}"
link-490,dev:acx-30,port:acx-30:xe-0/0/0,HAS_PORT,10,protected,False,UP,"{""source"": ""config_backup"", ""method"": ""config_parse"", ""observed_at"": ""2026-05-15T00:00:00+00:00"", ""valid_from"": ""2026-05-15T00:00:00+00:00"", ""valid_to"": null, ""confidence"": 1.0}"
link-491,dev:acx-30,port:acx-30:xe-0/0/1,HAS_PORT,10,protected,False,UP,"{""source"": ""config_backup"", ""method"": ""config_parse"", ""observed_at"": ""2026-05-15T00:00:00+00:00"", ""valid_from"": ""2026-05-15T00:00:00+00:00"", ""valid_to"": null, ""confidence"": 1.0}"
link-492,dev:acx-30,port:acx-30:xe-0/0/2,HAS_PORT,10,protected,False,UP,"{""source"": ""config_backup"", ""method"": ""config_parse"", ""observed_at"": ""2026-05-15T00:00:00+00:00"", ""valid_from"": ""2026-05-15T00:00:00+00:00"", ""valid_to"": null, ""confidence"": 1.0}"
link-493,dev:acx-30,port:acx-30:xe-0/0/3,HAS_PORT,10,protected,False,UP,"{""source"": ""config_backup"", ""method"": ""config_parse"", ""observed_at"": ""2026-05-15T00:00:00+00:00"", ""valid_from"": ""2026-05-15T00:00:00+00:00"", ""valid_to"": null, ""confidence"": 1.0}"
link-494,port:acx-30:et-0/0/0,link:acx-30:et-0/0/0--mx304-03:xe-0/1/6,TERMINATES,100,protected,False,UP,"{""link_end"": ""a"", ""source"": ""nms"", ""method"": ""lldp"", ""observed_at"": ""2026-05-15T00:00:00+00:00"", ""valid_from"": ""2026-05-15T00:00:00+00:00"", ""valid_to"": null, ""confidence"": 1.0}"
link-495,port:mx304-03:xe-0/1/6,link:acx-30:et-0/0/0--mx304-03:xe-0/1/6,TERMINATES,10,protected,False,UP,"{""link_end"": ""z"", ""source"": ""nms"", ""method"": ""lldp"", ""observed_at"": ""2026-05-15T00:00:00+00:00"", ""valid_from"": ""2026-05-15T00:00:00+00:00"", ""valid_to"": null, ""confidence"": 1.0}"
link-496,chg:acx-234-attempt,dev:acx-30,TARGETS,10,protected,False,UP,"{""source"": ""change_record"", ""method"": ""vendor_export"", ""observed_at"": ""2026-05-15T00:00:00+00:00"", ""valid_from"": ""2026-05-15T00:00:00+00:00"", ""valid_to"": null, ""confidence"": 1.0}"
link-497,site:10,dev:acx-31,CONTAINS,10,protected,False,UP,"{""source"": ""inventory_review"", ""method"": ""vendor_export"", ""observed_at"": ""2026-05-15T00:00:00+00:00"", ""valid_from"": ""2026-05-15T00:00:00+00:00"", ""valid_to"": null, ""confidence"": 1.0}"
link-498,dev:acx-31,sw:junos-22.4R3-S7.5,RUNS,10,protected,False,UP,"{""source"": ""inventory_review"", ""method"": ""vendor_export"", ""observed_at"": ""2026-05-15T00:00:00+00:00"", ""valid_from"": ""2026-05-15T00:00:00+00:00"", ""valid_to"": null, ""confidence"": 1.0}"
link-499,dev:acx-31,port:acx-31:et-0/0/0,HAS_PORT,10,protected,False,UP,"{""source"": ""config_backup"", ""method"": ""config_parse"", ""observed_at"": ""2026-05-15T00:00:00+00:00"", ""valid_from"": ""2026-05-15T00:00:00+00:00"", ""valid_to"": null, ""confidence"": 1.0}"
link-500,dev:acx-31,port:acx-31:et-0/0/1,HAS_PORT,10,protected,False,UP,"{""source"": ""config_backup"", ""method"": ""config_parse"", ""observed_at"": ""2026-05-15T00:00:00+00:00"", ""valid_from"": ""2026-05-15T00:00:00+00:00"", ""valid_to"": null, ""confidence"": 1.0}"
link-501,dev:acx-31,port:acx-31:xe-0/0/0,HAS_PORT,10,protected,False,UP,"{""source"": ""config_backup"", ""method"": ""config_parse"", ""observed_at"": ""2026-05-15T00:00:00+00:00"", ""valid_from"": ""2026-05-15T00:00:00+00:00"", ""valid_to"": null, ""confidence"": 1.0}"
link-502,dev:acx-31,port:acx-31:xe-0/0/1,HAS_PORT,10,protected,False,UP,"{""source"": ""config_backup"", ""method"": ""config_parse"", ""observed_at"": ""2026-05-15T00:00:00+00:00"", ""valid_from"": ""2026-05-15T00:00:00+00:00"", ""valid_to"": null, ""confidence"": 1.0}"
link-503,dev:acx-31,port:acx-31:xe-0/0/2,HAS_PORT,10,protected,False,UP,"{""source"": ""config_backup"", ""method"": ""config_parse"", ""observed_at"": ""2026-05-15T00:00:00+00:00"", ""valid_from"": ""2026-05-15T00:00:00+00:00"", ""valid_to"": null, ""confidence"": 1.0}"
link-504,dev:acx-31,port:acx-31:xe-0/0/3,HAS_PORT,10,protected,False,UP,"{""source"": ""config_backup"", ""method"": ""config_parse"", ""observed_at"": ""2026-05-15T00:00:00+00:00"", ""valid_from"": ""2026-05-15T00:00:00+00:00"", ""valid_to"": null, ""confidence"": 1.0}"
link-505,port:acx-31:et-0/0/0,link:acx-31:et-0/0/0--mx304-04:xe-0/1/7,TERMINATES,100,protected,False,UP,"{""link_end"": ""a"", ""source"": ""nms"", ""method"": ""lldp"", ""observed_at"": ""2026-05-15T00:00:00+00:00"", ""valid_from"": ""2026-05-15T00:00:00+00:00"", ""valid_to"": null, ""confidence"": 1.0}"
link-506,port:mx304-04:xe-0/1/7,link:acx-31:et-0/0/0--mx304-04:xe-0/1/7,TERMINATES,10,protected,False,UP,"{""link_end"": ""z"", ""source"": ""nms"", ""method"": ""lldp"", ""observed_at"": ""2026-05-15T00:00:00+00:00"", ""valid_from"": ""2026-05-15T00:00:00+00:00"", ""valid_to"": null, ""confidence"": 1.0}"
link-507,chg:acx-234-attempt,dev:acx-31,TARGETS,10,protected,False,UP,"{""source"": ""change_record"", ""method"": ""vendor_export"", ""observed_at"": ""2026-05-15T00:00:00+00:00"", ""valid_from"": ""2026-05-15T00:00:00+00:00"", ""valid_to"": null, ""confidence"": 1.0}"
link-508,site:03,dev:acx-32,CONTAINS,10,protected,False,UP,"{""source"": ""inventory_review"", ""method"": ""vendor_export"", ""observed_at"": ""2026-05-15T00:00:00+00:00"", ""valid_from"": ""2026-05-15T00:00:00+00:00"", ""valid_to"": null, ""confidence"": 1.0}"
link-509,dev:acx-32,sw:junos-22.4R3-S7.5,RUNS,10,protected,False,UP,"{""source"": ""inventory_review"", ""method"": ""vendor_export"", ""observed_at"": ""2026-05-15T00:00:00+00:00"", ""valid_from"": ""2026-05-15T00:00:00+00:00"", ""valid_to"": null, ""confidence"": 1.0}"
link-510,dev:acx-32,port:acx-32:et-0/0/0,HAS_PORT,10,protected,False,UP,"{""source"": ""config_backup"", ""method"": ""config_parse"", ""observed_at"": ""2026-05-15T00:00:00+00:00"", ""valid_from"": ""2026-05-15T00:00:00+00:00"", ""valid_to"": null, ""confidence"": 1.0}"
link-511,dev:acx-32,port:acx-32:et-0/0/1,HAS_PORT,10,protected,False,UP,"{""source"": ""config_backup"", ""method"": ""config_parse"", ""observed_at"": ""2026-05-15T00:00:00+00:00"", ""valid_from"": ""2026-05-15T00:00:00+00:00"", ""valid_to"": null, ""confidence"": 1.0}"
link-512,dev:acx-32,port:acx-32:xe-0/0/0,HAS_PORT,10,protected,False,UP,"{""source"": ""config_backup"", ""method"": ""config_parse"", ""observed_at"": ""2026-05-15T00:00:00+00:00"", ""valid_from"": ""2026-05-15T00:00:00+00:00"", ""valid_to"": null, ""confidence"": 1.0}"
link-513,dev:acx-32,port:acx-32:xe-0/0/1,HAS_PORT,10,protected,False,UP,"{""source"": ""config_backup"", ""method"": ""config_parse"", ""observed_at"": ""2026-05-15T00:00:00+00:00"", ""valid_from"": ""2026-05-15T00:00:00+00:00"", ""valid_to"": null, ""confidence"": 1.0}"
link-514,dev:acx-32,port:acx-32:xe-0/0/2,HAS_PORT,10,protected,False,UP,"{""source"": ""config_backup"", ""method"": ""config_parse"", ""observed_at"": ""2026-05-15T00:00:00+00:00"", ""valid_from"": ""2026-05-15T00:00:00+00:00"", ""valid_to"": null, ""confidence"": 1.0}"
link-515,dev:acx-32,port:acx-32:xe-0/0/3,HAS_PORT,10,protected,False,UP,"{""source"": ""config_backup"", ""method"": ""config_parse"", ""observed_at"": ""2026-05-15T00:00:00+00:00"", ""valid_from"": ""2026-05-15T00:00:00+00:00"", ""valid_to"": null, ""confidence"": 1.0}"
link-516,port:acx-32:et-0/0/0,link:acx-32:et-0/0/0--mx304-05:xe-0/1/0,TERMINATES,100,protected,False,UP,"{""link_end"": ""a"", ""source"": ""nms"", ""method"": ""lldp"", ""observed_at"": ""2026-05-15T00:00:00+00:00"", ""valid_from"": ""2026-05-15T00:00:00+00:00"", ""valid_to"": null, ""confidence"": 1.0}"
link-517,port:mx304-05:xe-0/1/0,link:acx-32:et-0/0/0--mx304-05:xe-0/1/0,TERMINATES,10,protected,False,UP,"{""link_end"": ""z"", ""source"": ""nms"", ""method"": ""lldp"", ""observed_at"": ""2026-05-15T00:00:00+00:00"", ""valid_from"": ""2026-05-15T00:00:00+00:00"", ""valid_to"": null, ""confidence"": 1.0}"
link-518,chg:acx-234-attempt,dev:acx-32,TARGETS,10,protected,False,UP,"{""source"": ""change_record"", ""method"": ""vendor_export"", ""observed_at"": ""2026-05-15T00:00:00+00:00"", ""valid_from"": ""2026-05-15T00:00:00+00:00"", ""valid_to"": null, ""confidence"": 1.0}"
link-519,site:04,dev:acx-33,CONTAINS,10,protected,False,UP,"{""source"": ""inventory_review"", ""method"": ""vendor_export"", ""observed_at"": ""2026-05-15T00:00:00+00:00"", ""valid_from"": ""2026-05-15T00:00:00+00:00"", ""valid_to"": null, ""confidence"": 1.0}"
link-520,dev:acx-33,sw:junos-22.4R3-S7.5,RUNS,10,protected,False,UP,"{""source"": ""inventory_review"", ""method"": ""vendor_export"", ""observed_at"": ""2026-05-15T00:00:00+00:00"", ""valid_from"": ""2026-05-15T00:00:00+00:00"", ""valid_to"": null, ""confidence"": 1.0}"
link-521,dev:acx-33,port:acx-33:et-0/0/0,HAS_PORT,10,protected,False,UP,"{""source"": ""config_backup"", ""method"": ""config_parse"", ""observed_at"": ""2026-05-15T00:00:00+00:00"", ""valid_from"": ""2026-05-15T00:00:00+00:00"", ""valid_to"": null, ""confidence"": 1.0}"
link-522,dev:acx-33,port:acx-33:et-0/0/1,HAS_PORT,10,protected,False,UP,"{""source"": ""config_backup"", ""method"": ""config_parse"", ""observed_at"": ""2026-05-15T00:00:00+00:00"", ""valid_from"": ""2026-05-15T00:00:00+00:00"", ""valid_to"": null, ""confidence"": 1.0}"
link-523,dev:acx-33,port:acx-33:xe-0/0/0,HAS_PORT,10,protected,False,UP,"{""source"": ""config_backup"", ""method"": ""config_parse"", ""observed_at"": ""2026-05-15T00:00:00+00:00"", ""valid_from"": ""2026-05-15T00:00:00+00:00"", ""valid_to"": null, ""confidence"": 1.0}"
link-524,dev:acx-33,port:acx-33:xe-0/0/1,HAS_PORT,10,protected,False,UP,"{""source"": ""config_backup"", ""method"": ""config_parse"", ""observed_at"": ""2026-05-15T00:00:00+00:00"", ""valid_from"": ""2026-05-15T00:00:00+00:00"", ""valid_to"": null, ""confidence"": 1.0}"
link-525,dev:acx-33,port:acx-33:xe-0/0/2,HAS_PORT,10,protected,False,UP,"{""source"": ""config_backup"", ""method"": ""config_parse"", ""observed_at"": ""2026-05-15T00:00:00+00:00"", ""valid_from"": ""2026-05-15T00:00:00+00:00"", ""valid_to"": null, ""confidence"": 1.0}"
link-526,dev:acx-33,port:acx-33:xe-0/0/3,HAS_PORT,10,protected,False,UP,"{""source"": ""config_backup"", ""method"": ""config_parse"", ""observed_at"": ""2026-05-15T00:00:00+00:00"", ""valid_from"": ""2026-05-15T00:00:00+00:00"", ""valid_to"": null, ""confidence"": 1.0}"
link-527,port:acx-33:et-0/0/0,link:acx-33:et-0/0/0--mx304-06:xe-0/1/1,TERMINATES,100,protected,False,UP,"{""link_end"": ""a"", ""source"": ""nms"", ""method"": ""lldp"", ""observed_at"": ""2026-05-15T00:00:00+00:00"", ""valid_from"": ""2026-05-15T00:00:00+00:00"", ""valid_to"": null, ""confidence"": 1.0}"
link-528,port:mx304-06:xe-0/1/1,link:acx-33:et-0/0/0--mx304-06:xe-0/1/1,TERMINATES,10,protected,False,UP,"{""link_end"": ""z"", ""source"": ""nms"", ""method"": ""lldp"", ""observed_at"": ""2026-05-15T00:00:00+00:00"", ""valid_from"": ""2026-05-15T00:00:00+00:00"", ""valid_to"": null, ""confidence"": 1.0}"
link-529,chg:acx-234-attempt,dev:acx-33,TARGETS,10,protected,False,UP,"{""source"": ""change_record"", ""method"": ""vendor_export"", ""observed_at"": ""2026-05-15T00:00:00+00:00"", ""valid_from"": ""2026-05-15T00:00:00+00:00"", ""valid_to"": null, ""confidence"": 1.0}"
link-530,site:05,dev:acx-34,CONTAINS,10,protected,False,UP,"{""source"": ""inventory_review"", ""method"": ""vendor_export"", ""observed_at"": ""2026-05-15T00:00:00+00:00"", ""valid_from"": ""2026-05-15T00:00:00+00:00"", ""valid_to"": null, ""confidence"": 1.0}"
link-531,dev:acx-34,sw:junos-22.4R3-S7.5,RUNS,10,protected,False,UP,"{""source"": ""inventory_review"", ""method"": ""vendor_export"", ""observed_at"": ""2026-05-15T00:00:00+00:00"", ""valid_from"": ""2026-05-15T00:00:00+00:00"", ""valid_to"": null, ""confidence"": 1.0}"
link-532,dev:acx-34,port:acx-34:et-0/0/0,HAS_PORT,10,protected,False,UP,"{""source"": ""config_backup"", ""method"": ""config_parse"", ""observed_at"": ""2026-05-15T00:00:00+00:00"", ""valid_from"": ""2026-05-15T00:00:00+00:00"", ""valid_to"": null, ""confidence"": 1.0}"
link-533,dev:acx-34,port:acx-34:et-0/0/1,HAS_PORT,10,protected,False,UP,"{""source"": ""config_backup"", ""method"": ""config_parse"", ""observed_at"": ""2026-05-15T00:00:00+00:00"", ""valid_from"": ""2026-05-15T00:00:00+00:00"", ""valid_to"": null, ""confidence"": 1.0}"
link-534,dev:acx-34,port:acx-34:xe-0/0/0,HAS_PORT,10,protected,False,UP,"{""source"": ""config_backup"", ""method"": ""config_parse"", ""observed_at"": ""2026-05-15T00:00:00+00:00"", ""valid_from"": ""2026-05-15T00:00:00+00:00"", ""valid_to"": null, ""confidence"": 1.0}"
link-535,dev:acx-34,port:acx-34:xe-0/0/1,HAS_PORT,10,protected,False,UP,"{""source"": ""config_backup"", ""method"": ""config_parse"", ""observed_at"": ""2026-05-15T00:00:00+00:00"", ""valid_from"": ""2026-05-15T00:00:00+00:00"", ""valid_to"": null, ""confidence"": 1.0}"
link-536,dev:acx-34,port:acx-34:xe-0/0/2,HAS_PORT,10,protected,False,UP,"{""source"": ""config_backup"", ""method"": ""config_parse"", ""observed_at"": ""2026-05-15T00:00:00+00:00"", ""valid_from"": ""2026-05-15T00:00:00+00:00"", ""valid_to"": null, ""confidence"": 1.0}"
link-537,dev:acx-34,port:acx-34:xe-0/0/3,HAS_PORT,10,protected,False,UP,"{""source"": ""config_backup"", ""method"": ""config_parse"", ""observed_at"": ""2026-05-15T00:00:00+00:00"", ""valid_from"": ""2026-05-15T00:00:00+00:00"", ""valid_to"": null, ""confidence"": 1.0}"
link-538,port:acx-34:et-0/0/0,link:acx-34:et-0/0/0--mx304-07:xe-0/1/2,TERMINATES,100,protected,False,UP,"{""link_end"": ""a"", ""source"": ""nms"", ""method"": ""lldp"", ""observed_at"": ""2026-05-15T00:00:00+00:00"", ""valid_from"": ""2026-05-15T00:00:00+00:00"", ""valid_to"": null, ""confidence"": 1.0}"
link-539,port:mx304-07:xe-0/1/2,link:acx-34:et-0/0/0--mx304-07:xe-0/1/2,TERMINATES,10,protected,False,UP,"{""link_end"": ""z"", ""source"": ""nms"", ""method"": ""lldp"", ""observed_at"": ""2026-05-15T00:00:00+00:00"", ""valid_from"": ""2026-05-15T00:00:00+00:00"", ""valid_to"": null, ""confidence"": 1.0}"
link-540,chg:acx-234-attempt,dev:acx-34,TARGETS,10,protected,False,UP,"{""source"": ""change_record"", ""method"": ""vendor_export"", ""observed_at"": ""2026-05-15T00:00:00+00:00"", ""valid_from"": ""2026-05-15T00:00:00+00:00"", ""valid_to"": null, ""confidence"": 1.0}"
link-541,site:06,dev:acx-35,CONTAINS,10,protected,False,UP,"{""source"": ""inventory_review"", ""method"": ""vendor_export"", ""observed_at"": ""2026-05-15T00:00:00+00:00"", ""valid_from"": ""2026-05-15T00:00:00+00:00"", ""valid_to"": null, ""confidence"": 1.0}"
link-542,dev:acx-35,sw:junos-22.4R3-S7.5,RUNS,10,protected,False,UP,"{""source"": ""inventory_review"", ""method"": ""vendor_export"", ""observed_at"": ""2026-05-15T00:00:00+00:00"", ""valid_from"": ""2026-05-15T00:00:00+00:00"", ""valid_to"": null, ""confidence"": 1.0}"
link-543,dev:acx-35,port:acx-35:et-0/0/0,HAS_PORT,10,protected,False,UP,"{""source"": ""config_backup"", ""method"": ""config_parse"", ""observed_at"": ""2026-05-15T00:00:00+00:00"", ""valid_from"": ""2026-05-15T00:00:00+00:00"", ""valid_to"": null, ""confidence"": 1.0}"
link-544,dev:acx-35,port:acx-35:et-0/0/1,HAS_PORT,10,protected,False,UP,"{""source"": ""config_backup"", ""method"": ""config_parse"", ""observed_at"": ""2026-05-15T00:00:00+00:00"", ""valid_from"": ""2026-05-15T00:00:00+00:00"", ""valid_to"": null, ""confidence"": 1.0}"
link-545,dev:acx-35,port:acx-35:xe-0/0/0,HAS_PORT,10,protected,False,UP,"{""source"": ""config_backup"", ""method"": ""config_parse"", ""observed_at"": ""2026-05-15T00:00:00+00:00"", ""valid_from"": ""2026-05-15T00:00:00+00:00"", ""valid_to"": null, ""confidence"": 1.0}"
link-546,dev:acx-35,port:acx-35:xe-0/0/1,HAS_PORT,10,protected,False,UP,"{""source"": ""config_backup"", ""method"": ""config_parse"", ""observed_at"": ""2026-05-15T00:00:00+00:00"", ""valid_from"": ""2026-05-15T00:00:00+00:00"", ""valid_to"": null, ""confidence"": 1.0}"
link-547,dev:acx-35,port:acx-35:xe-0/0/2,HAS_PORT,10,protected,False,UP,"{""source"": ""config_backup"", ""method"": ""config_parse"", ""observed_at"": ""2026-05-15T00:00:00+00:00"", ""valid_from"": ""2026-05-15T00:00:00+00:00"", ""valid_to"": null, ""confidence"": 1.0}"
link-548,dev:acx-35,port:acx-35:xe-0/0/3,HAS_PORT,10,protected,False,UP,"{""source"": ""config_backup"", ""method"": ""config_parse"", ""observed_at"": ""2026-05-15T00:00:00+00:00"", ""valid_from"": ""2026-05-15T00:00:00+00:00"", ""valid_to"": null, ""confidence"": 1.0}"
link-549,port:acx-35:et-0/0/0,link:acx-35:et-0/0/0--mx304-08:xe-0/1/3,TERMINATES,100,protected,False,UP,"{""link_end"": ""a"", ""source"": ""nms"", ""method"": ""lldp"", ""observed_at"": ""2026-05-15T00:00:00+00:00"", ""valid_from"": ""2026-05-15T00:00:00+00:00"", ""valid_to"": null, ""confidence"": 1.0}"
link-550,port:mx304-08:xe-0/1/3,link:acx-35:et-0/0/0--mx304-08:xe-0/1/3,TERMINATES,10,protected,False,UP,"{""link_end"": ""z"", ""source"": ""nms"", ""method"": ""lldp"", ""observed_at"": ""2026-05-15T00:00:00+00:00"", ""valid_from"": ""2026-05-15T00:00:00+00:00"", ""valid_to"": null, ""confidence"": 1.0}"
link-551,chg:acx-234-attempt,dev:acx-35,TARGETS,10,protected,False,UP,"{""source"": ""change_record"", ""method"": ""vendor_export"", ""observed_at"": ""2026-05-15T00:00:00+00:00"", ""valid_from"": ""2026-05-15T00:00:00+00:00"", ""valid_to"": null, ""confidence"": 1.0}"
link-552,site:07,dev:acx-36,CONTAINS,10,protected,False,UP,"{""source"": ""inventory_review"", ""method"": ""vendor_export"", ""observed_at"": ""2026-05-15T00:00:00+00:00"", ""valid_from"": ""2026-05-15T00:00:00+00:00"", ""valid_to"": null, ""confidence"": 1.0}"
link-553,dev:acx-36,sw:junos-22.4R3-S7.5,RUNS,10,protected,False,UP,"{""source"": ""inventory_review"", ""method"": ""vendor_export"", ""observed_at"": ""2026-05-15T00:00:00+00:00"", ""valid_from"": ""2026-05-15T00:00:00+00:00"", ""valid_to"": null, ""confidence"": 1.0}"
link-554,dev:acx-36,port:acx-36:et-0/0/0,HAS_PORT,10,protected,False,UP,"{""source"": ""config_backup"", ""method"": ""config_parse"", ""observed_at"": ""2026-05-15T00:00:00+00:00"", ""valid_from"": ""2026-05-15T00:00:00+00:00"", ""valid_to"": null, ""confidence"": 1.0}"
link-555,dev:acx-36,port:acx-36:et-0/0/1,HAS_PORT,10,protected,False,UP,"{""source"": ""config_backup"", ""method"": ""config_parse"", ""observed_at"": ""2026-05-15T00:00:00+00:00"", ""valid_from"": ""2026-05-15T00:00:00+00:00"", ""valid_to"": null, ""confidence"": 1.0}"
link-556,dev:acx-36,port:acx-36:xe-0/0/0,HAS_PORT,10,protected,False,UP,"{""source"": ""config_backup"", ""method"": ""config_parse"", ""observed_at"": ""2026-05-15T00:00:00+00:00"", ""valid_from"": ""2026-05-15T00:00:00+00:00"", ""valid_to"": null, ""confidence"": 1.0}"
link-557,dev:acx-36,port:acx-36:xe-0/0/1,HAS_PORT,10,protected,False,UP,"{""source"": ""config_backup"", ""method"": ""config_parse"", ""observed_at"": ""2026-05-15T00:00:00+00:00"", ""valid_from"": ""2026-05-15T00:00:00+00:00"", ""valid_to"": null, ""confidence"": 1.0}"
link-558,dev:acx-36,port:acx-36:xe-0/0/2,HAS_PORT,10,protected,False,UP,"{""source"": ""config_backup"", ""method"": ""config_parse"", ""observed_at"": ""2026-05-15T00:00:00+00:00"", ""valid_from"": ""2026-05-15T00:00:00+00:00"", ""valid_to"": null, ""confidence"": 1.0}"
link-559,dev:acx-36,port:acx-36:xe-0/0/3,HAS_PORT,10,protected,False,UP,"{""source"": ""config_backup"", ""method"": ""config_parse"", ""observed_at"": ""2026-05-15T00:00:00+00:00"", ""valid_from"": ""2026-05-15T00:00:00+00:00"", ""valid_to"": null, ""confidence"": 1.0}"
link-560,port:acx-36:et-0/0/0,link:acx-36:et-0/0/0--mx304-09:xe-0/1/4,TERMINATES,100,protected,False,UP,"{""link_end"": ""a"", ""source"": ""nms"", ""method"": ""lldp"", ""observed_at"": ""2026-05-15T00:00:00+00:00"", ""valid_from"": ""2026-05-15T00:00:00+00:00"", ""valid_to"": null, ""confidence"": 1.0}"
link-561,port:mx304-09:xe-0/1/4,link:acx-36:et-0/0/0--mx304-09:xe-0/1/4,TERMINATES,10,protected,False,UP,"{""link_end"": ""z"", ""source"": ""nms"", ""method"": ""lldp"", ""observed_at"": ""2026-05-15T00:00:00+00:00"", ""valid_from"": ""2026-05-15T00:00:00+00:00"", ""valid_to"": null, ""confidence"": 1.0}"
link-562,chg:acx-234-attempt,dev:acx-36,TARGETS,10,protected,False,UP,"{""source"": ""change_record"", ""method"": ""vendor_export"", ""observed_at"": ""2026-05-15T00:00:00+00:00"", ""valid_from"": ""2026-05-15T00:00:00+00:00"", ""valid_to"": null, ""confidence"": 1.0}"
link-563,site:08,dev:acx-37,CONTAINS,10,protected,False,UP,"{""source"": ""inventory_review"", ""method"": ""vendor_export"", ""observed_at"": ""2026-05-15T00:00:00+00:00"", ""valid_from"": ""2026-05-15T00:00:00+00:00"", ""valid_to"": null, ""confidence"": 1.0}"
link-564,dev:acx-37,sw:junos-22.4R3-S7.5,RUNS,10,protected,False,UP,"{""source"": ""inventory_review"", ""method"": ""vendor_export"", ""observed_at"": ""2026-05-15T00:00:00+00:00"", ""valid_from"": ""2026-05-15T00:00:00+00:00"", ""valid_to"": null, ""confidence"": 1.0}"
link-565,dev:acx-37,port:acx-37:et-0/0/0,HAS_PORT,10,protected,False,UP,"{""source"": ""config_backup"", ""method"": ""config_parse"", ""observed_at"": ""2026-05-15T00:00:00+00:00"", ""valid_from"": ""2026-05-15T00:00:00+00:00"", ""valid_to"": null, ""confidence"": 1.0}"
link-566,dev:acx-37,port:acx-37:et-0/0/1,HAS_PORT,10,protected,False,UP,"{""source"": ""config_backup"", ""method"": ""config_parse"", ""observed_at"": ""2026-05-15T00:00:00+00:00"", ""valid_from"": ""2026-05-15T00:00:00+00:00"", ""valid_to"": null, ""confidence"": 1.0}"
link-567,dev:acx-37,port:acx-37:xe-0/0/0,HAS_PORT,10,protected,False,UP,"{""source"": ""config_backup"", ""method"": ""config_parse"", ""observed_at"": ""2026-05-15T00:00:00+00:00"", ""valid_from"": ""2026-05-15T00:00:00+00:00"", ""valid_to"": null, ""confidence"": 1.0}"
link-568,dev:acx-37,port:acx-37:xe-0/0/1,HAS_PORT,10,protected,False,UP,"{""source"": ""config_backup"", ""method"": ""config_parse"", ""observed_at"": ""2026-05-15T00:00:00+00:00"", ""valid_from"": ""2026-05-15T00:00:00+00:00"", ""valid_to"": null, ""confidence"": 1.0}"
link-569,dev:acx-37,port:acx-37:xe-0/0/2,HAS_PORT,10,protected,False,UP,"{""source"": ""config_backup"", ""method"": ""config_parse"", ""observed_at"": ""2026-05-15T00:00:00+00:00"", ""valid_from"": ""2026-05-15T00:00:00+00:00"", ""valid_to"": null, ""confidence"": 1.0}"
link-570,dev:acx-37,port:acx-37:xe-0/0/3,HAS_PORT,10,protected,False,UP,"{""source"": ""config_backup"", ""method"": ""config_parse"", ""observed_at"": ""2026-05-15T00:00:00+00:00"", ""valid_from"": ""2026-05-15T00:00:00+00:00"", ""valid_to"": null, ""confidence"": 1.0}"
link-571,port:acx-37:et-0/0/0,link:acx-37:et-0/0/0--mx304-sang:xe-0/1/5,TERMINATES,100,unprotected,False,UP,"{""link_end"": ""a"", ""source"": ""nms"", ""method"": ""lldp"", ""observed_at"": ""2026-05-15T00:00:00+00:00"", ""valid_from"": ""2026-05-15T00:00:00+00:00"", ""valid_to"": null, ""confidence"": 1.0}"
link-572,port:mx304-sang:xe-0/1/5,link:acx-37:et-0/0/0--mx304-sang:xe-0/1/5,TERMINATES,10,unprotected,True,UP,"{""link_end"": ""z"", ""source"": ""nms"", ""method"": ""lldp"", ""observed_at"": ""2026-05-15T00:00:00+00:00"", ""valid_from"": ""2026-05-15T00:00:00+00:00"", ""valid_to"": null, ""confidence"": 1.0}"
link-573,chg:acx-234-attempt,dev:acx-37,TARGETS,10,protected,False,UP,"{""source"": ""change_record"", ""method"": ""vendor_export"", ""observed_at"": ""2026-05-15T00:00:00+00:00"", ""valid_from"": ""2026-05-15T00:00:00+00:00"", ""valid_to"": null, ""confidence"": 1.0}"
link-574,site:09,dev:acx-38,CONTAINS,10,protected,False,UP,"{""source"": ""inventory_review"", ""method"": ""vendor_export"", ""observed_at"": ""2026-05-15T00:00:00+00:00"", ""valid_from"": ""2026-05-15T00:00:00+00:00"", ""valid_to"": null, ""confidence"": 1.0}"
link-575,dev:acx-38,sw:junos-22.4R3-S7.5,RUNS,10,protected,False,UP,"{""source"": ""inventory_review"", ""method"": ""vendor_export"", ""observed_at"": ""2026-05-15T00:00:00+00:00"", ""valid_from"": ""2026-05-15T00:00:00+00:00"", ""valid_to"": null, ""confidence"": 1.0}"
link-576,dev:acx-38,port:acx-38:et-0/0/0,HAS_PORT,10,protected,False,UP,"{""source"": ""config_backup"", ""method"": ""config_parse"", ""observed_at"": ""2026-05-15T00:00:00+00:00"", ""valid_from"": ""2026-05-15T00:00:00+00:00"", ""valid_to"": null, ""confidence"": 1.0}"
link-577,dev:acx-38,port:acx-38:et-0/0/1,HAS_PORT,10,protected,False,UP,"{""source"": ""config_backup"", ""method"": ""config_parse"", ""observed_at"": ""2026-05-15T00:00:00+00:00"", ""valid_from"": ""2026-05-15T00:00:00+00:00"", ""valid_to"": null, ""confidence"": 1.0}"
link-578,dev:acx-38,port:acx-38:xe-0/0/0,HAS_PORT,10,protected,False,UP,"{""source"": ""config_backup"", ""method"": ""config_parse"", ""observed_at"": ""2026-05-15T00:00:00+00:00"", ""valid_from"": ""2026-05-15T00:00:00+00:00"", ""valid_to"": null, ""confidence"": 1.0}"
link-579,dev:acx-38,port:acx-38:xe-0/0/1,HAS_PORT,10,protected,False,UP,"{""source"": ""config_backup"", ""method"": ""config_parse"", ""observed_at"": ""2026-05-15T00:00:00+00:00"", ""valid_from"": ""2026-05-15T00:00:00+00:00"", ""valid_to"": null, ""confidence"": 1.0}"
link-580,dev:acx-38,port:acx-38:xe-0/0/2,HAS_PORT,10,protected,False,UP,"{""source"": ""config_backup"", ""method"": ""config_parse"", ""observed_at"": ""2026-05-15T00:00:00+00:00"", ""valid_from"": ""2026-05-15T00:00:00+00:00"", ""valid_to"": null, ""confidence"": 1.0}"
link-581,dev:acx-38,port:acx-38:xe-0/0/3,HAS_PORT,10,protected,False,UP,"{""source"": ""config_backup"", ""method"": ""config_parse"", ""observed_at"": ""2026-05-15T00:00:00+00:00"", ""valid_from"": ""2026-05-15T00:00:00+00:00"", ""valid_to"": null, ""confidence"": 1.0}"
link-582,port:acx-38:et-0/0/0,link:acx-38:et-0/0/0--mx304-02:xe-0/1/6,TERMINATES,100,protected,False,UP,"{""link_end"": ""a"", ""source"": ""nms"", ""method"": ""lldp"", ""observed_at"": ""2026-05-15T00:00:00+00:00"", ""valid_from"": ""2026-05-15T00:00:00+00:00"", ""valid_to"": null, ""confidence"": 1.0}"
link-583,port:mx304-02:xe-0/1/6,link:acx-38:et-0/0/0--mx304-02:xe-0/1/6,TERMINATES,10,protected,False,UP,"{""link_end"": ""z"", ""source"": ""nms"", ""method"": ""lldp"", ""observed_at"": ""2026-05-15T00:00:00+00:00"", ""valid_from"": ""2026-05-15T00:00:00+00:00"", ""valid_to"": null, ""confidence"": 1.0}"
link-584,chg:acx-234-attempt,dev:acx-38,TARGETS,10,protected,False,UP,"{""source"": ""change_record"", ""method"": ""vendor_export"", ""observed_at"": ""2026-05-15T00:00:00+00:00"", ""valid_from"": ""2026-05-15T00:00:00+00:00"", ""valid_to"": null, ""confidence"": 1.0}"
link-585,site:10,dev:acx-39,CONTAINS,10,protected,False,UP,"{""source"": ""inventory_review"", ""method"": ""vendor_export"", ""observed_at"": ""2026-05-15T00:00:00+00:00"", ""valid_from"": ""2026-05-15T00:00:00+00:00"", ""valid_to"": null, ""confidence"": 1.0}"
link-586,dev:acx-39,sw:junos-22.4R3-S7.5,RUNS,10,protected,False,UP,"{""source"": ""inventory_review"", ""method"": ""vendor_export"", ""observed_at"": ""2026-05-15T00:00:00+00:00"", ""valid_from"": ""2026-05-15T00:00:00+00:00"", ""valid_to"": null, ""confidence"": 1.0}"
link-587,dev:acx-39,port:acx-39:et-0/0/0,HAS_PORT,10,protected,False,UP,"{""source"": ""config_backup"", ""method"": ""config_parse"", ""observed_at"": ""2026-05-15T00:00:00+00:00"", ""valid_from"": ""2026-05-15T00:00:00+00:00"", ""valid_to"": null, ""confidence"": 1.0}"
link-588,dev:acx-39,port:acx-39:et-0/0/1,HAS_PORT,10,protected,False,UP,"{""source"": ""config_backup"", ""method"": ""config_parse"", ""observed_at"": ""2026-05-15T00:00:00+00:00"", ""valid_from"": ""2026-05-15T00:00:00+00:00"", ""valid_to"": null, ""confidence"": 1.0}"
link-589,dev:acx-39,port:acx-39:xe-0/0/0,HAS_PORT,10,protected,False,UP,"{""source"": ""config_backup"", ""method"": ""config_parse"", ""observed_at"": ""2026-05-15T00:00:00+00:00"", ""valid_from"": ""2026-05-15T00:00:00+00:00"", ""valid_to"": null, ""confidence"": 1.0}"
link-590,dev:acx-39,port:acx-39:xe-0/0/1,HAS_PORT,10,protected,False,UP,"{""source"": ""config_backup"", ""method"": ""config_parse"", ""observed_at"": ""2026-05-15T00:00:00+00:00"", ""valid_from"": ""2026-05-15T00:00:00+00:00"", ""valid_to"": null, ""confidence"": 1.0}"
link-591,dev:acx-39,port:acx-39:xe-0/0/2,HAS_PORT,10,protected,False,UP,"{""source"": ""config_backup"", ""method"": ""config_parse"", ""observed_at"": ""2026-05-15T00:00:00+00:00"", ""valid_from"": ""2026-05-15T00:00:00+00:00"", ""valid_to"": null, ""confidence"": 1.0}"
link-592,dev:acx-39,port:acx-39:xe-0/0/3,HAS_PORT,10,protected,False,UP,"{""source"": ""config_backup"", ""method"": ""config_parse"", ""observed_at"": ""2026-05-15T00:00:00+00:00"", ""valid_from"": ""2026-05-15T00:00:00+00:00"", ""valid_to"": null, ""confidence"": 1.0}"
link-593,port:acx-39:et-0/0/0,link:acx-39:et-0/0/0--mx304-03:xe-0/1/7,TERMINATES,100,protected,False,UP,"{""link_end"": ""a"", ""source"": ""nms"", ""method"": ""lldp"", ""observed_at"": ""2026-05-15T00:00:00+00:00"", ""valid_from"": ""2026-05-15T00:00:00+00:00"", ""valid_to"": null, ""confidence"": 1.0}"
link-594,port:mx304-03:xe-0/1/7,link:acx-39:et-0/0/0--mx304-03:xe-0/1/7,TERMINATES,10,protected,False,UP,"{""link_end"": ""z"", ""source"": ""nms"", ""method"": ""lldp"", ""observed_at"": ""2026-05-15T00:00:00+00:00"", ""valid_from"": ""2026-05-15T00:00:00+00:00"", ""valid_to"": null, ""confidence"": 1.0}"
link-595,chg:acx-234-attempt,dev:acx-39,TARGETS,10,protected,False,UP,"{""source"": ""change_record"", ""method"": ""vendor_export"", ""observed_at"": ""2026-05-15T00:00:00+00:00"", ""valid_from"": ""2026-05-15T00:00:00+00:00"", ""valid_to"": null, ""confidence"": 1.0}"
link-596,site:03,dev:acx-40,CONTAINS,10,protected,False,UP,"{""source"": ""inventory_review"", ""method"": ""vendor_export"", ""observed_at"": ""2026-05-15T00:00:00+00:00"", ""valid_from"": ""2026-05-15T00:00:00+00:00"", ""valid_to"": null, ""confidence"": 1.0}"
link-597,dev:acx-40,sw:junos-22.4R3-S7.5,RUNS,10,protected,False,UP,"{""source"": ""inventory_review"", ""method"": ""vendor_export"", ""observed_at"": ""2026-05-15T00:00:00+00:00"", ""valid_from"": ""2026-05-15T00:00:00+00:00"", ""valid_to"": null, ""confidence"": 1.0}"
link-598,dev:acx-40,port:acx-40:et-0/0/0,HAS_PORT,10,protected,False,UP,"{""source"": ""config_backup"", ""method"": ""config_parse"", ""observed_at"": ""2026-05-15T00:00:00+00:00"", ""valid_from"": ""2026-05-15T00:00:00+00:00"", ""valid_to"": null, ""confidence"": 1.0}"
link-599,dev:acx-40,port:acx-40:et-0/0/1,HAS_PORT,10,protected,False,UP,"{""source"": ""config_backup"", ""method"": ""config_parse"", ""observed_at"": ""2026-05-15T00:00:00+00:00"", ""valid_from"": ""2026-05-15T00:00:00+00:00"", ""valid_to"": null, ""confidence"": 1.0}"
link-600,dev:acx-40,port:acx-40:xe-0/0/0,HAS_PORT,10,protected,False,UP,"{""source"": ""config_backup"", ""method"": ""config_parse"", ""observed_at"": ""2026-05-15T00:00:00+00:00"", ""valid_from"": ""2026-05-15T00:00:00+00:00"", ""valid_to"": null, ""confidence"": 1.0}"
link-601,dev:acx-40,port:acx-40:xe-0/0/1,HAS_PORT,10,protected,False,UP,"{""source"": ""config_backup"", ""method"": ""config_parse"", ""observed_at"": ""2026-05-15T00:00:00+00:00"", ""valid_from"": ""2026-05-15T00:00:00+00:00"", ""valid_to"": null, ""confidence"": 1.0}"
link-602,dev:acx-40,port:acx-40:xe-0/0/2,HAS_PORT,10,protected,False,UP,"{""source"": ""config_backup"", ""method"": ""config_parse"", ""observed_at"": ""2026-05-15T00:00:00+00:00"", ""valid_from"": ""2026-05-15T00:00:00+00:00"", ""valid_to"": null, ""confidence"": 1.0}"
link-603,dev:acx-40,port:acx-40:xe-0/0/3,HAS_PORT,10,protected,False,UP,"{""source"": ""config_backup"", ""method"": ""config_parse"", ""observed_at"": ""2026-05-15T00:00:00+00:00"", ""valid_from"": ""2026-05-15T00:00:00+00:00"", ""valid_to"": null, ""confidence"": 1.0}"
link-604,port:acx-40:et-0/0/0,link:acx-40:et-0/0/0--mx304-04:xe-0/1/0,TERMINATES,100,protected,False,UP,"{""link_end"": ""a"", ""source"": ""nms"", ""method"": ""lldp"", ""observed_at"": ""2026-05-15T00:00:00+00:00"", ""valid_from"": ""2026-05-15T00:00:00+00:00"", ""valid_to"": null, ""confidence"": 1.0}"
link-605,port:mx304-04:xe-0/1/0,link:acx-40:et-0/0/0--mx304-04:xe-0/1/0,TERMINATES,10,protected,False,UP,"{""link_end"": ""z"", ""source"": ""nms"", ""method"": ""lldp"", ""observed_at"": ""2026-05-15T00:00:00+00:00"", ""valid_from"": ""2026-05-15T00:00:00+00:00"", ""valid_to"": null, ""confidence"": 1.0}"
link-606,chg:acx-234-attempt,dev:acx-40,TARGETS,10,protected,False,UP,"{""source"": ""change_record"", ""method"": ""vendor_export"", ""observed_at"": ""2026-05-15T00:00:00+00:00"", ""valid_from"": ""2026-05-15T00:00:00+00:00"", ""valid_to"": null, ""confidence"": 1.0}"
link-607,site:07,dev:olt-xg01,CONTAINS,10,protected,False,UP,"{""source"": ""inventory_review"", ""method"": ""vendor_export"", ""observed_at"": ""2026-05-15T00:00:00+00:00"", ""valid_from"": ""2026-05-15T00:00:00+00:00"", ""valid_to"": null, ""confidence"": 1.0}"
link-608,dev:olt-xg01,sw:axos-R26.1.0,RUNS,10,protected,False,UP,"{""source"": ""inventory_review"", ""method"": ""vendor_export"", ""observed_at"": ""2026-05-15T00:00:00+00:00"", ""valid_from"": ""2026-05-15T00:00:00+00:00"", ""valid_to"": null, ""confidence"": 1.0}"
link-609,dev:olt-xg01,port:olt-xg01:x1/0,HAS_PORT,10,protected,False,UP,"{""source"": ""config_backup"", ""method"": ""config_parse"", ""observed_at"": ""2026-05-15T00:00:00+00:00"", ""valid_from"": ""2026-05-15T00:00:00+00:00"", ""valid_to"": null, ""confidence"": 1.0}"
link-610,dev:olt-xg01,port:olt-xg01:x1/1,HAS_PORT,10,protected,False,UP,"{""source"": ""config_backup"", ""method"": ""config_parse"", ""observed_at"": ""2026-05-15T00:00:00+00:00"", ""valid_from"": ""2026-05-15T00:00:00+00:00"", ""valid_to"": null, ""confidence"": 1.0}"
link-611,dev:olt-xg01,port:olt-xg01:p1/0,HAS_PORT,10,protected,False,UP,"{""source"": ""config_backup"", ""method"": ""config_parse"", ""observed_at"": ""2026-05-15T00:00:00+00:00"", ""valid_from"": ""2026-05-15T00:00:00+00:00"", ""valid_to"": null, ""confidence"": 1.0}"
link-612,dev:olt-xg01,port:olt-xg01:p1/1,HAS_PORT,10,protected,False,UP,"{""source"": ""config_backup"", ""method"": ""config_parse"", ""observed_at"": ""2026-05-15T00:00:00+00:00"", ""valid_from"": ""2026-05-15T00:00:00+00:00"", ""valid_to"": null, ""confidence"": 1.0}"
link-613,dev:olt-xg01,port:olt-xg01:p1/2,HAS_PORT,10,protected,False,UP,"{""source"": ""config_backup"", ""method"": ""config_parse"", ""observed_at"": ""2026-05-15T00:00:00+00:00"", ""valid_from"": ""2026-05-15T00:00:00+00:00"", ""valid_to"": null, ""confidence"": 1.0}"
link-614,dev:olt-xg01,port:olt-xg01:p1/3,HAS_PORT,10,protected,False,UP,"{""source"": ""config_backup"", ""method"": ""config_parse"", ""observed_at"": ""2026-05-15T00:00:00+00:00"", ""valid_from"": ""2026-05-15T00:00:00+00:00"", ""valid_to"": null, ""confidence"": 1.0}"
link-615,port:olt-xg01:x1/0,link:olt-xg01:x1/0--acx-04:xe-0/0/1,TERMINATES,10,protected,False,UP,"{""link_end"": ""a"", ""source"": ""nms"", ""method"": ""lldp"", ""observed_at"": ""2026-05-15T00:00:00+00:00"", ""valid_from"": ""2026-05-15T00:00:00+00:00"", ""valid_to"": null, ""confidence"": 1.0}"
link-616,port:acx-04:xe-0/0/1,link:olt-xg01:x1/0--acx-04:xe-0/0/1,TERMINATES,10,protected,False,UP,"{""link_end"": ""z"", ""source"": ""nms"", ""method"": ""lldp"", ""observed_at"": ""2026-05-15T00:00:00+00:00"", ""valid_from"": ""2026-05-15T00:00:00+00:00"", ""valid_to"": null, ""confidence"": 1.0}"
link-617,port:olt-xg01:p1/0,pon:olt-xg01-0,SERVES,10,protected,False,UP,"{""source"": ""calix_export"", ""method"": ""vendor_export"", ""observed_at"": ""2026-05-15T00:00:00+00:00"", ""valid_from"": ""2026-05-15T00:00:00+00:00"", ""valid_to"": null, ""confidence"": 1.0}"
link-618,pon:olt-xg01-0,spl:olt-xg01-0,FEEDS,10,protected,False,UP,"{""source"": ""osp_records"", ""method"": ""manual"", ""observed_at"": ""2026-05-15T00:00:00+00:00"", ""valid_from"": ""2026-05-15T00:00:00+00:00"", ""valid_to"": null, ""confidence"": 0.8}"
link-619,port:olt-xg01:p1/1,pon:olt-xg01-1,SERVES,10,protected,False,UP,"{""source"": ""calix_export"", ""method"": ""vendor_export"", ""observed_at"": ""2026-05-15T00:00:00+00:00"", ""valid_from"": ""2026-05-15T00:00:00+00:00"", ""valid_to"": null, ""confidence"": 1.0}"
link-620,pon:olt-xg01-1,spl:olt-xg01-1,FEEDS,10,protected,False,UP,"{""source"": ""osp_records"", ""method"": ""manual"", ""observed_at"": ""2026-05-15T00:00:00+00:00"", ""valid_from"": ""2026-05-15T00:00:00+00:00"", ""valid_to"": null, ""confidence"": 0.8}"
link-621,port:olt-xg01:p1/2,pon:olt-xg01-2,SERVES,10,protected,False,UP,"{""source"": ""calix_export"", ""method"": ""vendor_export"", ""observed_at"": ""2026-05-15T00:00:00+00:00"", ""valid_from"": ""2026-05-15T00:00:00+00:00"", ""valid_to"": null, ""confidence"": 1.0}"
link-622,pon:olt-xg01-2,spl:olt-xg01-2,FEEDS,10,protected,False,UP,"{""source"": ""osp_records"", ""method"": ""manual"", ""observed_at"": ""2026-05-15T00:00:00+00:00"", ""valid_from"": ""2026-05-15T00:00:00+00:00"", ""valid_to"": null, ""confidence"": 0.8}"
link-623,port:olt-xg01:p1/3,pon:olt-xg01-3,SERVES,10,protected,False,UP,"{""source"": ""calix_export"", ""method"": ""vendor_export"", ""observed_at"": ""2026-05-15T00:00:00+00:00"", ""valid_from"": ""2026-05-15T00:00:00+00:00"", ""valid_to"": null, ""confidence"": 1.0}"
link-624,pon:olt-xg01-3,spl:olt-xg01-3,FEEDS,10,protected,False,UP,"{""source"": ""osp_records"", ""method"": ""manual"", ""observed_at"": ""2026-05-15T00:00:00+00:00"", ""valid_from"": ""2026-05-15T00:00:00+00:00"", ""valid_to"": null, ""confidence"": 0.8}"
link-625,site:10,dev:olt-xg02,CONTAINS,10,protected,False,UP,"{""source"": ""inventory_review"", ""method"": ""vendor_export"", ""observed_at"": ""2026-05-15T00:00:00+00:00"", ""valid_from"": ""2026-05-15T00:00:00+00:00"", ""valid_to"": null, ""confidence"": 1.0}"
link-626,dev:olt-xg02,sw:axos-R26.1.0,RUNS,10,protected,False,UP,"{""source"": ""inventory_review"", ""method"": ""vendor_export"", ""observed_at"": ""2026-05-15T00:00:00+00:00"", ""valid_from"": ""2026-05-15T00:00:00+00:00"", ""valid_to"": null, ""confidence"": 1.0}"
link-627,dev:olt-xg02,port:olt-xg02:x1/0,HAS_PORT,10,protected,False,UP,"{""source"": ""config_backup"", ""method"": ""config_parse"", ""observed_at"": ""2026-05-15T00:00:00+00:00"", ""valid_from"": ""2026-05-15T00:00:00+00:00"", ""valid_to"": null, ""confidence"": 1.0}"
link-628,dev:olt-xg02,port:olt-xg02:x1/1,HAS_PORT,10,protected,False,UP,"{""source"": ""config_backup"", ""method"": ""config_parse"", ""observed_at"": ""2026-05-15T00:00:00+00:00"", ""valid_from"": ""2026-05-15T00:00:00+00:00"", ""valid_to"": null, ""confidence"": 1.0}"
link-629,dev:olt-xg02,port:olt-xg02:p1/0,HAS_PORT,10,protected,False,UP,"{""source"": ""config_backup"", ""method"": ""config_parse"", ""observed_at"": ""2026-05-15T00:00:00+00:00"", ""valid_from"": ""2026-05-15T00:00:00+00:00"", ""valid_to"": null, ""confidence"": 1.0}"
link-630,dev:olt-xg02,port:olt-xg02:p1/1,HAS_PORT,10,protected,False,UP,"{""source"": ""config_backup"", ""method"": ""config_parse"", ""observed_at"": ""2026-05-15T00:00:00+00:00"", ""valid_from"": ""2026-05-15T00:00:00+00:00"", ""valid_to"": null, ""confidence"": 1.0}"
link-631,dev:olt-xg02,port:olt-xg02:p1/2,HAS_PORT,10,protected,False,UP,"{""source"": ""config_backup"", ""method"": ""config_parse"", ""observed_at"": ""2026-05-15T00:00:00+00:00"", ""valid_from"": ""2026-05-15T00:00:00+00:00"", ""valid_to"": null, ""confidence"": 1.0}"
link-632,dev:olt-xg02,port:olt-xg02:p1/3,HAS_PORT,10,protected,False,UP,"{""source"": ""config_backup"", ""method"": ""config_parse"", ""observed_at"": ""2026-05-15T00:00:00+00:00"", ""valid_from"": ""2026-05-15T00:00:00+00:00"", ""valid_to"": null, ""confidence"": 1.0}"
link-633,port:olt-xg02:x1/0,link:olt-xg02:x1/0--acx-07:xe-0/0/2,TERMINATES,10,protected,False,UP,"{""link_end"": ""a"", ""source"": ""nms"", ""method"": ""lldp"", ""observed_at"": ""2026-05-15T00:00:00+00:00"", ""valid_from"": ""2026-05-15T00:00:00+00:00"", ""valid_to"": null, ""confidence"": 1.0}"
link-634,port:acx-07:xe-0/0/2,link:olt-xg02:x1/0--acx-07:xe-0/0/2,TERMINATES,10,protected,False,UP,"{""link_end"": ""z"", ""source"": ""nms"", ""method"": ""lldp"", ""observed_at"": ""2026-05-15T00:00:00+00:00"", ""valid_from"": ""2026-05-15T00:00:00+00:00"", ""valid_to"": null, ""confidence"": 1.0}"
link-635,port:olt-xg02:p1/0,pon:olt-xg02-0,SERVES,10,protected,False,UP,"{""source"": ""calix_export"", ""method"": ""vendor_export"", ""observed_at"": ""2026-05-15T00:00:00+00:00"", ""valid_from"": ""2026-05-15T00:00:00+00:00"", ""valid_to"": null, ""confidence"": 1.0}"
link-636,pon:olt-xg02-0,spl:olt-xg02-0,FEEDS,10,protected,False,UP,"{""source"": ""osp_records"", ""method"": ""manual"", ""observed_at"": ""2026-05-15T00:00:00+00:00"", ""valid_from"": ""2026-05-15T00:00:00+00:00"", ""valid_to"": null, ""confidence"": 0.8}"
link-637,port:olt-xg02:p1/1,pon:olt-xg02-1,SERVES,10,protected,False,UP,"{""source"": ""calix_export"", ""method"": ""vendor_export"", ""observed_at"": ""2026-05-15T00:00:00+00:00"", ""valid_from"": ""2026-05-15T00:00:00+00:00"", ""valid_to"": null, ""confidence"": 1.0}"
link-638,pon:olt-xg02-1,spl:olt-xg02-1,FEEDS,10,protected,False,UP,"{""source"": ""osp_records"", ""method"": ""manual"", ""observed_at"": ""2026-05-15T00:00:00+00:00"", ""valid_from"": ""2026-05-15T00:00:00+00:00"", ""valid_to"": null, ""confidence"": 0.8}"
link-639,port:olt-xg02:p1/2,pon:olt-xg02-2,SERVES,10,protected,False,UP,"{""source"": ""calix_export"", ""method"": ""vendor_export"", ""observed_at"": ""2026-05-15T00:00:00+00:00"", ""valid_from"": ""2026-05-15T00:00:00+00:00"", ""valid_to"": null, ""confidence"": 1.0}"
link-640,pon:olt-xg02-2,spl:olt-xg02-2,FEEDS,10,protected,False,UP,"{""source"": ""osp_records"", ""method"": ""manual"", ""observed_at"": ""2026-05-15T00:00:00+00:00"", ""valid_from"": ""2026-05-15T00:00:00+00:00"", ""valid_to"": null, ""confidence"": 0.8}"
link-641,port:olt-xg02:p1/3,pon:olt-xg02-3,SERVES,10,protected,False,UP,"{""source"": ""calix_export"", ""method"": ""vendor_export"", ""observed_at"": ""2026-05-15T00:00:00+00:00"", ""valid_from"": ""2026-05-15T00:00:00+00:00"", ""valid_to"": null, ""confidence"": 1.0}"
link-642,pon:olt-xg02-3,spl:olt-xg02-3,FEEDS,10,protected,False,UP,"{""source"": ""osp_records"", ""method"": ""manual"", ""observed_at"": ""2026-05-15T00:00:00+00:00"", ""valid_from"": ""2026-05-15T00:00:00+00:00"", ""valid_to"": null, ""confidence"": 0.8}"
link-643,site:05,dev:olt-xg03,CONTAINS,10,protected,False,UP,"{""source"": ""inventory_review"", ""method"": ""vendor_export"", ""observed_at"": ""2026-05-15T00:00:00+00:00"", ""valid_from"": ""2026-05-15T00:00:00+00:00"", ""valid_to"": null, ""confidence"": 1.0}"
link-644,dev:olt-xg03,sw:axos-R26.1.0,RUNS,10,protected,False,UP,"{""source"": ""inventory_review"", ""method"": ""vendor_export"", ""observed_at"": ""2026-05-15T00:00:00+00:00"", ""valid_from"": ""2026-05-15T00:00:00+00:00"", ""valid_to"": null, ""confidence"": 1.0}"
link-645,dev:olt-xg03,port:olt-xg03:x1/0,HAS_PORT,10,protected,False,UP,"{""source"": ""config_backup"", ""method"": ""config_parse"", ""observed_at"": ""2026-05-15T00:00:00+00:00"", ""valid_from"": ""2026-05-15T00:00:00+00:00"", ""valid_to"": null, ""confidence"": 1.0}"
link-646,dev:olt-xg03,port:olt-xg03:x1/1,HAS_PORT,10,protected,False,UP,"{""source"": ""config_backup"", ""method"": ""config_parse"", ""observed_at"": ""2026-05-15T00:00:00+00:00"", ""valid_from"": ""2026-05-15T00:00:00+00:00"", ""valid_to"": null, ""confidence"": 1.0}"
link-647,dev:olt-xg03,port:olt-xg03:p1/0,HAS_PORT,10,protected,False,UP,"{""source"": ""config_backup"", ""method"": ""config_parse"", ""observed_at"": ""2026-05-15T00:00:00+00:00"", ""valid_from"": ""2026-05-15T00:00:00+00:00"", ""valid_to"": null, ""confidence"": 1.0}"
link-648,dev:olt-xg03,port:olt-xg03:p1/1,HAS_PORT,10,protected,False,UP,"{""source"": ""config_backup"", ""method"": ""config_parse"", ""observed_at"": ""2026-05-15T00:00:00+00:00"", ""valid_from"": ""2026-05-15T00:00:00+00:00"", ""valid_to"": null, ""confidence"": 1.0}"
link-649,dev:olt-xg03,port:olt-xg03:p1/2,HAS_PORT,10,protected,False,UP,"{""source"": ""config_backup"", ""method"": ""config_parse"", ""observed_at"": ""2026-05-15T00:00:00+00:00"", ""valid_from"": ""2026-05-15T00:00:00+00:00"", ""valid_to"": null, ""confidence"": 1.0}"
link-650,dev:olt-xg03,port:olt-xg03:p1/3,HAS_PORT,10,protected,False,UP,"{""source"": ""config_backup"", ""method"": ""config_parse"", ""observed_at"": ""2026-05-15T00:00:00+00:00"", ""valid_from"": ""2026-05-15T00:00:00+00:00"", ""valid_to"": null, ""confidence"": 1.0}"
link-651,port:olt-xg03:x1/0,link:olt-xg03:x1/0--acx-10:xe-0/0/3,TERMINATES,10,protected,False,UP,"{""link_end"": ""a"", ""source"": ""nms"", ""method"": ""lldp"", ""observed_at"": ""2026-05-15T00:00:00+00:00"", ""valid_from"": ""2026-05-15T00:00:00+00:00"", ""valid_to"": null, ""confidence"": 1.0}"
link-652,port:acx-10:xe-0/0/3,link:olt-xg03:x1/0--acx-10:xe-0/0/3,TERMINATES,10,protected,False,UP,"{""link_end"": ""z"", ""source"": ""nms"", ""method"": ""lldp"", ""observed_at"": ""2026-05-15T00:00:00+00:00"", ""valid_from"": ""2026-05-15T00:00:00+00:00"", ""valid_to"": null, ""confidence"": 1.0}"
link-653,port:olt-xg03:p1/0,pon:olt-xg03-0,SERVES,10,protected,False,UP,"{""source"": ""calix_export"", ""method"": ""vendor_export"", ""observed_at"": ""2026-05-15T00:00:00+00:00"", ""valid_from"": ""2026-05-15T00:00:00+00:00"", ""valid_to"": null, ""confidence"": 1.0}"
link-654,pon:olt-xg03-0,spl:olt-xg03-0,FEEDS,10,protected,False,UP,"{""source"": ""osp_records"", ""method"": ""manual"", ""observed_at"": ""2026-05-15T00:00:00+00:00"", ""valid_from"": ""2026-05-15T00:00:00+00:00"", ""valid_to"": null, ""confidence"": 0.8}"
link-655,port:olt-xg03:p1/1,pon:olt-xg03-1,SERVES,10,protected,False,UP,"{""source"": ""calix_export"", ""method"": ""vendor_export"", ""observed_at"": ""2026-05-15T00:00:00+00:00"", ""valid_from"": ""2026-05-15T00:00:00+00:00"", ""valid_to"": null, ""confidence"": 1.0}"
link-656,pon:olt-xg03-1,spl:olt-xg03-1,FEEDS,10,protected,False,UP,"{""source"": ""osp_records"", ""method"": ""manual"", ""observed_at"": ""2026-05-15T00:00:00+00:00"", ""valid_from"": ""2026-05-15T00:00:00+00:00"", ""valid_to"": null, ""confidence"": 0.8}"
link-657,port:olt-xg03:p1/2,pon:olt-xg03-2,SERVES,10,protected,False,UP,"{""source"": ""calix_export"", ""method"": ""vendor_export"", ""observed_at"": ""2026-05-15T00:00:00+00:00"", ""valid_from"": ""2026-05-15T00:00:00+00:00"", ""valid_to"": null, ""confidence"": 1.0}"
link-658,pon:olt-xg03-2,spl:olt-xg03-2,FEEDS,10,protected,False,UP,"{""source"": ""osp_records"", ""method"": ""manual"", ""observed_at"": ""2026-05-15T00:00:00+00:00"", ""valid_from"": ""2026-05-15T00:00:00+00:00"", ""valid_to"": null, ""confidence"": 0.8}"
link-659,port:olt-xg03:p1/3,pon:olt-xg03-3,SERVES,10,protected,False,UP,"{""source"": ""calix_export"", ""method"": ""vendor_export"", ""observed_at"": ""2026-05-15T00:00:00+00:00"", ""valid_from"": ""2026-05-15T00:00:00+00:00"", ""valid_to"": null, ""confidence"": 1.0}"
link-660,pon:olt-xg03-3,spl:olt-xg03-3,FEEDS,10,protected,False,UP,"{""source"": ""osp_records"", ""method"": ""manual"", ""observed_at"": ""2026-05-15T00:00:00+00:00"", ""valid_from"": ""2026-05-15T00:00:00+00:00"", ""valid_to"": null, ""confidence"": 0.8}"
link-661,site:08,dev:olt-xg04,CONTAINS,10,protected,False,UP,"{""source"": ""inventory_review"", ""method"": ""vendor_export"", ""observed_at"": ""2026-05-15T00:00:00+00:00"", ""valid_from"": ""2026-05-15T00:00:00+00:00"", ""valid_to"": null, ""confidence"": 1.0}"
link-662,dev:olt-xg04,sw:axos-R26.1.0,RUNS,10,protected,False,UP,"{""source"": ""inventory_review"", ""method"": ""vendor_export"", ""observed_at"": ""2026-05-15T00:00:00+00:00"", ""valid_from"": ""2026-05-15T00:00:00+00:00"", ""valid_to"": null, ""confidence"": 1.0}"
link-663,dev:olt-xg04,port:olt-xg04:x1/0,HAS_PORT,10,protected,False,UP,"{""source"": ""config_backup"", ""method"": ""config_parse"", ""observed_at"": ""2026-05-15T00:00:00+00:00"", ""valid_from"": ""2026-05-15T00:00:00+00:00"", ""valid_to"": null, ""confidence"": 1.0}"
link-664,dev:olt-xg04,port:olt-xg04:x1/1,HAS_PORT,10,protected,False,UP,"{""source"": ""config_backup"", ""method"": ""config_parse"", ""observed_at"": ""2026-05-15T00:00:00+00:00"", ""valid_from"": ""2026-05-15T00:00:00+00:00"", ""valid_to"": null, ""confidence"": 1.0}"
link-665,dev:olt-xg04,port:olt-xg04:p1/0,HAS_PORT,10,protected,False,UP,"{""source"": ""config_backup"", ""method"": ""config_parse"", ""observed_at"": ""2026-05-15T00:00:00+00:00"", ""valid_from"": ""2026-05-15T00:00:00+00:00"", ""valid_to"": null, ""confidence"": 1.0}"
link-666,dev:olt-xg04,port:olt-xg04:p1/1,HAS_PORT,10,protected,False,UP,"{""source"": ""config_backup"", ""method"": ""config_parse"", ""observed_at"": ""2026-05-15T00:00:00+00:00"", ""valid_from"": ""2026-05-15T00:00:00+00:00"", ""valid_to"": null, ""confidence"": 1.0}"
link-667,dev:olt-xg04,port:olt-xg04:p1/2,HAS_PORT,10,protected,False,UP,"{""source"": ""config_backup"", ""method"": ""config_parse"", ""observed_at"": ""2026-05-15T00:00:00+00:00"", ""valid_from"": ""2026-05-15T00:00:00+00:00"", ""valid_to"": null, ""confidence"": 1.0}"
link-668,dev:olt-xg04,port:olt-xg04:p1/3,HAS_PORT,10,protected,False,UP,"{""source"": ""config_backup"", ""method"": ""config_parse"", ""observed_at"": ""2026-05-15T00:00:00+00:00"", ""valid_from"": ""2026-05-15T00:00:00+00:00"", ""valid_to"": null, ""confidence"": 1.0}"
link-669,port:olt-xg04:x1/0,link:olt-xg04:x1/0--acx-13:xe-0/0/0,TERMINATES,10,protected,False,UP,"{""link_end"": ""a"", ""source"": ""nms"", ""method"": ""lldp"", ""observed_at"": ""2026-05-15T00:00:00+00:00"", ""valid_from"": ""2026-05-15T00:00:00+00:00"", ""valid_to"": null, ""confidence"": 1.0}"
link-670,port:acx-13:xe-0/0/0,link:olt-xg04:x1/0--acx-13:xe-0/0/0,TERMINATES,10,protected,False,UP,"{""link_end"": ""z"", ""source"": ""nms"", ""method"": ""lldp"", ""observed_at"": ""2026-05-15T00:00:00+00:00"", ""valid_from"": ""2026-05-15T00:00:00+00:00"", ""valid_to"": null, ""confidence"": 1.0}"
link-671,port:olt-xg04:p1/0,pon:olt-xg04-0,SERVES,10,protected,False,UP,"{""source"": ""calix_export"", ""method"": ""vendor_export"", ""observed_at"": ""2026-05-15T00:00:00+00:00"", ""valid_from"": ""2026-05-15T00:00:00+00:00"", ""valid_to"": null, ""confidence"": 1.0}"
link-672,pon:olt-xg04-0,spl:olt-xg04-0,FEEDS,10,protected,False,UP,"{""source"": ""osp_records"", ""method"": ""manual"", ""observed_at"": ""2026-05-15T00:00:00+00:00"", ""valid_from"": ""2026-05-15T00:00:00+00:00"", ""valid_to"": null, ""confidence"": 0.8}"
link-673,port:olt-xg04:p1/1,pon:olt-xg04-1,SERVES,10,protected,False,UP,"{""source"": ""calix_export"", ""method"": ""vendor_export"", ""observed_at"": ""2026-05-15T00:00:00+00:00"", ""valid_from"": ""2026-05-15T00:00:00+00:00"", ""valid_to"": null, ""confidence"": 1.0}"
link-674,pon:olt-xg04-1,spl:olt-xg04-1,FEEDS,10,protected,False,UP,"{""source"": ""osp_records"", ""method"": ""manual"", ""observed_at"": ""2026-05-15T00:00:00+00:00"", ""valid_from"": ""2026-05-15T00:00:00+00:00"", ""valid_to"": null, ""confidence"": 0.8}"
link-675,port:olt-xg04:p1/2,pon:olt-xg04-2,SERVES,10,protected,False,UP,"{""source"": ""calix_export"", ""method"": ""vendor_export"", ""observed_at"": ""2026-05-15T00:00:00+00:00"", ""valid_from"": ""2026-05-15T00:00:00+00:00"", ""valid_to"": null, ""confidence"": 1.0}"
link-676,pon:olt-xg04-2,spl:olt-xg04-2,FEEDS,10,protected,False,UP,"{""source"": ""osp_records"", ""method"": ""manual"", ""observed_at"": ""2026-05-15T00:00:00+00:00"", ""valid_from"": ""2026-05-15T00:00:00+00:00"", ""valid_to"": null, ""confidence"": 0.8}"
link-677,port:olt-xg04:p1/3,pon:olt-xg04-3,SERVES,10,protected,False,UP,"{""source"": ""calix_export"", ""method"": ""vendor_export"", ""observed_at"": ""2026-05-15T00:00:00+00:00"", ""valid_from"": ""2026-05-15T00:00:00+00:00"", ""valid_to"": null, ""confidence"": 1.0}"
link-678,pon:olt-xg04-3,spl:olt-xg04-3,FEEDS,10,protected,False,UP,"{""source"": ""osp_records"", ""method"": ""manual"", ""observed_at"": ""2026-05-15T00:00:00+00:00"", ""valid_from"": ""2026-05-15T00:00:00+00:00"", ""valid_to"": null, ""confidence"": 0.8}"
link-679,site:03,dev:olt-xg05,CONTAINS,10,protected,False,UP,"{""source"": ""inventory_review"", ""method"": ""vendor_export"", ""observed_at"": ""2026-05-15T00:00:00+00:00"", ""valid_from"": ""2026-05-15T00:00:00+00:00"", ""valid_to"": null, ""confidence"": 1.0}"
link-680,dev:olt-xg05,sw:axos-R26.1.0,RUNS,10,protected,False,UP,"{""source"": ""inventory_review"", ""method"": ""vendor_export"", ""observed_at"": ""2026-05-15T00:00:00+00:00"", ""valid_from"": ""2026-05-15T00:00:00+00:00"", ""valid_to"": null, ""confidence"": 1.0}"
link-681,dev:olt-xg05,port:olt-xg05:x1/0,HAS_PORT,10,protected,False,UP,"{""source"": ""config_backup"", ""method"": ""config_parse"", ""observed_at"": ""2026-05-15T00:00:00+00:00"", ""valid_from"": ""2026-05-15T00:00:00+00:00"", ""valid_to"": null, ""confidence"": 1.0}"
link-682,dev:olt-xg05,port:olt-xg05:x1/1,HAS_PORT,10,protected,False,UP,"{""source"": ""config_backup"", ""method"": ""config_parse"", ""observed_at"": ""2026-05-15T00:00:00+00:00"", ""valid_from"": ""2026-05-15T00:00:00+00:00"", ""valid_to"": null, ""confidence"": 1.0}"
link-683,dev:olt-xg05,port:olt-xg05:p1/0,HAS_PORT,10,protected,False,UP,"{""source"": ""config_backup"", ""method"": ""config_parse"", ""observed_at"": ""2026-05-15T00:00:00+00:00"", ""valid_from"": ""2026-05-15T00:00:00+00:00"", ""valid_to"": null, ""confidence"": 1.0}"
link-684,dev:olt-xg05,port:olt-xg05:p1/1,HAS_PORT,10,protected,False,UP,"{""source"": ""config_backup"", ""method"": ""config_parse"", ""observed_at"": ""2026-05-15T00:00:00+00:00"", ""valid_from"": ""2026-05-15T00:00:00+00:00"", ""valid_to"": null, ""confidence"": 1.0}"
link-685,dev:olt-xg05,port:olt-xg05:p1/2,HAS_PORT,10,protected,False,UP,"{""source"": ""config_backup"", ""method"": ""config_parse"", ""observed_at"": ""2026-05-15T00:00:00+00:00"", ""valid_from"": ""2026-05-15T00:00:00+00:00"", ""valid_to"": null, ""confidence"": 1.0}"
link-686,dev:olt-xg05,port:olt-xg05:p1/3,HAS_PORT,10,protected,False,UP,"{""source"": ""config_backup"", ""method"": ""config_parse"", ""observed_at"": ""2026-05-15T00:00:00+00:00"", ""valid_from"": ""2026-05-15T00:00:00+00:00"", ""valid_to"": null, ""confidence"": 1.0}"
link-687,port:olt-xg05:x1/0,link:olt-xg05:x1/0--acx-16:xe-0/0/1,TERMINATES,10,protected,False,UP,"{""link_end"": ""a"", ""source"": ""nms"", ""method"": ""lldp"", ""observed_at"": ""2026-05-15T00:00:00+00:00"", ""valid_from"": ""2026-05-15T00:00:00+00:00"", ""valid_to"": null, ""confidence"": 1.0}"
link-688,port:acx-16:xe-0/0/1,link:olt-xg05:x1/0--acx-16:xe-0/0/1,TERMINATES,10,protected,False,UP,"{""link_end"": ""z"", ""source"": ""nms"", ""method"": ""lldp"", ""observed_at"": ""2026-05-15T00:00:00+00:00"", ""valid_from"": ""2026-05-15T00:00:00+00:00"", ""valid_to"": null, ""confidence"": 1.0}"
link-689,port:olt-xg05:p1/0,pon:olt-xg05-0,SERVES,10,protected,False,UP,"{""source"": ""calix_export"", ""method"": ""vendor_export"", ""observed_at"": ""2026-05-15T00:00:00+00:00"", ""valid_from"": ""2026-05-15T00:00:00+00:00"", ""valid_to"": null, ""confidence"": 1.0}"
link-690,pon:olt-xg05-0,spl:olt-xg05-0,FEEDS,10,protected,False,UP,"{""source"": ""osp_records"", ""method"": ""manual"", ""observed_at"": ""2026-05-15T00:00:00+00:00"", ""valid_from"": ""2026-05-15T00:00:00+00:00"", ""valid_to"": null, ""confidence"": 0.8}"
link-691,port:olt-xg05:p1/1,pon:olt-xg05-1,SERVES,10,protected,False,UP,"{""source"": ""calix_export"", ""method"": ""vendor_export"", ""observed_at"": ""2026-05-15T00:00:00+00:00"", ""valid_from"": ""2026-05-15T00:00:00+00:00"", ""valid_to"": null, ""confidence"": 1.0}"
link-692,pon:olt-xg05-1,spl:olt-xg05-1,FEEDS,10,protected,False,UP,"{""source"": ""osp_records"", ""method"": ""manual"", ""observed_at"": ""2026-05-15T00:00:00+00:00"", ""valid_from"": ""2026-05-15T00:00:00+00:00"", ""valid_to"": null, ""confidence"": 0.8}"
link-693,port:olt-xg05:p1/2,pon:olt-xg05-2,SERVES,10,protected,False,UP,"{""source"": ""calix_export"", ""method"": ""vendor_export"", ""observed_at"": ""2026-05-15T00:00:00+00:00"", ""valid_from"": ""2026-05-15T00:00:00+00:00"", ""valid_to"": null, ""confidence"": 1.0}"
link-694,pon:olt-xg05-2,spl:olt-xg05-2,FEEDS,10,protected,False,UP,"{""source"": ""osp_records"", ""method"": ""manual"", ""observed_at"": ""2026-05-15T00:00:00+00:00"", ""valid_from"": ""2026-05-15T00:00:00+00:00"", ""valid_to"": null, ""confidence"": 0.8}"
link-695,port:olt-xg05:p1/3,pon:olt-xg05-3,SERVES,10,protected,False,UP,"{""source"": ""calix_export"", ""method"": ""vendor_export"", ""observed_at"": ""2026-05-15T00:00:00+00:00"", ""valid_from"": ""2026-05-15T00:00:00+00:00"", ""valid_to"": null, ""confidence"": 1.0}"
link-696,pon:olt-xg05-3,spl:olt-xg05-3,FEEDS,10,protected,False,UP,"{""source"": ""osp_records"", ""method"": ""manual"", ""observed_at"": ""2026-05-15T00:00:00+00:00"", ""valid_from"": ""2026-05-15T00:00:00+00:00"", ""valid_to"": null, ""confidence"": 0.8}"
link-697,site:06,dev:olt-xg06,CONTAINS,10,protected,False,UP,"{""source"": ""inventory_review"", ""method"": ""vendor_export"", ""observed_at"": ""2026-05-15T00:00:00+00:00"", ""valid_from"": ""2026-05-15T00:00:00+00:00"", ""valid_to"": null, ""confidence"": 1.0}"
link-698,dev:olt-xg06,sw:axos-R26.1.0,RUNS,10,protected,False,UP,"{""source"": ""inventory_review"", ""method"": ""vendor_export"", ""observed_at"": ""2026-05-15T00:00:00+00:00"", ""valid_from"": ""2026-05-15T00:00:00+00:00"", ""valid_to"": null, ""confidence"": 1.0}"
link-699,dev:olt-xg06,port:olt-xg06:x1/0,HAS_PORT,10,protected,False,UP,"{""source"": ""config_backup"", ""method"": ""config_parse"", ""observed_at"": ""2026-05-15T00:00:00+00:00"", ""valid_from"": ""2026-05-15T00:00:00+00:00"", ""valid_to"": null, ""confidence"": 1.0}"
link-700,dev:olt-xg06,port:olt-xg06:x1/1,HAS_PORT,10,protected,False,UP,"{""source"": ""config_backup"", ""method"": ""config_parse"", ""observed_at"": ""2026-05-15T00:00:00+00:00"", ""valid_from"": ""2026-05-15T00:00:00+00:00"", ""valid_to"": null, ""confidence"": 1.0}"
link-701,dev:olt-xg06,port:olt-xg06:p1/0,HAS_PORT,10,protected,False,UP,"{""source"": ""config_backup"", ""method"": ""config_parse"", ""observed_at"": ""2026-05-15T00:00:00+00:00"", ""valid_from"": ""2026-05-15T00:00:00+00:00"", ""valid_to"": null, ""confidence"": 1.0}"
link-702,dev:olt-xg06,port:olt-xg06:p1/1,HAS_PORT,10,protected,False,UP,"{""source"": ""config_backup"", ""method"": ""config_parse"", ""observed_at"": ""2026-05-15T00:00:00+00:00"", ""valid_from"": ""2026-05-15T00:00:00+00:00"", ""valid_to"": null, ""confidence"": 1.0}"
link-703,dev:olt-xg06,port:olt-xg06:p1/2,HAS_PORT,10,protected,False,UP,"{""source"": ""config_backup"", ""method"": ""config_parse"", ""observed_at"": ""2026-05-15T00:00:00+00:00"", ""valid_from"": ""2026-05-15T00:00:00+00:00"", ""valid_to"": null, ""confidence"": 1.0}"
link-704,dev:olt-xg06,port:olt-xg06:p1/3,HAS_PORT,10,protected,False,UP,"{""source"": ""config_backup"", ""method"": ""config_parse"", ""observed_at"": ""2026-05-15T00:00:00+00:00"", ""valid_from"": ""2026-05-15T00:00:00+00:00"", ""valid_to"": null, ""confidence"": 1.0}"
link-705,port:olt-xg06:x1/0,link:olt-xg06:x1/0--acx-19:xe-0/0/2,TERMINATES,10,protected,False,UP,"{""link_end"": ""a"", ""source"": ""nms"", ""method"": ""lldp"", ""observed_at"": ""2026-05-15T00:00:00+00:00"", ""valid_from"": ""2026-05-15T00:00:00+00:00"", ""valid_to"": null, ""confidence"": 1.0}"
link-706,port:acx-19:xe-0/0/2,link:olt-xg06:x1/0--acx-19:xe-0/0/2,TERMINATES,10,protected,False,UP,"{""link_end"": ""z"", ""source"": ""nms"", ""method"": ""lldp"", ""observed_at"": ""2026-05-15T00:00:00+00:00"", ""valid_from"": ""2026-05-15T00:00:00+00:00"", ""valid_to"": null, ""confidence"": 1.0}"
link-707,port:olt-xg06:p1/0,pon:olt-xg06-0,SERVES,10,protected,False,UP,"{""source"": ""calix_export"", ""method"": ""vendor_export"", ""observed_at"": ""2026-05-15T00:00:00+00:00"", ""valid_from"": ""2026-05-15T00:00:00+00:00"", ""valid_to"": null, ""confidence"": 1.0}"
link-708,pon:olt-xg06-0,spl:olt-xg06-0,FEEDS,10,protected,False,UP,"{""source"": ""osp_records"", ""method"": ""manual"", ""observed_at"": ""2026-05-15T00:00:00+00:00"", ""valid_from"": ""2026-05-15T00:00:00+00:00"", ""valid_to"": null, ""confidence"": 0.8}"
link-709,port:olt-xg06:p1/1,pon:olt-xg06-1,SERVES,10,protected,False,UP,"{""source"": ""calix_export"", ""method"": ""vendor_export"", ""observed_at"": ""2026-05-15T00:00:00+00:00"", ""valid_from"": ""2026-05-15T00:00:00+00:00"", ""valid_to"": null, ""confidence"": 1.0}"
link-710,pon:olt-xg06-1,spl:olt-xg06-1,FEEDS,10,protected,False,UP,"{""source"": ""osp_records"", ""method"": ""manual"", ""observed_at"": ""2026-05-15T00:00:00+00:00"", ""valid_from"": ""2026-05-15T00:00:00+00:00"", ""valid_to"": null, ""confidence"": 0.8}"
link-711,port:olt-xg06:p1/2,pon:olt-xg06-2,SERVES,10,protected,False,UP,"{""source"": ""calix_export"", ""method"": ""vendor_export"", ""observed_at"": ""2026-05-15T00:00:00+00:00"", ""valid_from"": ""2026-05-15T00:00:00+00:00"", ""valid_to"": null, ""confidence"": 1.0}"
link-712,pon:olt-xg06-2,spl:olt-xg06-2,FEEDS,10,protected,False,UP,"{""source"": ""osp_records"", ""method"": ""manual"", ""observed_at"": ""2026-05-15T00:00:00+00:00"", ""valid_from"": ""2026-05-15T00:00:00+00:00"", ""valid_to"": null, ""confidence"": 0.8}"
link-713,port:olt-xg06:p1/3,pon:olt-xg06-3,SERVES,10,protected,False,UP,"{""source"": ""calix_export"", ""method"": ""vendor_export"", ""observed_at"": ""2026-05-15T00:00:00+00:00"", ""valid_from"": ""2026-05-15T00:00:00+00:00"", ""valid_to"": null, ""confidence"": 1.0}"
link-714,pon:olt-xg06-3,spl:olt-xg06-3,FEEDS,10,protected,False,UP,"{""source"": ""osp_records"", ""method"": ""manual"", ""observed_at"": ""2026-05-15T00:00:00+00:00"", ""valid_from"": ""2026-05-15T00:00:00+00:00"", ""valid_to"": null, ""confidence"": 0.8}"
link-715,site:09,dev:olt-xg07,CONTAINS,10,protected,False,UP,"{""source"": ""inventory_review"", ""method"": ""vendor_export"", ""observed_at"": ""2026-05-15T00:00:00+00:00"", ""valid_from"": ""2026-05-15T00:00:00+00:00"", ""valid_to"": null, ""confidence"": 1.0}"
link-716,dev:olt-xg07,sw:axos-R26.1.0,RUNS,10,protected,False,UP,"{""source"": ""inventory_review"", ""method"": ""vendor_export"", ""observed_at"": ""2026-05-15T00:00:00+00:00"", ""valid_from"": ""2026-05-15T00:00:00+00:00"", ""valid_to"": null, ""confidence"": 1.0}"
link-717,dev:olt-xg07,port:olt-xg07:x1/0,HAS_PORT,10,protected,False,UP,"{""source"": ""config_backup"", ""method"": ""config_parse"", ""observed_at"": ""2026-05-15T00:00:00+00:00"", ""valid_from"": ""2026-05-15T00:00:00+00:00"", ""valid_to"": null, ""confidence"": 1.0}"
link-718,dev:olt-xg07,port:olt-xg07:x1/1,HAS_PORT,10,protected,False,UP,"{""source"": ""config_backup"", ""method"": ""config_parse"", ""observed_at"": ""2026-05-15T00:00:00+00:00"", ""valid_from"": ""2026-05-15T00:00:00+00:00"", ""valid_to"": null, ""confidence"": 1.0}"
link-719,dev:olt-xg07,port:olt-xg07:p1/0,HAS_PORT,10,protected,False,UP,"{""source"": ""config_backup"", ""method"": ""config_parse"", ""observed_at"": ""2026-05-15T00:00:00+00:00"", ""valid_from"": ""2026-05-15T00:00:00+00:00"", ""valid_to"": null, ""confidence"": 1.0}"
link-720,dev:olt-xg07,port:olt-xg07:p1/1,HAS_PORT,10,protected,False,UP,"{""source"": ""config_backup"", ""method"": ""config_parse"", ""observed_at"": ""2026-05-15T00:00:00+00:00"", ""valid_from"": ""2026-05-15T00:00:00+00:00"", ""valid_to"": null, ""confidence"": 1.0}"
link-721,dev:olt-xg07,port:olt-xg07:p1/2,HAS_PORT,10,protected,False,UP,"{""source"": ""config_backup"", ""method"": ""config_parse"", ""observed_at"": ""2026-05-15T00:00:00+00:00"", ""valid_from"": ""2026-05-15T00:00:00+00:00"", ""valid_to"": null, ""confidence"": 1.0}"
link-722,dev:olt-xg07,port:olt-xg07:p1/3,HAS_PORT,10,protected,False,UP,"{""source"": ""config_backup"", ""method"": ""config_parse"", ""observed_at"": ""2026-05-15T00:00:00+00:00"", ""valid_from"": ""2026-05-15T00:00:00+00:00"", ""valid_to"": null, ""confidence"": 1.0}"
link-723,port:olt-xg07:x1/0,link:olt-xg07:x1/0--acx-22:xe-0/0/3,TERMINATES,10,protected,False,UP,"{""link_end"": ""a"", ""source"": ""nms"", ""method"": ""lldp"", ""observed_at"": ""2026-05-15T00:00:00+00:00"", ""valid_from"": ""2026-05-15T00:00:00+00:00"", ""valid_to"": null, ""confidence"": 1.0}"
link-724,port:acx-22:xe-0/0/3,link:olt-xg07:x1/0--acx-22:xe-0/0/3,TERMINATES,10,protected,False,UP,"{""link_end"": ""z"", ""source"": ""nms"", ""method"": ""lldp"", ""observed_at"": ""2026-05-15T00:00:00+00:00"", ""valid_from"": ""2026-05-15T00:00:00+00:00"", ""valid_to"": null, ""confidence"": 1.0}"
link-725,port:olt-xg07:p1/0,pon:olt-xg07-0,SERVES,10,protected,False,UP,"{""source"": ""calix_export"", ""method"": ""vendor_export"", ""observed_at"": ""2026-05-15T00:00:00+00:00"", ""valid_from"": ""2026-05-15T00:00:00+00:00"", ""valid_to"": null, ""confidence"": 1.0}"
link-726,pon:olt-xg07-0,spl:olt-xg07-0,FEEDS,10,protected,False,UP,"{""source"": ""osp_records"", ""method"": ""manual"", ""observed_at"": ""2026-05-15T00:00:00+00:00"", ""valid_from"": ""2026-05-15T00:00:00+00:00"", ""valid_to"": null, ""confidence"": 0.8}"
link-727,port:olt-xg07:p1/1,pon:olt-xg07-1,SERVES,10,protected,False,UP,"{""source"": ""calix_export"", ""method"": ""vendor_export"", ""observed_at"": ""2026-05-15T00:00:00+00:00"", ""valid_from"": ""2026-05-15T00:00:00+00:00"", ""valid_to"": null, ""confidence"": 1.0}"
link-728,pon:olt-xg07-1,spl:olt-xg07-1,FEEDS,10,protected,False,UP,"{""source"": ""osp_records"", ""method"": ""manual"", ""observed_at"": ""2026-05-15T00:00:00+00:00"", ""valid_from"": ""2026-05-15T00:00:00+00:00"", ""valid_to"": null, ""confidence"": 0.8}"
link-729,port:olt-xg07:p1/2,pon:olt-xg07-2,SERVES,10,protected,False,UP,"{""source"": ""calix_export"", ""method"": ""vendor_export"", ""observed_at"": ""2026-05-15T00:00:00+00:00"", ""valid_from"": ""2026-05-15T00:00:00+00:00"", ""valid_to"": null, ""confidence"": 1.0}"
link-730,pon:olt-xg07-2,spl:olt-xg07-2,FEEDS,10,protected,False,UP,"{""source"": ""osp_records"", ""method"": ""manual"", ""observed_at"": ""2026-05-15T00:00:00+00:00"", ""valid_from"": ""2026-05-15T00:00:00+00:00"", ""valid_to"": null, ""confidence"": 0.8}"
link-731,port:olt-xg07:p1/3,pon:olt-xg07-3,SERVES,10,protected,False,UP,"{""source"": ""calix_export"", ""method"": ""vendor_export"", ""observed_at"": ""2026-05-15T00:00:00+00:00"", ""valid_from"": ""2026-05-15T00:00:00+00:00"", ""valid_to"": null, ""confidence"": 1.0}"
link-732,pon:olt-xg07-3,spl:olt-xg07-3,FEEDS,10,protected,False,UP,"{""source"": ""osp_records"", ""method"": ""manual"", ""observed_at"": ""2026-05-15T00:00:00+00:00"", ""valid_from"": ""2026-05-15T00:00:00+00:00"", ""valid_to"": null, ""confidence"": 0.8}"
link-733,site:04,dev:olt-xg08,CONTAINS,10,protected,False,UP,"{""source"": ""inventory_review"", ""method"": ""vendor_export"", ""observed_at"": ""2026-05-15T00:00:00+00:00"", ""valid_from"": ""2026-05-15T00:00:00+00:00"", ""valid_to"": null, ""confidence"": 1.0}"
link-734,dev:olt-xg08,sw:axos-R26.1.0,RUNS,10,protected,False,UP,"{""source"": ""inventory_review"", ""method"": ""vendor_export"", ""observed_at"": ""2026-05-15T00:00:00+00:00"", ""valid_from"": ""2026-05-15T00:00:00+00:00"", ""valid_to"": null, ""confidence"": 1.0}"
link-735,dev:olt-xg08,port:olt-xg08:x1/0,HAS_PORT,10,protected,False,UP,"{""source"": ""config_backup"", ""method"": ""config_parse"", ""observed_at"": ""2026-05-15T00:00:00+00:00"", ""valid_from"": ""2026-05-15T00:00:00+00:00"", ""valid_to"": null, ""confidence"": 1.0}"
link-736,dev:olt-xg08,port:olt-xg08:x1/1,HAS_PORT,10,protected,False,UP,"{""source"": ""config_backup"", ""method"": ""config_parse"", ""observed_at"": ""2026-05-15T00:00:00+00:00"", ""valid_from"": ""2026-05-15T00:00:00+00:00"", ""valid_to"": null, ""confidence"": 1.0}"
link-737,dev:olt-xg08,port:olt-xg08:p1/0,HAS_PORT,10,protected,False,UP,"{""source"": ""config_backup"", ""method"": ""config_parse"", ""observed_at"": ""2026-05-15T00:00:00+00:00"", ""valid_from"": ""2026-05-15T00:00:00+00:00"", ""valid_to"": null, ""confidence"": 1.0}"
link-738,dev:olt-xg08,port:olt-xg08:p1/1,HAS_PORT,10,protected,False,UP,"{""source"": ""config_backup"", ""method"": ""config_parse"", ""observed_at"": ""2026-05-15T00:00:00+00:00"", ""valid_from"": ""2026-05-15T00:00:00+00:00"", ""valid_to"": null, ""confidence"": 1.0}"
link-739,dev:olt-xg08,port:olt-xg08:p1/2,HAS_PORT,10,protected,False,UP,"{""source"": ""config_backup"", ""method"": ""config_parse"", ""observed_at"": ""2026-05-15T00:00:00+00:00"", ""valid_from"": ""2026-05-15T00:00:00+00:00"", ""valid_to"": null, ""confidence"": 1.0}"
link-740,dev:olt-xg08,port:olt-xg08:p1/3,HAS_PORT,10,protected,False,UP,"{""source"": ""config_backup"", ""method"": ""config_parse"", ""observed_at"": ""2026-05-15T00:00:00+00:00"", ""valid_from"": ""2026-05-15T00:00:00+00:00"", ""valid_to"": null, ""confidence"": 1.0}"
link-741,port:olt-xg08:x1/0,link:olt-xg08:x1/0--acx-25:xe-0/0/0,TERMINATES,10,protected,False,UP,"{""link_end"": ""a"", ""source"": ""nms"", ""method"": ""lldp"", ""observed_at"": ""2026-05-15T00:00:00+00:00"", ""valid_from"": ""2026-05-15T00:00:00+00:00"", ""valid_to"": null, ""confidence"": 1.0}"
link-742,port:acx-25:xe-0/0/0,link:olt-xg08:x1/0--acx-25:xe-0/0/0,TERMINATES,10,protected,False,UP,"{""link_end"": ""z"", ""source"": ""nms"", ""method"": ""lldp"", ""observed_at"": ""2026-05-15T00:00:00+00:00"", ""valid_from"": ""2026-05-15T00:00:00+00:00"", ""valid_to"": null, ""confidence"": 1.0}"
link-743,port:olt-xg08:p1/0,pon:olt-xg08-0,SERVES,10,protected,False,UP,"{""source"": ""calix_export"", ""method"": ""vendor_export"", ""observed_at"": ""2026-05-15T00:00:00+00:00"", ""valid_from"": ""2026-05-15T00:00:00+00:00"", ""valid_to"": null, ""confidence"": 1.0}"
link-744,pon:olt-xg08-0,spl:olt-xg08-0,FEEDS,10,protected,False,UP,"{""source"": ""osp_records"", ""method"": ""manual"", ""observed_at"": ""2026-05-15T00:00:00+00:00"", ""valid_from"": ""2026-05-15T00:00:00+00:00"", ""valid_to"": null, ""confidence"": 0.8}"
link-745,port:olt-xg08:p1/1,pon:olt-xg08-1,SERVES,10,protected,False,UP,"{""source"": ""calix_export"", ""method"": ""vendor_export"", ""observed_at"": ""2026-05-15T00:00:00+00:00"", ""valid_from"": ""2026-05-15T00:00:00+00:00"", ""valid_to"": null, ""confidence"": 1.0}"
link-746,pon:olt-xg08-1,spl:olt-xg08-1,FEEDS,10,protected,False,UP,"{""source"": ""osp_records"", ""method"": ""manual"", ""observed_at"": ""2026-05-15T00:00:00+00:00"", ""valid_from"": ""2026-05-15T00:00:00+00:00"", ""valid_to"": null, ""confidence"": 0.8}"
link-747,port:olt-xg08:p1/2,pon:olt-xg08-2,SERVES,10,protected,False,UP,"{""source"": ""calix_export"", ""method"": ""vendor_export"", ""observed_at"": ""2026-05-15T00:00:00+00:00"", ""valid_from"": ""2026-05-15T00:00:00+00:00"", ""valid_to"": null, ""confidence"": 1.0}"
link-748,pon:olt-xg08-2,spl:olt-xg08-2,FEEDS,10,protected,False,UP,"{""source"": ""osp_records"", ""method"": ""manual"", ""observed_at"": ""2026-05-15T00:00:00+00:00"", ""valid_from"": ""2026-05-15T00:00:00+00:00"", ""valid_to"": null, ""confidence"": 0.8}"
link-749,port:olt-xg08:p1/3,pon:olt-xg08-3,SERVES,10,protected,False,UP,"{""source"": ""calix_export"", ""method"": ""vendor_export"", ""observed_at"": ""2026-05-15T00:00:00+00:00"", ""valid_from"": ""2026-05-15T00:00:00+00:00"", ""valid_to"": null, ""confidence"": 1.0}"
link-750,pon:olt-xg08-3,spl:olt-xg08-3,FEEDS,10,protected,False,UP,"{""source"": ""osp_records"", ""method"": ""manual"", ""observed_at"": ""2026-05-15T00:00:00+00:00"", ""valid_from"": ""2026-05-15T00:00:00+00:00"", ""valid_to"": null, ""confidence"": 0.8}"
link-751,site:07,dev:olt-xg09,CONTAINS,10,protected,False,UP,"{""source"": ""inventory_review"", ""method"": ""vendor_export"", ""observed_at"": ""2026-05-15T00:00:00+00:00"", ""valid_from"": ""2026-05-15T00:00:00+00:00"", ""valid_to"": null, ""confidence"": 1.0}"
link-752,dev:olt-xg09,sw:axos-R26.1.0,RUNS,10,protected,False,UP,"{""source"": ""inventory_review"", ""method"": ""vendor_export"", ""observed_at"": ""2026-05-15T00:00:00+00:00"", ""valid_from"": ""2026-05-15T00:00:00+00:00"", ""valid_to"": null, ""confidence"": 1.0}"
link-753,dev:olt-xg09,port:olt-xg09:x1/0,HAS_PORT,10,protected,False,UP,"{""source"": ""config_backup"", ""method"": ""config_parse"", ""observed_at"": ""2026-05-15T00:00:00+00:00"", ""valid_from"": ""2026-05-15T00:00:00+00:00"", ""valid_to"": null, ""confidence"": 1.0}"
link-754,dev:olt-xg09,port:olt-xg09:x1/1,HAS_PORT,10,protected,False,UP,"{""source"": ""config_backup"", ""method"": ""config_parse"", ""observed_at"": ""2026-05-15T00:00:00+00:00"", ""valid_from"": ""2026-05-15T00:00:00+00:00"", ""valid_to"": null, ""confidence"": 1.0}"
link-755,dev:olt-xg09,port:olt-xg09:p1/0,HAS_PORT,10,protected,False,UP,"{""source"": ""config_backup"", ""method"": ""config_parse"", ""observed_at"": ""2026-05-15T00:00:00+00:00"", ""valid_from"": ""2026-05-15T00:00:00+00:00"", ""valid_to"": null, ""confidence"": 1.0}"
link-756,dev:olt-xg09,port:olt-xg09:p1/1,HAS_PORT,10,protected,False,UP,"{""source"": ""config_backup"", ""method"": ""config_parse"", ""observed_at"": ""2026-05-15T00:00:00+00:00"", ""valid_from"": ""2026-05-15T00:00:00+00:00"", ""valid_to"": null, ""confidence"": 1.0}"
link-757,dev:olt-xg09,port:olt-xg09:p1/2,HAS_PORT,10,protected,False,UP,"{""source"": ""config_backup"", ""method"": ""config_parse"", ""observed_at"": ""2026-05-15T00:00:00+00:00"", ""valid_from"": ""2026-05-15T00:00:00+00:00"", ""valid_to"": null, ""confidence"": 1.0}"
link-758,dev:olt-xg09,port:olt-xg09:p1/3,HAS_PORT,10,protected,False,UP,"{""source"": ""config_backup"", ""method"": ""config_parse"", ""observed_at"": ""2026-05-15T00:00:00+00:00"", ""valid_from"": ""2026-05-15T00:00:00+00:00"", ""valid_to"": null, ""confidence"": 1.0}"
link-759,port:olt-xg09:x1/0,link:olt-xg09:x1/0--acx-28:xe-0/0/1,TERMINATES,10,protected,False,UP,"{""link_end"": ""a"", ""source"": ""nms"", ""method"": ""lldp"", ""observed_at"": ""2026-05-15T00:00:00+00:00"", ""valid_from"": ""2026-05-15T00:00:00+00:00"", ""valid_to"": null, ""confidence"": 1.0}"
link-760,port:acx-28:xe-0/0/1,link:olt-xg09:x1/0--acx-28:xe-0/0/1,TERMINATES,10,protected,False,UP,"{""link_end"": ""z"", ""source"": ""nms"", ""method"": ""lldp"", ""observed_at"": ""2026-05-15T00:00:00+00:00"", ""valid_from"": ""2026-05-15T00:00:00+00:00"", ""valid_to"": null, ""confidence"": 1.0}"
link-761,port:olt-xg09:p1/0,pon:olt-xg09-0,SERVES,10,protected,False,UP,"{""source"": ""calix_export"", ""method"": ""vendor_export"", ""observed_at"": ""2026-05-15T00:00:00+00:00"", ""valid_from"": ""2026-05-15T00:00:00+00:00"", ""valid_to"": null, ""confidence"": 1.0}"
link-762,pon:olt-xg09-0,spl:olt-xg09-0,FEEDS,10,protected,False,UP,"{""source"": ""osp_records"", ""method"": ""manual"", ""observed_at"": ""2026-05-15T00:00:00+00:00"", ""valid_from"": ""2026-05-15T00:00:00+00:00"", ""valid_to"": null, ""confidence"": 0.8}"
link-763,port:olt-xg09:p1/1,pon:olt-xg09-1,SERVES,10,protected,False,UP,"{""source"": ""calix_export"", ""method"": ""vendor_export"", ""observed_at"": ""2026-05-15T00:00:00+00:00"", ""valid_from"": ""2026-05-15T00:00:00+00:00"", ""valid_to"": null, ""confidence"": 1.0}"
link-764,pon:olt-xg09-1,spl:olt-xg09-1,FEEDS,10,protected,False,UP,"{""source"": ""osp_records"", ""method"": ""manual"", ""observed_at"": ""2026-05-15T00:00:00+00:00"", ""valid_from"": ""2026-05-15T00:00:00+00:00"", ""valid_to"": null, ""confidence"": 0.8}"
link-765,port:olt-xg09:p1/2,pon:olt-xg09-2,SERVES,10,protected,False,UP,"{""source"": ""calix_export"", ""method"": ""vendor_export"", ""observed_at"": ""2026-05-15T00:00:00+00:00"", ""valid_from"": ""2026-05-15T00:00:00+00:00"", ""valid_to"": null, ""confidence"": 1.0}"
link-766,pon:olt-xg09-2,spl:olt-xg09-2,FEEDS,10,protected,False,UP,"{""source"": ""osp_records"", ""method"": ""manual"", ""observed_at"": ""2026-05-15T00:00:00+00:00"", ""valid_from"": ""2026-05-15T00:00:00+00:00"", ""valid_to"": null, ""confidence"": 0.8}"
link-767,port:olt-xg09:p1/3,pon:olt-xg09-3,SERVES,10,protected,False,UP,"{""source"": ""calix_export"", ""method"": ""vendor_export"", ""observed_at"": ""2026-05-15T00:00:00+00:00"", ""valid_from"": ""2026-05-15T00:00:00+00:00"", ""valid_to"": null, ""confidence"": 1.0}"
link-768,pon:olt-xg09-3,spl:olt-xg09-3,FEEDS,10,protected,False,UP,"{""source"": ""osp_records"", ""method"": ""manual"", ""observed_at"": ""2026-05-15T00:00:00+00:00"", ""valid_from"": ""2026-05-15T00:00:00+00:00"", ""valid_to"": null, ""confidence"": 0.8}"
link-769,site:10,dev:olt-xg10,CONTAINS,10,protected,False,UP,"{""source"": ""inventory_review"", ""method"": ""vendor_export"", ""observed_at"": ""2026-05-15T00:00:00+00:00"", ""valid_from"": ""2026-05-15T00:00:00+00:00"", ""valid_to"": null, ""confidence"": 1.0}"
link-770,dev:olt-xg10,sw:axos-R26.1.0,RUNS,10,protected,False,UP,"{""source"": ""inventory_review"", ""method"": ""vendor_export"", ""observed_at"": ""2026-05-15T00:00:00+00:00"", ""valid_from"": ""2026-05-15T00:00:00+00:00"", ""valid_to"": null, ""confidence"": 1.0}"
link-771,dev:olt-xg10,port:olt-xg10:x1/0,HAS_PORT,10,protected,False,UP,"{""source"": ""config_backup"", ""method"": ""config_parse"", ""observed_at"": ""2026-05-15T00:00:00+00:00"", ""valid_from"": ""2026-05-15T00:00:00+00:00"", ""valid_to"": null, ""confidence"": 1.0}"
link-772,dev:olt-xg10,port:olt-xg10:x1/1,HAS_PORT,10,protected,False,UP,"{""source"": ""config_backup"", ""method"": ""config_parse"", ""observed_at"": ""2026-05-15T00:00:00+00:00"", ""valid_from"": ""2026-05-15T00:00:00+00:00"", ""valid_to"": null, ""confidence"": 1.0}"
link-773,dev:olt-xg10,port:olt-xg10:p1/0,HAS_PORT,10,protected,False,UP,"{""source"": ""config_backup"", ""method"": ""config_parse"", ""observed_at"": ""2026-05-15T00:00:00+00:00"", ""valid_from"": ""2026-05-15T00:00:00+00:00"", ""valid_to"": null, ""confidence"": 1.0}"
link-774,dev:olt-xg10,port:olt-xg10:p1/1,HAS_PORT,10,protected,False,UP,"{""source"": ""config_backup"", ""method"": ""config_parse"", ""observed_at"": ""2026-05-15T00:00:00+00:00"", ""valid_from"": ""2026-05-15T00:00:00+00:00"", ""valid_to"": null, ""confidence"": 1.0}"
link-775,dev:olt-xg10,port:olt-xg10:p1/2,HAS_PORT,10,protected,False,UP,"{""source"": ""config_backup"", ""method"": ""config_parse"", ""observed_at"": ""2026-05-15T00:00:00+00:00"", ""valid_from"": ""2026-05-15T00:00:00+00:00"", ""valid_to"": null, ""confidence"": 1.0}"
link-776,dev:olt-xg10,port:olt-xg10:p1/3,HAS_PORT,10,protected,False,UP,"{""source"": ""config_backup"", ""method"": ""config_parse"", ""observed_at"": ""2026-05-15T00:00:00+00:00"", ""valid_from"": ""2026-05-15T00:00:00+00:00"", ""valid_to"": null, ""confidence"": 1.0}"
link-777,port:olt-xg10:x1/0,link:olt-xg10:x1/0--acx-31:xe-0/0/2,TERMINATES,10,protected,False,UP,"{""link_end"": ""a"", ""source"": ""nms"", ""method"": ""lldp"", ""observed_at"": ""2026-05-15T00:00:00+00:00"", ""valid_from"": ""2026-05-15T00:00:00+00:00"", ""valid_to"": null, ""confidence"": 1.0}"
link-778,port:acx-31:xe-0/0/2,link:olt-xg10:x1/0--acx-31:xe-0/0/2,TERMINATES,10,protected,False,UP,"{""link_end"": ""z"", ""source"": ""nms"", ""method"": ""lldp"", ""observed_at"": ""2026-05-15T00:00:00+00:00"", ""valid_from"": ""2026-05-15T00:00:00+00:00"", ""valid_to"": null, ""confidence"": 1.0}"
link-779,port:olt-xg10:p1/0,pon:olt-xg10-0,SERVES,10,protected,False,UP,"{""source"": ""calix_export"", ""method"": ""vendor_export"", ""observed_at"": ""2026-05-15T00:00:00+00:00"", ""valid_from"": ""2026-05-15T00:00:00+00:00"", ""valid_to"": null, ""confidence"": 1.0}"
link-780,pon:olt-xg10-0,spl:olt-xg10-0,FEEDS,10,protected,False,UP,"{""source"": ""osp_records"", ""method"": ""manual"", ""observed_at"": ""2026-05-15T00:00:00+00:00"", ""valid_from"": ""2026-05-15T00:00:00+00:00"", ""valid_to"": null, ""confidence"": 0.8}"
link-781,port:olt-xg10:p1/1,pon:olt-xg10-1,SERVES,10,protected,False,UP,"{""source"": ""calix_export"", ""method"": ""vendor_export"", ""observed_at"": ""2026-05-15T00:00:00+00:00"", ""valid_from"": ""2026-05-15T00:00:00+00:00"", ""valid_to"": null, ""confidence"": 1.0}"
link-782,pon:olt-xg10-1,spl:olt-xg10-1,FEEDS,10,protected,False,UP,"{""source"": ""osp_records"", ""method"": ""manual"", ""observed_at"": ""2026-05-15T00:00:00+00:00"", ""valid_from"": ""2026-05-15T00:00:00+00:00"", ""valid_to"": null, ""confidence"": 0.8}"
link-783,port:olt-xg10:p1/2,pon:olt-xg10-2,SERVES,10,protected,False,UP,"{""source"": ""calix_export"", ""method"": ""vendor_export"", ""observed_at"": ""2026-05-15T00:00:00+00:00"", ""valid_from"": ""2026-05-15T00:00:00+00:00"", ""valid_to"": null, ""confidence"": 1.0}"
link-784,pon:olt-xg10-2,spl:olt-xg10-2,FEEDS,10,protected,False,UP,"{""source"": ""osp_records"", ""method"": ""manual"", ""observed_at"": ""2026-05-15T00:00:00+00:00"", ""valid_from"": ""2026-05-15T00:00:00+00:00"", ""valid_to"": null, ""confidence"": 0.8}"
link-785,port:olt-xg10:p1/3,pon:olt-xg10-3,SERVES,10,protected,False,UP,"{""source"": ""calix_export"", ""method"": ""vendor_export"", ""observed_at"": ""2026-05-15T00:00:00+00:00"", ""valid_from"": ""2026-05-15T00:00:00+00:00"", ""valid_to"": null, ""confidence"": 1.0}"
link-786,pon:olt-xg10-3,spl:olt-xg10-3,FEEDS,10,protected,False,UP,"{""source"": ""osp_records"", ""method"": ""manual"", ""observed_at"": ""2026-05-15T00:00:00+00:00"", ""valid_from"": ""2026-05-15T00:00:00+00:00"", ""valid_to"": null, ""confidence"": 0.8}"
link-787,site:05,dev:olt-xg11,CONTAINS,10,protected,False,UP,"{""source"": ""inventory_review"", ""method"": ""vendor_export"", ""observed_at"": ""2026-05-15T00:00:00+00:00"", ""valid_from"": ""2026-05-15T00:00:00+00:00"", ""valid_to"": null, ""confidence"": 1.0}"
link-788,dev:olt-xg11,sw:axos-R26.1.0,RUNS,10,protected,False,UP,"{""source"": ""inventory_review"", ""method"": ""vendor_export"", ""observed_at"": ""2026-05-15T00:00:00+00:00"", ""valid_from"": ""2026-05-15T00:00:00+00:00"", ""valid_to"": null, ""confidence"": 1.0}"
link-789,dev:olt-xg11,port:olt-xg11:x1/0,HAS_PORT,10,protected,False,UP,"{""source"": ""config_backup"", ""method"": ""config_parse"", ""observed_at"": ""2026-05-15T00:00:00+00:00"", ""valid_from"": ""2026-05-15T00:00:00+00:00"", ""valid_to"": null, ""confidence"": 1.0}"
link-790,dev:olt-xg11,port:olt-xg11:x1/1,HAS_PORT,10,protected,False,UP,"{""source"": ""config_backup"", ""method"": ""config_parse"", ""observed_at"": ""2026-05-15T00:00:00+00:00"", ""valid_from"": ""2026-05-15T00:00:00+00:00"", ""valid_to"": null, ""confidence"": 1.0}"
link-791,dev:olt-xg11,port:olt-xg11:p1/0,HAS_PORT,10,protected,False,UP,"{""source"": ""config_backup"", ""method"": ""config_parse"", ""observed_at"": ""2026-05-15T00:00:00+00:00"", ""valid_from"": ""2026-05-15T00:00:00+00:00"", ""valid_to"": null, ""confidence"": 1.0}"
link-792,dev:olt-xg11,port:olt-xg11:p1/1,HAS_PORT,10,protected,False,UP,"{""source"": ""config_backup"", ""method"": ""config_parse"", ""observed_at"": ""2026-05-15T00:00:00+00:00"", ""valid_from"": ""2026-05-15T00:00:00+00:00"", ""valid_to"": null, ""confidence"": 1.0}"
link-793,dev:olt-xg11,port:olt-xg11:p1/2,HAS_PORT,10,protected,False,UP,"{""source"": ""config_backup"", ""method"": ""config_parse"", ""observed_at"": ""2026-05-15T00:00:00+00:00"", ""valid_from"": ""2026-05-15T00:00:00+00:00"", ""valid_to"": null, ""confidence"": 1.0}"
link-794,dev:olt-xg11,port:olt-xg11:p1/3,HAS_PORT,10,protected,False,UP,"{""source"": ""config_backup"", ""method"": ""config_parse"", ""observed_at"": ""2026-05-15T00:00:00+00:00"", ""valid_from"": ""2026-05-15T00:00:00+00:00"", ""valid_to"": null, ""confidence"": 1.0}"
link-795,port:olt-xg11:x1/0,link:olt-xg11:x1/0--acx-34:xe-0/0/3,TERMINATES,10,protected,False,UP,"{""link_end"": ""a"", ""source"": ""nms"", ""method"": ""lldp"", ""observed_at"": ""2026-05-15T00:00:00+00:00"", ""valid_from"": ""2026-05-15T00:00:00+00:00"", ""valid_to"": null, ""confidence"": 1.0}"
link-796,port:acx-34:xe-0/0/3,link:olt-xg11:x1/0--acx-34:xe-0/0/3,TERMINATES,10,protected,False,UP,"{""link_end"": ""z"", ""source"": ""nms"", ""method"": ""lldp"", ""observed_at"": ""2026-05-15T00:00:00+00:00"", ""valid_from"": ""2026-05-15T00:00:00+00:00"", ""valid_to"": null, ""confidence"": 1.0}"
link-797,port:olt-xg11:p1/0,pon:olt-xg11-0,SERVES,10,protected,False,UP,"{""source"": ""calix_export"", ""method"": ""vendor_export"", ""observed_at"": ""2026-05-15T00:00:00+00:00"", ""valid_from"": ""2026-05-15T00:00:00+00:00"", ""valid_to"": null, ""confidence"": 1.0}"
link-798,pon:olt-xg11-0,spl:olt-xg11-0,FEEDS,10,protected,False,UP,"{""source"": ""osp_records"", ""method"": ""manual"", ""observed_at"": ""2026-05-15T00:00:00+00:00"", ""valid_from"": ""2026-05-15T00:00:00+00:00"", ""valid_to"": null, ""confidence"": 0.8}"
link-799,port:olt-xg11:p1/1,pon:olt-xg11-1,SERVES,10,protected,False,UP,"{""source"": ""calix_export"", ""method"": ""vendor_export"", ""observed_at"": ""2026-05-15T00:00:00+00:00"", ""valid_from"": ""2026-05-15T00:00:00+00:00"", ""valid_to"": null, ""confidence"": 1.0}"
link-800,pon:olt-xg11-1,spl:olt-xg11-1,FEEDS,10,protected,False,UP,"{""source"": ""osp_records"", ""method"": ""manual"", ""observed_at"": ""2026-05-15T00:00:00+00:00"", ""valid_from"": ""2026-05-15T00:00:00+00:00"", ""valid_to"": null, ""confidence"": 0.8}"
link-801,port:olt-xg11:p1/2,pon:olt-xg11-2,SERVES,10,protected,False,UP,"{""source"": ""calix_export"", ""method"": ""vendor_export"", ""observed_at"": ""2026-05-15T00:00:00+00:00"", ""valid_from"": ""2026-05-15T00:00:00+00:00"", ""valid_to"": null, ""confidence"": 1.0}"
link-802,pon:olt-xg11-2,spl:olt-xg11-2,FEEDS,10,protected,False,UP,"{""source"": ""osp_records"", ""method"": ""manual"", ""observed_at"": ""2026-05-15T00:00:00+00:00"", ""valid_from"": ""2026-05-15T00:00:00+00:00"", ""valid_to"": null, ""confidence"": 0.8}"
link-803,port:olt-xg11:p1/3,pon:olt-xg11-3,SERVES,10,protected,False,UP,"{""source"": ""calix_export"", ""method"": ""vendor_export"", ""observed_at"": ""2026-05-15T00:00:00+00:00"", ""valid_from"": ""2026-05-15T00:00:00+00:00"", ""valid_to"": null, ""confidence"": 1.0}"
link-804,pon:olt-xg11-3,spl:olt-xg11-3,FEEDS,10,protected,False,UP,"{""source"": ""osp_records"", ""method"": ""manual"", ""observed_at"": ""2026-05-15T00:00:00+00:00"", ""valid_from"": ""2026-05-15T00:00:00+00:00"", ""valid_to"": null, ""confidence"": 0.8}"
link-805,site:08,dev:olt-xg12,CONTAINS,10,protected,False,UP,"{""source"": ""inventory_review"", ""method"": ""vendor_export"", ""observed_at"": ""2026-05-15T00:00:00+00:00"", ""valid_from"": ""2026-05-15T00:00:00+00:00"", ""valid_to"": null, ""confidence"": 1.0}"
link-806,dev:olt-xg12,sw:axos-R26.1.0,RUNS,10,protected,False,UP,"{""source"": ""inventory_review"", ""method"": ""vendor_export"", ""observed_at"": ""2026-05-15T00:00:00+00:00"", ""valid_from"": ""2026-05-15T00:00:00+00:00"", ""valid_to"": null, ""confidence"": 1.0}"
link-807,dev:olt-xg12,port:olt-xg12:x1/0,HAS_PORT,10,protected,False,UP,"{""source"": ""config_backup"", ""method"": ""config_parse"", ""observed_at"": ""2026-05-15T00:00:00+00:00"", ""valid_from"": ""2026-05-15T00:00:00+00:00"", ""valid_to"": null, ""confidence"": 1.0}"
link-808,dev:olt-xg12,port:olt-xg12:x1/1,HAS_PORT,10,protected,False,UP,"{""source"": ""config_backup"", ""method"": ""config_parse"", ""observed_at"": ""2026-05-15T00:00:00+00:00"", ""valid_from"": ""2026-05-15T00:00:00+00:00"", ""valid_to"": null, ""confidence"": 1.0}"
link-809,dev:olt-xg12,port:olt-xg12:p1/0,HAS_PORT,10,protected,False,UP,"{""source"": ""config_backup"", ""method"": ""config_parse"", ""observed_at"": ""2026-05-15T00:00:00+00:00"", ""valid_from"": ""2026-05-15T00:00:00+00:00"", ""valid_to"": null, ""confidence"": 1.0}"
link-810,dev:olt-xg12,port:olt-xg12:p1/1,HAS_PORT,10,protected,False,UP,"{""source"": ""config_backup"", ""method"": ""config_parse"", ""observed_at"": ""2026-05-15T00:00:00+00:00"", ""valid_from"": ""2026-05-15T00:00:00+00:00"", ""valid_to"": null, ""confidence"": 1.0}"
link-811,dev:olt-xg12,port:olt-xg12:p1/2,HAS_PORT,10,protected,False,UP,"{""source"": ""config_backup"", ""method"": ""config_parse"", ""observed_at"": ""2026-05-15T00:00:00+00:00"", ""valid_from"": ""2026-05-15T00:00:00+00:00"", ""valid_to"": null, ""confidence"": 1.0}"
link-812,dev:olt-xg12,port:olt-xg12:p1/3,HAS_PORT,10,protected,False,UP,"{""source"": ""config_backup"", ""method"": ""config_parse"", ""observed_at"": ""2026-05-15T00:00:00+00:00"", ""valid_from"": ""2026-05-15T00:00:00+00:00"", ""valid_to"": null, ""confidence"": 1.0}"
link-813,port:olt-xg12:x1/0,link:olt-xg12:x1/0--acx-37:xe-0/0/0,TERMINATES,10,protected,False,UP,"{""link_end"": ""a"", ""source"": ""nms"", ""method"": ""lldp"", ""observed_at"": ""2026-05-15T00:00:00+00:00"", ""valid_from"": ""2026-05-15T00:00:00+00:00"", ""valid_to"": null, ""confidence"": 1.0}"
link-814,port:acx-37:xe-0/0/0,link:olt-xg12:x1/0--acx-37:xe-0/0/0,TERMINATES,10,protected,False,UP,"{""link_end"": ""z"", ""source"": ""nms"", ""method"": ""lldp"", ""observed_at"": ""2026-05-15T00:00:00+00:00"", ""valid_from"": ""2026-05-15T00:00:00+00:00"", ""valid_to"": null, ""confidence"": 1.0}"
link-815,port:olt-xg12:p1/0,pon:olt-xg12-0,SERVES,10,protected,False,UP,"{""source"": ""calix_export"", ""method"": ""vendor_export"", ""observed_at"": ""2026-05-15T00:00:00+00:00"", ""valid_from"": ""2026-05-15T00:00:00+00:00"", ""valid_to"": null, ""confidence"": 1.0}"
link-816,pon:olt-xg12-0,spl:olt-xg12-0,FEEDS,10,protected,False,UP,"{""source"": ""osp_records"", ""method"": ""manual"", ""observed_at"": ""2026-05-15T00:00:00+00:00"", ""valid_from"": ""2026-05-15T00:00:00+00:00"", ""valid_to"": null, ""confidence"": 0.8}"
link-817,port:olt-xg12:p1/1,pon:olt-xg12-1,SERVES,10,protected,False,UP,"{""source"": ""calix_export"", ""method"": ""vendor_export"", ""observed_at"": ""2026-05-15T00:00:00+00:00"", ""valid_from"": ""2026-05-15T00:00:00+00:00"", ""valid_to"": null, ""confidence"": 1.0}"
link-818,pon:olt-xg12-1,spl:olt-xg12-1,FEEDS,10,protected,False,UP,"{""source"": ""osp_records"", ""method"": ""manual"", ""observed_at"": ""2026-05-15T00:00:00+00:00"", ""valid_from"": ""2026-05-15T00:00:00+00:00"", ""valid_to"": null, ""confidence"": 0.8}"
link-819,port:olt-xg12:p1/2,pon:olt-xg12-2,SERVES,10,protected,False,UP,"{""source"": ""calix_export"", ""method"": ""vendor_export"", ""observed_at"": ""2026-05-15T00:00:00+00:00"", ""valid_from"": ""2026-05-15T00:00:00+00:00"", ""valid_to"": null, ""confidence"": 1.0}"
link-820,pon:olt-xg12-2,spl:olt-xg12-2,FEEDS,10,protected,False,UP,"{""source"": ""osp_records"", ""method"": ""manual"", ""observed_at"": ""2026-05-15T00:00:00+00:00"", ""valid_from"": ""2026-05-15T00:00:00+00:00"", ""valid_to"": null, ""confidence"": 0.8}"
link-821,port:olt-xg12:p1/3,pon:olt-xg12-3,SERVES,10,protected,False,UP,"{""source"": ""calix_export"", ""method"": ""vendor_export"", ""observed_at"": ""2026-05-15T00:00:00+00:00"", ""valid_from"": ""2026-05-15T00:00:00+00:00"", ""valid_to"": null, ""confidence"": 1.0}"
link-822,pon:olt-xg12-3,spl:olt-xg12-3,FEEDS,10,protected,False,UP,"{""source"": ""osp_records"", ""method"": ""manual"", ""observed_at"": ""2026-05-15T00:00:00+00:00"", ""valid_from"": ""2026-05-15T00:00:00+00:00"", ""valid_to"": null, ""confidence"": 0.8}"
link-823,site:03,dev:olt-xg13,CONTAINS,10,protected,False,UP,"{""source"": ""inventory_review"", ""method"": ""vendor_export"", ""observed_at"": ""2026-05-15T00:00:00+00:00"", ""valid_from"": ""2026-05-15T00:00:00+00:00"", ""valid_to"": null, ""confidence"": 1.0}"
link-824,dev:olt-xg13,sw:axos-R26.1.0,RUNS,10,protected,False,UP,"{""source"": ""inventory_review"", ""method"": ""vendor_export"", ""observed_at"": ""2026-05-15T00:00:00+00:00"", ""valid_from"": ""2026-05-15T00:00:00+00:00"", ""valid_to"": null, ""confidence"": 1.0}"
link-825,dev:olt-xg13,port:olt-xg13:x1/0,HAS_PORT,10,protected,False,UP,"{""source"": ""config_backup"", ""method"": ""config_parse"", ""observed_at"": ""2026-05-15T00:00:00+00:00"", ""valid_from"": ""2026-05-15T00:00:00+00:00"", ""valid_to"": null, ""confidence"": 1.0}"
link-826,dev:olt-xg13,port:olt-xg13:x1/1,HAS_PORT,10,protected,False,UP,"{""source"": ""config_backup"", ""method"": ""config_parse"", ""observed_at"": ""2026-05-15T00:00:00+00:00"", ""valid_from"": ""2026-05-15T00:00:00+00:00"", ""valid_to"": null, ""confidence"": 1.0}"
link-827,dev:olt-xg13,port:olt-xg13:p1/0,HAS_PORT,10,protected,False,UP,"{""source"": ""config_backup"", ""method"": ""config_parse"", ""observed_at"": ""2026-05-15T00:00:00+00:00"", ""valid_from"": ""2026-05-15T00:00:00+00:00"", ""valid_to"": null, ""confidence"": 1.0}"
link-828,dev:olt-xg13,port:olt-xg13:p1/1,HAS_PORT,10,protected,False,UP,"{""source"": ""config_backup"", ""method"": ""config_parse"", ""observed_at"": ""2026-05-15T00:00:00+00:00"", ""valid_from"": ""2026-05-15T00:00:00+00:00"", ""valid_to"": null, ""confidence"": 1.0}"
link-829,dev:olt-xg13,port:olt-xg13:p1/2,HAS_PORT,10,protected,False,UP,"{""source"": ""config_backup"", ""method"": ""config_parse"", ""observed_at"": ""2026-05-15T00:00:00+00:00"", ""valid_from"": ""2026-05-15T00:00:00+00:00"", ""valid_to"": null, ""confidence"": 1.0}"
link-830,dev:olt-xg13,port:olt-xg13:p1/3,HAS_PORT,10,protected,False,UP,"{""source"": ""config_backup"", ""method"": ""config_parse"", ""observed_at"": ""2026-05-15T00:00:00+00:00"", ""valid_from"": ""2026-05-15T00:00:00+00:00"", ""valid_to"": null, ""confidence"": 1.0}"
link-831,port:olt-xg13:x1/0,link:olt-xg13:x1/0--acx-40:xe-0/0/1,TERMINATES,10,protected,False,UP,"{""link_end"": ""a"", ""source"": ""nms"", ""method"": ""lldp"", ""observed_at"": ""2026-05-15T00:00:00+00:00"", ""valid_from"": ""2026-05-15T00:00:00+00:00"", ""valid_to"": null, ""confidence"": 1.0}"
link-832,port:acx-40:xe-0/0/1,link:olt-xg13:x1/0--acx-40:xe-0/0/1,TERMINATES,10,protected,False,UP,"{""link_end"": ""z"", ""source"": ""nms"", ""method"": ""lldp"", ""observed_at"": ""2026-05-15T00:00:00+00:00"", ""valid_from"": ""2026-05-15T00:00:00+00:00"", ""valid_to"": null, ""confidence"": 1.0}"
link-833,port:olt-xg13:p1/0,pon:olt-xg13-0,SERVES,10,protected,False,UP,"{""source"": ""calix_export"", ""method"": ""vendor_export"", ""observed_at"": ""2026-05-15T00:00:00+00:00"", ""valid_from"": ""2026-05-15T00:00:00+00:00"", ""valid_to"": null, ""confidence"": 1.0}"
link-834,pon:olt-xg13-0,spl:olt-xg13-0,FEEDS,10,protected,False,UP,"{""source"": ""osp_records"", ""method"": ""manual"", ""observed_at"": ""2026-05-15T00:00:00+00:00"", ""valid_from"": ""2026-05-15T00:00:00+00:00"", ""valid_to"": null, ""confidence"": 0.8}"
link-835,port:olt-xg13:p1/1,pon:olt-xg13-1,SERVES,10,protected,False,UP,"{""source"": ""calix_export"", ""method"": ""vendor_export"", ""observed_at"": ""2026-05-15T00:00:00+00:00"", ""valid_from"": ""2026-05-15T00:00:00+00:00"", ""valid_to"": null, ""confidence"": 1.0}"
link-836,pon:olt-xg13-1,spl:olt-xg13-1,FEEDS,10,protected,False,UP,"{""source"": ""osp_records"", ""method"": ""manual"", ""observed_at"": ""2026-05-15T00:00:00+00:00"", ""valid_from"": ""2026-05-15T00:00:00+00:00"", ""valid_to"": null, ""confidence"": 0.8}"
link-837,port:olt-xg13:p1/2,pon:olt-xg13-2,SERVES,10,protected,False,UP,"{""source"": ""calix_export"", ""method"": ""vendor_export"", ""observed_at"": ""2026-05-15T00:00:00+00:00"", ""valid_from"": ""2026-05-15T00:00:00+00:00"", ""valid_to"": null, ""confidence"": 1.0}"
link-838,pon:olt-xg13-2,spl:olt-xg13-2,FEEDS,10,protected,False,UP,"{""source"": ""osp_records"", ""method"": ""manual"", ""observed_at"": ""2026-05-15T00:00:00+00:00"", ""valid_from"": ""2026-05-15T00:00:00+00:00"", ""valid_to"": null, ""confidence"": 0.8}"
link-839,port:olt-xg13:p1/3,pon:olt-xg13-3,SERVES,10,protected,False,UP,"{""source"": ""calix_export"", ""method"": ""vendor_export"", ""observed_at"": ""2026-05-15T00:00:00+00:00"", ""valid_from"": ""2026-05-15T00:00:00+00:00"", ""valid_to"": null, ""confidence"": 1.0}"
link-840,pon:olt-xg13-3,spl:olt-xg13-3,FEEDS,10,protected,False,UP,"{""source"": ""osp_records"", ""method"": ""manual"", ""observed_at"": ""2026-05-15T00:00:00+00:00"", ""valid_from"": ""2026-05-15T00:00:00+00:00"", ""valid_to"": null, ""confidence"": 0.8}"
link-841,site:06,dev:olt-xg14,CONTAINS,10,protected,False,UP,"{""source"": ""inventory_review"", ""method"": ""vendor_export"", ""observed_at"": ""2026-05-15T00:00:00+00:00"", ""valid_from"": ""2026-05-15T00:00:00+00:00"", ""valid_to"": null, ""confidence"": 1.0}"
link-842,dev:olt-xg14,sw:axos-R26.1.0,RUNS,10,protected,False,UP,"{""source"": ""inventory_review"", ""method"": ""vendor_export"", ""observed_at"": ""2026-05-15T00:00:00+00:00"", ""valid_from"": ""2026-05-15T00:00:00+00:00"", ""valid_to"": null, ""confidence"": 1.0}"
link-843,dev:olt-xg14,port:olt-xg14:x1/0,HAS_PORT,10,protected,False,UP,"{""source"": ""config_backup"", ""method"": ""config_parse"", ""observed_at"": ""2026-05-15T00:00:00+00:00"", ""valid_from"": ""2026-05-15T00:00:00+00:00"", ""valid_to"": null, ""confidence"": 1.0}"
link-844,dev:olt-xg14,port:olt-xg14:x1/1,HAS_PORT,10,protected,False,UP,"{""source"": ""config_backup"", ""method"": ""config_parse"", ""observed_at"": ""2026-05-15T00:00:00+00:00"", ""valid_from"": ""2026-05-15T00:00:00+00:00"", ""valid_to"": null, ""confidence"": 1.0}"
link-845,dev:olt-xg14,port:olt-xg14:p1/0,HAS_PORT,10,protected,False,UP,"{""source"": ""config_backup"", ""method"": ""config_parse"", ""observed_at"": ""2026-05-15T00:00:00+00:00"", ""valid_from"": ""2026-05-15T00:00:00+00:00"", ""valid_to"": null, ""confidence"": 1.0}"
link-846,dev:olt-xg14,port:olt-xg14:p1/1,HAS_PORT,10,protected,False,UP,"{""source"": ""config_backup"", ""method"": ""config_parse"", ""observed_at"": ""2026-05-15T00:00:00+00:00"", ""valid_from"": ""2026-05-15T00:00:00+00:00"", ""valid_to"": null, ""confidence"": 1.0}"
link-847,dev:olt-xg14,port:olt-xg14:p1/2,HAS_PORT,10,protected,False,UP,"{""source"": ""config_backup"", ""method"": ""config_parse"", ""observed_at"": ""2026-05-15T00:00:00+00:00"", ""valid_from"": ""2026-05-15T00:00:00+00:00"", ""valid_to"": null, ""confidence"": 1.0}"
link-848,dev:olt-xg14,port:olt-xg14:p1/3,HAS_PORT,10,protected,False,UP,"{""source"": ""config_backup"", ""method"": ""config_parse"", ""observed_at"": ""2026-05-15T00:00:00+00:00"", ""valid_from"": ""2026-05-15T00:00:00+00:00"", ""valid_to"": null, ""confidence"": 1.0}"
link-849,port:olt-xg14:x1/0,link:olt-xg14:x1/0--acx-03:xe-0/0/2,TERMINATES,10,protected,False,UP,"{""link_end"": ""a"", ""source"": ""nms"", ""method"": ""lldp"", ""observed_at"": ""2026-05-15T00:00:00+00:00"", ""valid_from"": ""2026-05-15T00:00:00+00:00"", ""valid_to"": null, ""confidence"": 1.0}"
link-850,port:acx-03:xe-0/0/2,link:olt-xg14:x1/0--acx-03:xe-0/0/2,TERMINATES,10,protected,False,UP,"{""link_end"": ""z"", ""source"": ""nms"", ""method"": ""lldp"", ""observed_at"": ""2026-05-15T00:00:00+00:00"", ""valid_from"": ""2026-05-15T00:00:00+00:00"", ""valid_to"": null, ""confidence"": 1.0}"
link-851,port:olt-xg14:p1/0,pon:olt-xg14-0,SERVES,10,protected,False,UP,"{""source"": ""calix_export"", ""method"": ""vendor_export"", ""observed_at"": ""2026-05-15T00:00:00+00:00"", ""valid_from"": ""2026-05-15T00:00:00+00:00"", ""valid_to"": null, ""confidence"": 1.0}"
link-852,pon:olt-xg14-0,spl:olt-xg14-0,FEEDS,10,protected,False,UP,"{""source"": ""osp_records"", ""method"": ""manual"", ""observed_at"": ""2026-05-15T00:00:00+00:00"", ""valid_from"": ""2026-05-15T00:00:00+00:00"", ""valid_to"": null, ""confidence"": 0.8}"
link-853,port:olt-xg14:p1/1,pon:olt-xg14-1,SERVES,10,protected,False,UP,"{""source"": ""calix_export"", ""method"": ""vendor_export"", ""observed_at"": ""2026-05-15T00:00:00+00:00"", ""valid_from"": ""2026-05-15T00:00:00+00:00"", ""valid_to"": null, ""confidence"": 1.0}"
link-854,pon:olt-xg14-1,spl:olt-xg14-1,FEEDS,10,protected,False,UP,"{""source"": ""osp_records"", ""method"": ""manual"", ""observed_at"": ""2026-05-15T00:00:00+00:00"", ""valid_from"": ""2026-05-15T00:00:00+00:00"", ""valid_to"": null, ""confidence"": 0.8}"
link-855,port:olt-xg14:p1/2,pon:olt-xg14-2,SERVES,10,protected,False,UP,"{""source"": ""calix_export"", ""method"": ""vendor_export"", ""observed_at"": ""2026-05-15T00:00:00+00:00"", ""valid_from"": ""2026-05-15T00:00:00+00:00"", ""valid_to"": null, ""confidence"": 1.0}"
link-856,pon:olt-xg14-2,spl:olt-xg14-2,FEEDS,10,protected,False,UP,"{""source"": ""osp_records"", ""method"": ""manual"", ""observed_at"": ""2026-05-15T00:00:00+00:00"", ""valid_from"": ""2026-05-15T00:00:00+00:00"", ""valid_to"": null, ""confidence"": 0.8}"
link-857,port:olt-xg14:p1/3,pon:olt-xg14-3,SERVES,10,protected,False,UP,"{""source"": ""calix_export"", ""method"": ""vendor_export"", ""observed_at"": ""2026-05-15T00:00:00+00:00"", ""valid_from"": ""2026-05-15T00:00:00+00:00"", ""valid_to"": null, ""confidence"": 1.0}"
link-858,pon:olt-xg14-3,spl:olt-xg14-3,FEEDS,10,protected,False,UP,"{""source"": ""osp_records"", ""method"": ""manual"", ""observed_at"": ""2026-05-15T00:00:00+00:00"", ""valid_from"": ""2026-05-15T00:00:00+00:00"", ""valid_to"": null, ""confidence"": 0.8}"
link-859,site:09,dev:olt-xg15,CONTAINS,10,protected,False,UP,"{""source"": ""inventory_review"", ""method"": ""vendor_export"", ""observed_at"": ""2026-05-15T00:00:00+00:00"", ""valid_from"": ""2026-05-15T00:00:00+00:00"", ""valid_to"": null, ""confidence"": 1.0}"
link-860,dev:olt-xg15,sw:axos-R26.1.0,RUNS,10,protected,False,UP,"{""source"": ""inventory_review"", ""method"": ""vendor_export"", ""observed_at"": ""2026-05-15T00:00:00+00:00"", ""valid_from"": ""2026-05-15T00:00:00+00:00"", ""valid_to"": null, ""confidence"": 1.0}"
link-861,dev:olt-xg15,port:olt-xg15:x1/0,HAS_PORT,10,protected,False,UP,"{""source"": ""config_backup"", ""method"": ""config_parse"", ""observed_at"": ""2026-05-15T00:00:00+00:00"", ""valid_from"": ""2026-05-15T00:00:00+00:00"", ""valid_to"": null, ""confidence"": 1.0}"
link-862,dev:olt-xg15,port:olt-xg15:x1/1,HAS_PORT,10,protected,False,UP,"{""source"": ""config_backup"", ""method"": ""config_parse"", ""observed_at"": ""2026-05-15T00:00:00+00:00"", ""valid_from"": ""2026-05-15T00:00:00+00:00"", ""valid_to"": null, ""confidence"": 1.0}"
link-863,dev:olt-xg15,port:olt-xg15:p1/0,HAS_PORT,10,protected,False,UP,"{""source"": ""config_backup"", ""method"": ""config_parse"", ""observed_at"": ""2026-05-15T00:00:00+00:00"", ""valid_from"": ""2026-05-15T00:00:00+00:00"", ""valid_to"": null, ""confidence"": 1.0}"
link-864,dev:olt-xg15,port:olt-xg15:p1/1,HAS_PORT,10,protected,False,UP,"{""source"": ""config_backup"", ""method"": ""config_parse"", ""observed_at"": ""2026-05-15T00:00:00+00:00"", ""valid_from"": ""2026-05-15T00:00:00+00:00"", ""valid_to"": null, ""confidence"": 1.0}"
link-865,dev:olt-xg15,port:olt-xg15:p1/2,HAS_PORT,10,protected,False,UP,"{""source"": ""config_backup"", ""method"": ""config_parse"", ""observed_at"": ""2026-05-15T00:00:00+00:00"", ""valid_from"": ""2026-05-15T00:00:00+00:00"", ""valid_to"": null, ""confidence"": 1.0}"
link-866,dev:olt-xg15,port:olt-xg15:p1/3,HAS_PORT,10,protected,False,UP,"{""source"": ""config_backup"", ""method"": ""config_parse"", ""observed_at"": ""2026-05-15T00:00:00+00:00"", ""valid_from"": ""2026-05-15T00:00:00+00:00"", ""valid_to"": null, ""confidence"": 1.0}"
link-867,port:olt-xg15:x1/0,link:olt-xg15:x1/0--acx-06:xe-0/0/3,TERMINATES,10,protected,False,UP,"{""link_end"": ""a"", ""source"": ""nms"", ""method"": ""lldp"", ""observed_at"": ""2026-05-15T00:00:00+00:00"", ""valid_from"": ""2026-05-15T00:00:00+00:00"", ""valid_to"": null, ""confidence"": 1.0}"
link-868,port:acx-06:xe-0/0/3,link:olt-xg15:x1/0--acx-06:xe-0/0/3,TERMINATES,10,protected,False,UP,"{""link_end"": ""z"", ""source"": ""nms"", ""method"": ""lldp"", ""observed_at"": ""2026-05-15T00:00:00+00:00"", ""valid_from"": ""2026-05-15T00:00:00+00:00"", ""valid_to"": null, ""confidence"": 1.0}"
link-869,port:olt-xg15:p1/0,pon:olt-xg15-0,SERVES,10,protected,False,UP,"{""source"": ""calix_export"", ""method"": ""vendor_export"", ""observed_at"": ""2026-05-15T00:00:00+00:00"", ""valid_from"": ""2026-05-15T00:00:00+00:00"", ""valid_to"": null, ""confidence"": 1.0}"
link-870,pon:olt-xg15-0,spl:olt-xg15-0,FEEDS,10,protected,False,UP,"{""source"": ""osp_records"", ""method"": ""manual"", ""observed_at"": ""2026-05-15T00:00:00+00:00"", ""valid_from"": ""2026-05-15T00:00:00+00:00"", ""valid_to"": null, ""confidence"": 0.8}"
link-871,port:olt-xg15:p1/1,pon:olt-xg15-1,SERVES,10,protected,False,UP,"{""source"": ""calix_export"", ""method"": ""vendor_export"", ""observed_at"": ""2026-05-15T00:00:00+00:00"", ""valid_from"": ""2026-05-15T00:00:00+00:00"", ""valid_to"": null, ""confidence"": 1.0}"
link-872,pon:olt-xg15-1,spl:olt-xg15-1,FEEDS,10,protected,False,UP,"{""source"": ""osp_records"", ""method"": ""manual"", ""observed_at"": ""2026-05-15T00:00:00+00:00"", ""valid_from"": ""2026-05-15T00:00:00+00:00"", ""valid_to"": null, ""confidence"": 0.8}"
link-873,port:olt-xg15:p1/2,pon:olt-xg15-2,SERVES,10,protected,False,UP,"{""source"": ""calix_export"", ""method"": ""vendor_export"", ""observed_at"": ""2026-05-15T00:00:00+00:00"", ""valid_from"": ""2026-05-15T00:00:00+00:00"", ""valid_to"": null, ""confidence"": 1.0}"
link-874,pon:olt-xg15-2,spl:olt-xg15-2,FEEDS,10,protected,False,UP,"{""source"": ""osp_records"", ""method"": ""manual"", ""observed_at"": ""2026-05-15T00:00:00+00:00"", ""valid_from"": ""2026-05-15T00:00:00+00:00"", ""valid_to"": null, ""confidence"": 0.8}"
link-875,port:olt-xg15:p1/3,pon:olt-xg15-3,SERVES,10,protected,False,UP,"{""source"": ""calix_export"", ""method"": ""vendor_export"", ""observed_at"": ""2026-05-15T00:00:00+00:00"", ""valid_from"": ""2026-05-15T00:00:00+00:00"", ""valid_to"": null, ""confidence"": 1.0}"
link-876,pon:olt-xg15-3,spl:olt-xg15-3,FEEDS,10,protected,False,UP,"{""source"": ""osp_records"", ""method"": ""manual"", ""observed_at"": ""2026-05-15T00:00:00+00:00"", ""valid_from"": ""2026-05-15T00:00:00+00:00"", ""valid_to"": null, ""confidence"": 0.8}"
link-877,site:04,dev:olt-xg16,CONTAINS,10,protected,False,UP,"{""source"": ""inventory_review"", ""method"": ""vendor_export"", ""observed_at"": ""2026-05-15T00:00:00+00:00"", ""valid_from"": ""2026-05-15T00:00:00+00:00"", ""valid_to"": null, ""confidence"": 1.0}"
link-878,dev:olt-xg16,sw:axos-R26.1.0,RUNS,10,protected,False,UP,"{""source"": ""inventory_review"", ""method"": ""vendor_export"", ""observed_at"": ""2026-05-15T00:00:00+00:00"", ""valid_from"": ""2026-05-15T00:00:00+00:00"", ""valid_to"": null, ""confidence"": 1.0}"
link-879,dev:olt-xg16,port:olt-xg16:x1/0,HAS_PORT,10,protected,False,UP,"{""source"": ""config_backup"", ""method"": ""config_parse"", ""observed_at"": ""2026-05-15T00:00:00+00:00"", ""valid_from"": ""2026-05-15T00:00:00+00:00"", ""valid_to"": null, ""confidence"": 1.0}"
link-880,dev:olt-xg16,port:olt-xg16:x1/1,HAS_PORT,10,protected,False,UP,"{""source"": ""config_backup"", ""method"": ""config_parse"", ""observed_at"": ""2026-05-15T00:00:00+00:00"", ""valid_from"": ""2026-05-15T00:00:00+00:00"", ""valid_to"": null, ""confidence"": 1.0}"
link-881,dev:olt-xg16,port:olt-xg16:p1/0,HAS_PORT,10,protected,False,UP,"{""source"": ""config_backup"", ""method"": ""config_parse"", ""observed_at"": ""2026-05-15T00:00:00+00:00"", ""valid_from"": ""2026-05-15T00:00:00+00:00"", ""valid_to"": null, ""confidence"": 1.0}"
link-882,dev:olt-xg16,port:olt-xg16:p1/1,HAS_PORT,10,protected,False,UP,"{""source"": ""config_backup"", ""method"": ""config_parse"", ""observed_at"": ""2026-05-15T00:00:00+00:00"", ""valid_from"": ""2026-05-15T00:00:00+00:00"", ""valid_to"": null, ""confidence"": 1.0}"
link-883,dev:olt-xg16,port:olt-xg16:p1/2,HAS_PORT,10,protected,False,UP,"{""source"": ""config_backup"", ""method"": ""config_parse"", ""observed_at"": ""2026-05-15T00:00:00+00:00"", ""valid_from"": ""2026-05-15T00:00:00+00:00"", ""valid_to"": null, ""confidence"": 1.0}"
link-884,dev:olt-xg16,port:olt-xg16:p1/3,HAS_PORT,10,protected,False,UP,"{""source"": ""config_backup"", ""method"": ""config_parse"", ""observed_at"": ""2026-05-15T00:00:00+00:00"", ""valid_from"": ""2026-05-15T00:00:00+00:00"", ""valid_to"": null, ""confidence"": 1.0}"
link-885,port:olt-xg16:x1/0,link:olt-xg16:x1/0--acx-09:xe-0/0/0,TERMINATES,10,protected,False,UP,"{""link_end"": ""a"", ""source"": ""nms"", ""method"": ""lldp"", ""observed_at"": ""2026-05-15T00:00:00+00:00"", ""valid_from"": ""2026-05-15T00:00:00+00:00"", ""valid_to"": null, ""confidence"": 1.0}"
link-886,port:acx-09:xe-0/0/0,link:olt-xg16:x1/0--acx-09:xe-0/0/0,TERMINATES,10,protected,False,UP,"{""link_end"": ""z"", ""source"": ""nms"", ""method"": ""lldp"", ""observed_at"": ""2026-05-15T00:00:00+00:00"", ""valid_from"": ""2026-05-15T00:00:00+00:00"", ""valid_to"": null, ""confidence"": 1.0}"
link-887,port:olt-xg16:p1/0,pon:olt-xg16-0,SERVES,10,protected,False,UP,"{""source"": ""calix_export"", ""method"": ""vendor_export"", ""observed_at"": ""2026-05-15T00:00:00+00:00"", ""valid_from"": ""2026-05-15T00:00:00+00:00"", ""valid_to"": null, ""confidence"": 1.0}"
link-888,pon:olt-xg16-0,spl:olt-xg16-0,FEEDS,10,protected,False,UP,"{""source"": ""osp_records"", ""method"": ""manual"", ""observed_at"": ""2026-05-15T00:00:00+00:00"", ""valid_from"": ""2026-05-15T00:00:00+00:00"", ""valid_to"": null, ""confidence"": 0.8}"
link-889,port:olt-xg16:p1/1,pon:olt-xg16-1,SERVES,10,protected,False,UP,"{""source"": ""calix_export"", ""method"": ""vendor_export"", ""observed_at"": ""2026-05-15T00:00:00+00:00"", ""valid_from"": ""2026-05-15T00:00:00+00:00"", ""valid_to"": null, ""confidence"": 1.0}"
link-890,pon:olt-xg16-1,spl:olt-xg16-1,FEEDS,10,protected,False,UP,"{""source"": ""osp_records"", ""method"": ""manual"", ""observed_at"": ""2026-05-15T00:00:00+00:00"", ""valid_from"": ""2026-05-15T00:00:00+00:00"", ""valid_to"": null, ""confidence"": 0.8}"
link-891,port:olt-xg16:p1/2,pon:olt-xg16-2,SERVES,10,protected,False,UP,"{""source"": ""calix_export"", ""method"": ""vendor_export"", ""observed_at"": ""2026-05-15T00:00:00+00:00"", ""valid_from"": ""2026-05-15T00:00:00+00:00"", ""valid_to"": null, ""confidence"": 1.0}"
link-892,pon:olt-xg16-2,spl:olt-xg16-2,FEEDS,10,protected,False,UP,"{""source"": ""osp_records"", ""method"": ""manual"", ""observed_at"": ""2026-05-15T00:00:00+00:00"", ""valid_from"": ""2026-05-15T00:00:00+00:00"", ""valid_to"": null, ""confidence"": 0.8}"
link-893,port:olt-xg16:p1/3,pon:olt-xg16-3,SERVES,10,protected,False,UP,"{""source"": ""calix_export"", ""method"": ""vendor_export"", ""observed_at"": ""2026-05-15T00:00:00+00:00"", ""valid_from"": ""2026-05-15T00:00:00+00:00"", ""valid_to"": null, ""confidence"": 1.0}"
link-894,pon:olt-xg16-3,spl:olt-xg16-3,FEEDS,10,protected,False,UP,"{""source"": ""osp_records"", ""method"": ""manual"", ""observed_at"": ""2026-05-15T00:00:00+00:00"", ""valid_from"": ""2026-05-15T00:00:00+00:00"", ""valid_to"": null, ""confidence"": 0.8}"
link-895,site:07,dev:olt-xg17,CONTAINS,10,protected,False,UP,"{""source"": ""inventory_review"", ""method"": ""vendor_export"", ""observed_at"": ""2026-05-15T00:00:00+00:00"", ""valid_from"": ""2026-05-15T00:00:00+00:00"", ""valid_to"": null, ""confidence"": 1.0}"
link-896,dev:olt-xg17,sw:axos-R26.1.0,RUNS,10,protected,False,UP,"{""source"": ""inventory_review"", ""method"": ""vendor_export"", ""observed_at"": ""2026-05-15T00:00:00+00:00"", ""valid_from"": ""2026-05-15T00:00:00+00:00"", ""valid_to"": null, ""confidence"": 1.0}"
link-897,dev:olt-xg17,port:olt-xg17:x1/0,HAS_PORT,10,protected,False,UP,"{""source"": ""config_backup"", ""method"": ""config_parse"", ""observed_at"": ""2026-05-15T00:00:00+00:00"", ""valid_from"": ""2026-05-15T00:00:00+00:00"", ""valid_to"": null, ""confidence"": 1.0}"
link-898,dev:olt-xg17,port:olt-xg17:x1/1,HAS_PORT,10,protected,False,UP,"{""source"": ""config_backup"", ""method"": ""config_parse"", ""observed_at"": ""2026-05-15T00:00:00+00:00"", ""valid_from"": ""2026-05-15T00:00:00+00:00"", ""valid_to"": null, ""confidence"": 1.0}"
link-899,dev:olt-xg17,port:olt-xg17:p1/0,HAS_PORT,10,protected,False,UP,"{""source"": ""config_backup"", ""method"": ""config_parse"", ""observed_at"": ""2026-05-15T00:00:00+00:00"", ""valid_from"": ""2026-05-15T00:00:00+00:00"", ""valid_to"": null, ""confidence"": 1.0}"
link-900,dev:olt-xg17,port:olt-xg17:p1/1,HAS_PORT,10,protected,False,UP,"{""source"": ""config_backup"", ""method"": ""config_parse"", ""observed_at"": ""2026-05-15T00:00:00+00:00"", ""valid_from"": ""2026-05-15T00:00:00+00:00"", ""valid_to"": null, ""confidence"": 1.0}"
link-901,dev:olt-xg17,port:olt-xg17:p1/2,HAS_PORT,10,protected,False,UP,"{""source"": ""config_backup"", ""method"": ""config_parse"", ""observed_at"": ""2026-05-15T00:00:00+00:00"", ""valid_from"": ""2026-05-15T00:00:00+00:00"", ""valid_to"": null, ""confidence"": 1.0}"
link-902,dev:olt-xg17,port:olt-xg17:p1/3,HAS_PORT,10,protected,False,UP,"{""source"": ""config_backup"", ""method"": ""config_parse"", ""observed_at"": ""2026-05-15T00:00:00+00:00"", ""valid_from"": ""2026-05-15T00:00:00+00:00"", ""valid_to"": null, ""confidence"": 1.0}"
link-903,port:olt-xg17:x1/0,link:olt-xg17:x1/0--acx-12:xe-0/0/1,TERMINATES,10,protected,False,UP,"{""link_end"": ""a"", ""source"": ""nms"", ""method"": ""lldp"", ""observed_at"": ""2026-05-15T00:00:00+00:00"", ""valid_from"": ""2026-05-15T00:00:00+00:00"", ""valid_to"": null, ""confidence"": 1.0}"
link-904,port:acx-12:xe-0/0/1,link:olt-xg17:x1/0--acx-12:xe-0/0/1,TERMINATES,10,protected,False,UP,"{""link_end"": ""z"", ""source"": ""nms"", ""method"": ""lldp"", ""observed_at"": ""2026-05-15T00:00:00+00:00"", ""valid_from"": ""2026-05-15T00:00:00+00:00"", ""valid_to"": null, ""confidence"": 1.0}"
link-905,port:olt-xg17:p1/0,pon:olt-xg17-0,SERVES,10,protected,False,UP,"{""source"": ""calix_export"", ""method"": ""vendor_export"", ""observed_at"": ""2026-05-15T00:00:00+00:00"", ""valid_from"": ""2026-05-15T00:00:00+00:00"", ""valid_to"": null, ""confidence"": 1.0}"
link-906,pon:olt-xg17-0,spl:olt-xg17-0,FEEDS,10,protected,False,UP,"{""source"": ""osp_records"", ""method"": ""manual"", ""observed_at"": ""2026-05-15T00:00:00+00:00"", ""valid_from"": ""2026-05-15T00:00:00+00:00"", ""valid_to"": null, ""confidence"": 0.8}"
link-907,port:olt-xg17:p1/1,pon:olt-xg17-1,SERVES,10,protected,False,UP,"{""source"": ""calix_export"", ""method"": ""vendor_export"", ""observed_at"": ""2026-05-15T00:00:00+00:00"", ""valid_from"": ""2026-05-15T00:00:00+00:00"", ""valid_to"": null, ""confidence"": 1.0}"
link-908,pon:olt-xg17-1,spl:olt-xg17-1,FEEDS,10,protected,False,UP,"{""source"": ""osp_records"", ""method"": ""manual"", ""observed_at"": ""2026-05-15T00:00:00+00:00"", ""valid_from"": ""2026-05-15T00:00:00+00:00"", ""valid_to"": null, ""confidence"": 0.8}"
link-909,port:olt-xg17:p1/2,pon:olt-xg17-2,SERVES,10,protected,False,UP,"{""source"": ""calix_export"", ""method"": ""vendor_export"", ""observed_at"": ""2026-05-15T00:00:00+00:00"", ""valid_from"": ""2026-05-15T00:00:00+00:00"", ""valid_to"": null, ""confidence"": 1.0}"
link-910,pon:olt-xg17-2,spl:olt-xg17-2,FEEDS,10,protected,False,UP,"{""source"": ""osp_records"", ""method"": ""manual"", ""observed_at"": ""2026-05-15T00:00:00+00:00"", ""valid_from"": ""2026-05-15T00:00:00+00:00"", ""valid_to"": null, ""confidence"": 0.8}"
link-911,port:olt-xg17:p1/3,pon:olt-xg17-3,SERVES,10,protected,False,UP,"{""source"": ""calix_export"", ""method"": ""vendor_export"", ""observed_at"": ""2026-05-15T00:00:00+00:00"", ""valid_from"": ""2026-05-15T00:00:00+00:00"", ""valid_to"": null, ""confidence"": 1.0}"
link-912,pon:olt-xg17-3,spl:olt-xg17-3,FEEDS,10,protected,False,UP,"{""source"": ""osp_records"", ""method"": ""manual"", ""observed_at"": ""2026-05-15T00:00:00+00:00"", ""valid_from"": ""2026-05-15T00:00:00+00:00"", ""valid_to"": null, ""confidence"": 0.8}"
link-913,site:10,dev:olt-xg18,CONTAINS,10,protected,False,UP,"{""source"": ""inventory_review"", ""method"": ""vendor_export"", ""observed_at"": ""2026-05-15T00:00:00+00:00"", ""valid_from"": ""2026-05-15T00:00:00+00:00"", ""valid_to"": null, ""confidence"": 1.0}"
link-914,dev:olt-xg18,sw:axos-R26.1.0,RUNS,10,protected,False,UP,"{""source"": ""inventory_review"", ""method"": ""vendor_export"", ""observed_at"": ""2026-05-15T00:00:00+00:00"", ""valid_from"": ""2026-05-15T00:00:00+00:00"", ""valid_to"": null, ""confidence"": 1.0}"
link-915,dev:olt-xg18,port:olt-xg18:x1/0,HAS_PORT,10,protected,False,UP,"{""source"": ""config_backup"", ""method"": ""config_parse"", ""observed_at"": ""2026-05-15T00:00:00+00:00"", ""valid_from"": ""2026-05-15T00:00:00+00:00"", ""valid_to"": null, ""confidence"": 1.0}"
link-916,dev:olt-xg18,port:olt-xg18:x1/1,HAS_PORT,10,protected,False,UP,"{""source"": ""config_backup"", ""method"": ""config_parse"", ""observed_at"": ""2026-05-15T00:00:00+00:00"", ""valid_from"": ""2026-05-15T00:00:00+00:00"", ""valid_to"": null, ""confidence"": 1.0}"
link-917,dev:olt-xg18,port:olt-xg18:p1/0,HAS_PORT,10,protected,False,UP,"{""source"": ""config_backup"", ""method"": ""config_parse"", ""observed_at"": ""2026-05-15T00:00:00+00:00"", ""valid_from"": ""2026-05-15T00:00:00+00:00"", ""valid_to"": null, ""confidence"": 1.0}"
link-918,dev:olt-xg18,port:olt-xg18:p1/1,HAS_PORT,10,protected,False,UP,"{""source"": ""config_backup"", ""method"": ""config_parse"", ""observed_at"": ""2026-05-15T00:00:00+00:00"", ""valid_from"": ""2026-05-15T00:00:00+00:00"", ""valid_to"": null, ""confidence"": 1.0}"
link-919,dev:olt-xg18,port:olt-xg18:p1/2,HAS_PORT,10,protected,False,UP,"{""source"": ""config_backup"", ""method"": ""config_parse"", ""observed_at"": ""2026-05-15T00:00:00+00:00"", ""valid_from"": ""2026-05-15T00:00:00+00:00"", ""valid_to"": null, ""confidence"": 1.0}"
link-920,dev:olt-xg18,port:olt-xg18:p1/3,HAS_PORT,10,protected,False,UP,"{""source"": ""config_backup"", ""method"": ""config_parse"", ""observed_at"": ""2026-05-15T00:00:00+00:00"", ""valid_from"": ""2026-05-15T00:00:00+00:00"", ""valid_to"": null, ""confidence"": 1.0}"
link-921,port:olt-xg18:x1/0,link:olt-xg18:x1/0--acx-15:xe-0/0/2,TERMINATES,10,protected,False,UP,"{""link_end"": ""a"", ""source"": ""nms"", ""method"": ""lldp"", ""observed_at"": ""2026-05-15T00:00:00+00:00"", ""valid_from"": ""2026-05-15T00:00:00+00:00"", ""valid_to"": null, ""confidence"": 1.0}"
link-922,port:acx-15:xe-0/0/2,link:olt-xg18:x1/0--acx-15:xe-0/0/2,TERMINATES,10,protected,False,UP,"{""link_end"": ""z"", ""source"": ""nms"", ""method"": ""lldp"", ""observed_at"": ""2026-05-15T00:00:00+00:00"", ""valid_from"": ""2026-05-15T00:00:00+00:00"", ""valid_to"": null, ""confidence"": 1.0}"
link-923,port:olt-xg18:p1/0,pon:olt-xg18-0,SERVES,10,protected,False,UP,"{""source"": ""calix_export"", ""method"": ""vendor_export"", ""observed_at"": ""2026-05-15T00:00:00+00:00"", ""valid_from"": ""2026-05-15T00:00:00+00:00"", ""valid_to"": null, ""confidence"": 1.0}"
link-924,pon:olt-xg18-0,spl:olt-xg18-0,FEEDS,10,protected,False,UP,"{""source"": ""osp_records"", ""method"": ""manual"", ""observed_at"": ""2026-05-15T00:00:00+00:00"", ""valid_from"": ""2026-05-15T00:00:00+00:00"", ""valid_to"": null, ""confidence"": 0.8}"
link-925,port:olt-xg18:p1/1,pon:olt-xg18-1,SERVES,10,protected,False,UP,"{""source"": ""calix_export"", ""method"": ""vendor_export"", ""observed_at"": ""2026-05-15T00:00:00+00:00"", ""valid_from"": ""2026-05-15T00:00:00+00:00"", ""valid_to"": null, ""confidence"": 1.0}"
link-926,pon:olt-xg18-1,spl:olt-xg18-1,FEEDS,10,protected,False,UP,"{""source"": ""osp_records"", ""method"": ""manual"", ""observed_at"": ""2026-05-15T00:00:00+00:00"", ""valid_from"": ""2026-05-15T00:00:00+00:00"", ""valid_to"": null, ""confidence"": 0.8}"
link-927,port:olt-xg18:p1/2,pon:olt-xg18-2,SERVES,10,protected,False,UP,"{""source"": ""calix_export"", ""method"": ""vendor_export"", ""observed_at"": ""2026-05-15T00:00:00+00:00"", ""valid_from"": ""2026-05-15T00:00:00+00:00"", ""valid_to"": null, ""confidence"": 1.0}"
link-928,pon:olt-xg18-2,spl:olt-xg18-2,FEEDS,10,protected,False,UP,"{""source"": ""osp_records"", ""method"": ""manual"", ""observed_at"": ""2026-05-15T00:00:00+00:00"", ""valid_from"": ""2026-05-15T00:00:00+00:00"", ""valid_to"": null, ""confidence"": 0.8}"
link-929,port:olt-xg18:p1/3,pon:olt-xg18-3,SERVES,10,protected,False,UP,"{""source"": ""calix_export"", ""method"": ""vendor_export"", ""observed_at"": ""2026-05-15T00:00:00+00:00"", ""valid_from"": ""2026-05-15T00:00:00+00:00"", ""valid_to"": null, ""confidence"": 1.0}"
link-930,pon:olt-xg18-3,spl:olt-xg18-3,FEEDS,10,protected,False,UP,"{""source"": ""osp_records"", ""method"": ""manual"", ""observed_at"": ""2026-05-15T00:00:00+00:00"", ""valid_from"": ""2026-05-15T00:00:00+00:00"", ""valid_to"": null, ""confidence"": 0.8}"
link-931,site:05,dev:olt-xg19,CONTAINS,10,protected,False,UP,"{""source"": ""inventory_review"", ""method"": ""vendor_export"", ""observed_at"": ""2026-05-15T00:00:00+00:00"", ""valid_from"": ""2026-05-15T00:00:00+00:00"", ""valid_to"": null, ""confidence"": 1.0}"
link-932,dev:olt-xg19,sw:axos-R26.1.0,RUNS,10,protected,False,UP,"{""source"": ""inventory_review"", ""method"": ""vendor_export"", ""observed_at"": ""2026-05-15T00:00:00+00:00"", ""valid_from"": ""2026-05-15T00:00:00+00:00"", ""valid_to"": null, ""confidence"": 1.0}"
link-933,dev:olt-xg19,port:olt-xg19:x1/0,HAS_PORT,10,protected,False,UP,"{""source"": ""config_backup"", ""method"": ""config_parse"", ""observed_at"": ""2026-05-15T00:00:00+00:00"", ""valid_from"": ""2026-05-15T00:00:00+00:00"", ""valid_to"": null, ""confidence"": 1.0}"
link-934,dev:olt-xg19,port:olt-xg19:x1/1,HAS_PORT,10,protected,False,UP,"{""source"": ""config_backup"", ""method"": ""config_parse"", ""observed_at"": ""2026-05-15T00:00:00+00:00"", ""valid_from"": ""2026-05-15T00:00:00+00:00"", ""valid_to"": null, ""confidence"": 1.0}"
link-935,dev:olt-xg19,port:olt-xg19:p1/0,HAS_PORT,10,protected,False,UP,"{""source"": ""config_backup"", ""method"": ""config_parse"", ""observed_at"": ""2026-05-15T00:00:00+00:00"", ""valid_from"": ""2026-05-15T00:00:00+00:00"", ""valid_to"": null, ""confidence"": 1.0}"
link-936,dev:olt-xg19,port:olt-xg19:p1/1,HAS_PORT,10,protected,False,UP,"{""source"": ""config_backup"", ""method"": ""config_parse"", ""observed_at"": ""2026-05-15T00:00:00+00:00"", ""valid_from"": ""2026-05-15T00:00:00+00:00"", ""valid_to"": null, ""confidence"": 1.0}"
link-937,dev:olt-xg19,port:olt-xg19:p1/2,HAS_PORT,10,protected,False,UP,"{""source"": ""config_backup"", ""method"": ""config_parse"", ""observed_at"": ""2026-05-15T00:00:00+00:00"", ""valid_from"": ""2026-05-15T00:00:00+00:00"", ""valid_to"": null, ""confidence"": 1.0}"
link-938,dev:olt-xg19,port:olt-xg19:p1/3,HAS_PORT,10,protected,False,UP,"{""source"": ""config_backup"", ""method"": ""config_parse"", ""observed_at"": ""2026-05-15T00:00:00+00:00"", ""valid_from"": ""2026-05-15T00:00:00+00:00"", ""valid_to"": null, ""confidence"": 1.0}"
link-939,port:olt-xg19:x1/0,link:olt-xg19:x1/0--acx-18:xe-0/0/3,TERMINATES,10,protected,False,UP,"{""link_end"": ""a"", ""source"": ""nms"", ""method"": ""lldp"", ""observed_at"": ""2026-05-15T00:00:00+00:00"", ""valid_from"": ""2026-05-15T00:00:00+00:00"", ""valid_to"": null, ""confidence"": 1.0}"
link-940,port:acx-18:xe-0/0/3,link:olt-xg19:x1/0--acx-18:xe-0/0/3,TERMINATES,10,protected,False,UP,"{""link_end"": ""z"", ""source"": ""nms"", ""method"": ""lldp"", ""observed_at"": ""2026-05-15T00:00:00+00:00"", ""valid_from"": ""2026-05-15T00:00:00+00:00"", ""valid_to"": null, ""confidence"": 1.0}"
link-941,port:olt-xg19:p1/0,pon:olt-xg19-0,SERVES,10,protected,False,UP,"{""source"": ""calix_export"", ""method"": ""vendor_export"", ""observed_at"": ""2026-05-15T00:00:00+00:00"", ""valid_from"": ""2026-05-15T00:00:00+00:00"", ""valid_to"": null, ""confidence"": 1.0}"
link-942,pon:olt-xg19-0,spl:olt-xg19-0,FEEDS,10,protected,False,UP,"{""source"": ""osp_records"", ""method"": ""manual"", ""observed_at"": ""2026-05-15T00:00:00+00:00"", ""valid_from"": ""2026-05-15T00:00:00+00:00"", ""valid_to"": null, ""confidence"": 0.8}"
link-943,port:olt-xg19:p1/1,pon:olt-xg19-1,SERVES,10,protected,False,UP,"{""source"": ""calix_export"", ""method"": ""vendor_export"", ""observed_at"": ""2026-05-15T00:00:00+00:00"", ""valid_from"": ""2026-05-15T00:00:00+00:00"", ""valid_to"": null, ""confidence"": 1.0}"
link-944,pon:olt-xg19-1,spl:olt-xg19-1,FEEDS,10,protected,False,UP,"{""source"": ""osp_records"", ""method"": ""manual"", ""observed_at"": ""2026-05-15T00:00:00+00:00"", ""valid_from"": ""2026-05-15T00:00:00+00:00"", ""valid_to"": null, ""confidence"": 0.8}"
link-945,port:olt-xg19:p1/2,pon:olt-xg19-2,SERVES,10,protected,False,UP,"{""source"": ""calix_export"", ""method"": ""vendor_export"", ""observed_at"": ""2026-05-15T00:00:00+00:00"", ""valid_from"": ""2026-05-15T00:00:00+00:00"", ""valid_to"": null, ""confidence"": 1.0}"
link-946,pon:olt-xg19-2,spl:olt-xg19-2,FEEDS,10,protected,False,UP,"{""source"": ""osp_records"", ""method"": ""manual"", ""observed_at"": ""2026-05-15T00:00:00+00:00"", ""valid_from"": ""2026-05-15T00:00:00+00:00"", ""valid_to"": null, ""confidence"": 0.8}"
link-947,port:olt-xg19:p1/3,pon:olt-xg19-3,SERVES,10,protected,False,UP,"{""source"": ""calix_export"", ""method"": ""vendor_export"", ""observed_at"": ""2026-05-15T00:00:00+00:00"", ""valid_from"": ""2026-05-15T00:00:00+00:00"", ""valid_to"": null, ""confidence"": 1.0}"
link-948,pon:olt-xg19-3,spl:olt-xg19-3,FEEDS,10,protected,False,UP,"{""source"": ""osp_records"", ""method"": ""manual"", ""observed_at"": ""2026-05-15T00:00:00+00:00"", ""valid_from"": ""2026-05-15T00:00:00+00:00"", ""valid_to"": null, ""confidence"": 0.8}"
link-949,site:08,dev:olt-xg20,CONTAINS,10,protected,False,UP,"{""source"": ""inventory_review"", ""method"": ""vendor_export"", ""observed_at"": ""2026-05-15T00:00:00+00:00"", ""valid_from"": ""2026-05-15T00:00:00+00:00"", ""valid_to"": null, ""confidence"": 1.0}"
link-950,dev:olt-xg20,sw:axos-R26.1.0,RUNS,10,protected,False,UP,"{""source"": ""inventory_review"", ""method"": ""vendor_export"", ""observed_at"": ""2026-05-15T00:00:00+00:00"", ""valid_from"": ""2026-05-15T00:00:00+00:00"", ""valid_to"": null, ""confidence"": 1.0}"
link-951,dev:olt-xg20,port:olt-xg20:x1/0,HAS_PORT,10,protected,False,UP,"{""source"": ""config_backup"", ""method"": ""config_parse"", ""observed_at"": ""2026-05-15T00:00:00+00:00"", ""valid_from"": ""2026-05-15T00:00:00+00:00"", ""valid_to"": null, ""confidence"": 1.0}"
link-952,dev:olt-xg20,port:olt-xg20:x1/1,HAS_PORT,10,protected,False,UP,"{""source"": ""config_backup"", ""method"": ""config_parse"", ""observed_at"": ""2026-05-15T00:00:00+00:00"", ""valid_from"": ""2026-05-15T00:00:00+00:00"", ""valid_to"": null, ""confidence"": 1.0}"
link-953,dev:olt-xg20,port:olt-xg20:p1/0,HAS_PORT,10,protected,False,UP,"{""source"": ""config_backup"", ""method"": ""config_parse"", ""observed_at"": ""2026-05-15T00:00:00+00:00"", ""valid_from"": ""2026-05-15T00:00:00+00:00"", ""valid_to"": null, ""confidence"": 1.0}"
link-954,dev:olt-xg20,port:olt-xg20:p1/1,HAS_PORT,10,protected,False,UP,"{""source"": ""config_backup"", ""method"": ""config_parse"", ""observed_at"": ""2026-05-15T00:00:00+00:00"", ""valid_from"": ""2026-05-15T00:00:00+00:00"", ""valid_to"": null, ""confidence"": 1.0}"
link-955,dev:olt-xg20,port:olt-xg20:p1/2,HAS_PORT,10,protected,False,UP,"{""source"": ""config_backup"", ""method"": ""config_parse"", ""observed_at"": ""2026-05-15T00:00:00+00:00"", ""valid_from"": ""2026-05-15T00:00:00+00:00"", ""valid_to"": null, ""confidence"": 1.0}"
link-956,dev:olt-xg20,port:olt-xg20:p1/3,HAS_PORT,10,protected,False,UP,"{""source"": ""config_backup"", ""method"": ""config_parse"", ""observed_at"": ""2026-05-15T00:00:00+00:00"", ""valid_from"": ""2026-05-15T00:00:00+00:00"", ""valid_to"": null, ""confidence"": 1.0}"
link-957,port:olt-xg20:x1/0,link:olt-xg20:x1/0--acx-21:xe-0/0/0,TERMINATES,10,protected,False,UP,"{""link_end"": ""a"", ""source"": ""nms"", ""method"": ""lldp"", ""observed_at"": ""2026-05-15T00:00:00+00:00"", ""valid_from"": ""2026-05-15T00:00:00+00:00"", ""valid_to"": null, ""confidence"": 1.0}"
link-958,port:acx-21:xe-0/0/0,link:olt-xg20:x1/0--acx-21:xe-0/0/0,TERMINATES,10,protected,False,UP,"{""link_end"": ""z"", ""source"": ""nms"", ""method"": ""lldp"", ""observed_at"": ""2026-05-15T00:00:00+00:00"", ""valid_from"": ""2026-05-15T00:00:00+00:00"", ""valid_to"": null, ""confidence"": 1.0}"
link-959,port:olt-xg20:p1/0,pon:olt-xg20-0,SERVES,10,protected,False,UP,"{""source"": ""calix_export"", ""method"": ""vendor_export"", ""observed_at"": ""2026-05-15T00:00:00+00:00"", ""valid_from"": ""2026-05-15T00:00:00+00:00"", ""valid_to"": null, ""confidence"": 1.0}"
link-960,pon:olt-xg20-0,spl:olt-xg20-0,FEEDS,10,protected,False,UP,"{""source"": ""osp_records"", ""method"": ""manual"", ""observed_at"": ""2026-05-15T00:00:00+00:00"", ""valid_from"": ""2026-05-15T00:00:00+00:00"", ""valid_to"": null, ""confidence"": 0.8}"
link-961,port:olt-xg20:p1/1,pon:olt-xg20-1,SERVES,10,protected,False,UP,"{""source"": ""calix_export"", ""method"": ""vendor_export"", ""observed_at"": ""2026-05-15T00:00:00+00:00"", ""valid_from"": ""2026-05-15T00:00:00+00:00"", ""valid_to"": null, ""confidence"": 1.0}"
link-962,pon:olt-xg20-1,spl:olt-xg20-1,FEEDS,10,protected,False,UP,"{""source"": ""osp_records"", ""method"": ""manual"", ""observed_at"": ""2026-05-15T00:00:00+00:00"", ""valid_from"": ""2026-05-15T00:00:00+00:00"", ""valid_to"": null, ""confidence"": 0.8}"
link-963,port:olt-xg20:p1/2,pon:olt-xg20-2,SERVES,10,protected,False,UP,"{""source"": ""calix_export"", ""method"": ""vendor_export"", ""observed_at"": ""2026-05-15T00:00:00+00:00"", ""valid_from"": ""2026-05-15T00:00:00+00:00"", ""valid_to"": null, ""confidence"": 1.0}"
link-964,pon:olt-xg20-2,spl:olt-xg20-2,FEEDS,10,protected,False,UP,"{""source"": ""osp_records"", ""method"": ""manual"", ""observed_at"": ""2026-05-15T00:00:00+00:00"", ""valid_from"": ""2026-05-15T00:00:00+00:00"", ""valid_to"": null, ""confidence"": 0.8}"
link-965,port:olt-xg20:p1/3,pon:olt-xg20-3,SERVES,10,protected,False,UP,"{""source"": ""calix_export"", ""method"": ""vendor_export"", ""observed_at"": ""2026-05-15T00:00:00+00:00"", ""valid_from"": ""2026-05-15T00:00:00+00:00"", ""valid_to"": null, ""confidence"": 1.0}"
link-966,pon:olt-xg20-3,spl:olt-xg20-3,FEEDS,10,protected,False,UP,"{""source"": ""osp_records"", ""method"": ""manual"", ""observed_at"": ""2026-05-15T00:00:00+00:00"", ""valid_from"": ""2026-05-15T00:00:00+00:00"", ""valid_to"": null, ""confidence"": 0.8}"
link-967,site:03,dev:olt-xg21,CONTAINS,10,protected,False,UP,"{""source"": ""inventory_review"", ""method"": ""vendor_export"", ""observed_at"": ""2026-05-15T00:00:00+00:00"", ""valid_from"": ""2026-05-15T00:00:00+00:00"", ""valid_to"": null, ""confidence"": 1.0}"
link-968,dev:olt-xg21,sw:axos-R26.1.0,RUNS,10,protected,False,UP,"{""source"": ""inventory_review"", ""method"": ""vendor_export"", ""observed_at"": ""2026-05-15T00:00:00+00:00"", ""valid_from"": ""2026-05-15T00:00:00+00:00"", ""valid_to"": null, ""confidence"": 1.0}"
link-969,dev:olt-xg21,port:olt-xg21:x1/0,HAS_PORT,10,protected,False,UP,"{""source"": ""config_backup"", ""method"": ""config_parse"", ""observed_at"": ""2026-05-15T00:00:00+00:00"", ""valid_from"": ""2026-05-15T00:00:00+00:00"", ""valid_to"": null, ""confidence"": 1.0}"
link-970,dev:olt-xg21,port:olt-xg21:x1/1,HAS_PORT,10,protected,False,UP,"{""source"": ""config_backup"", ""method"": ""config_parse"", ""observed_at"": ""2026-05-15T00:00:00+00:00"", ""valid_from"": ""2026-05-15T00:00:00+00:00"", ""valid_to"": null, ""confidence"": 1.0}"
link-971,dev:olt-xg21,port:olt-xg21:p1/0,HAS_PORT,10,protected,False,UP,"{""source"": ""config_backup"", ""method"": ""config_parse"", ""observed_at"": ""2026-05-15T00:00:00+00:00"", ""valid_from"": ""2026-05-15T00:00:00+00:00"", ""valid_to"": null, ""confidence"": 1.0}"
link-972,dev:olt-xg21,port:olt-xg21:p1/1,HAS_PORT,10,protected,False,UP,"{""source"": ""config_backup"", ""method"": ""config_parse"", ""observed_at"": ""2026-05-15T00:00:00+00:00"", ""valid_from"": ""2026-05-15T00:00:00+00:00"", ""valid_to"": null, ""confidence"": 1.0}"
link-973,dev:olt-xg21,port:olt-xg21:p1/2,HAS_PORT,10,protected,False,UP,"{""source"": ""config_backup"", ""method"": ""config_parse"", ""observed_at"": ""2026-05-15T00:00:00+00:00"", ""valid_from"": ""2026-05-15T00:00:00+00:00"", ""valid_to"": null, ""confidence"": 1.0}"
link-974,dev:olt-xg21,port:olt-xg21:p1/3,HAS_PORT,10,protected,False,UP,"{""source"": ""config_backup"", ""method"": ""config_parse"", ""observed_at"": ""2026-05-15T00:00:00+00:00"", ""valid_from"": ""2026-05-15T00:00:00+00:00"", ""valid_to"": null, ""confidence"": 1.0}"
link-975,port:olt-xg21:x1/0,link:olt-xg21:x1/0--acx-24:xe-0/0/1,TERMINATES,10,protected,False,UP,"{""link_end"": ""a"", ""source"": ""nms"", ""method"": ""lldp"", ""observed_at"": ""2026-05-15T00:00:00+00:00"", ""valid_from"": ""2026-05-15T00:00:00+00:00"", ""valid_to"": null, ""confidence"": 1.0}"
link-976,port:acx-24:xe-0/0/1,link:olt-xg21:x1/0--acx-24:xe-0/0/1,TERMINATES,10,protected,False,UP,"{""link_end"": ""z"", ""source"": ""nms"", ""method"": ""lldp"", ""observed_at"": ""2026-05-15T00:00:00+00:00"", ""valid_from"": ""2026-05-15T00:00:00+00:00"", ""valid_to"": null, ""confidence"": 1.0}"
link-977,port:olt-xg21:p1/0,pon:olt-xg21-0,SERVES,10,protected,False,UP,"{""source"": ""calix_export"", ""method"": ""vendor_export"", ""observed_at"": ""2026-05-15T00:00:00+00:00"", ""valid_from"": ""2026-05-15T00:00:00+00:00"", ""valid_to"": null, ""confidence"": 1.0}"
link-978,pon:olt-xg21-0,spl:olt-xg21-0,FEEDS,10,protected,False,UP,"{""source"": ""osp_records"", ""method"": ""manual"", ""observed_at"": ""2026-05-15T00:00:00+00:00"", ""valid_from"": ""2026-05-15T00:00:00+00:00"", ""valid_to"": null, ""confidence"": 0.8}"
link-979,port:olt-xg21:p1/1,pon:olt-xg21-1,SERVES,10,protected,False,UP,"{""source"": ""calix_export"", ""method"": ""vendor_export"", ""observed_at"": ""2026-05-15T00:00:00+00:00"", ""valid_from"": ""2026-05-15T00:00:00+00:00"", ""valid_to"": null, ""confidence"": 1.0}"
link-980,pon:olt-xg21-1,spl:olt-xg21-1,FEEDS,10,protected,False,UP,"{""source"": ""osp_records"", ""method"": ""manual"", ""observed_at"": ""2026-05-15T00:00:00+00:00"", ""valid_from"": ""2026-05-15T00:00:00+00:00"", ""valid_to"": null, ""confidence"": 0.8}"
link-981,port:olt-xg21:p1/2,pon:olt-xg21-2,SERVES,10,protected,False,UP,"{""source"": ""calix_export"", ""method"": ""vendor_export"", ""observed_at"": ""2026-05-15T00:00:00+00:00"", ""valid_from"": ""2026-05-15T00:00:00+00:00"", ""valid_to"": null, ""confidence"": 1.0}"
link-982,pon:olt-xg21-2,spl:olt-xg21-2,FEEDS,10,protected,False,UP,"{""source"": ""osp_records"", ""method"": ""manual"", ""observed_at"": ""2026-05-15T00:00:00+00:00"", ""valid_from"": ""2026-05-15T00:00:00+00:00"", ""valid_to"": null, ""confidence"": 0.8}"
link-983,port:olt-xg21:p1/3,pon:olt-xg21-3,SERVES,10,protected,False,UP,"{""source"": ""calix_export"", ""method"": ""vendor_export"", ""observed_at"": ""2026-05-15T00:00:00+00:00"", ""valid_from"": ""2026-05-15T00:00:00+00:00"", ""valid_to"": null, ""confidence"": 1.0}"
link-984,pon:olt-xg21-3,spl:olt-xg21-3,FEEDS,10,protected,False,UP,"{""source"": ""osp_records"", ""method"": ""manual"", ""observed_at"": ""2026-05-15T00:00:00+00:00"", ""valid_from"": ""2026-05-15T00:00:00+00:00"", ""valid_to"": null, ""confidence"": 0.8}"
link-985,site:06,dev:olt-xg22,CONTAINS,10,protected,False,UP,"{""source"": ""inventory_review"", ""method"": ""vendor_export"", ""observed_at"": ""2026-05-15T00:00:00+00:00"", ""valid_from"": ""2026-05-15T00:00:00+00:00"", ""valid_to"": null, ""confidence"": 1.0}"
link-986,dev:olt-xg22,sw:axos-R26.1.0,RUNS,10,protected,False,UP,"{""source"": ""inventory_review"", ""method"": ""vendor_export"", ""observed_at"": ""2026-05-15T00:00:00+00:00"", ""valid_from"": ""2026-05-15T00:00:00+00:00"", ""valid_to"": null, ""confidence"": 1.0}"
link-987,dev:olt-xg22,port:olt-xg22:x1/0,HAS_PORT,10,protected,False,UP,"{""source"": ""config_backup"", ""method"": ""config_parse"", ""observed_at"": ""2026-05-15T00:00:00+00:00"", ""valid_from"": ""2026-05-15T00:00:00+00:00"", ""valid_to"": null, ""confidence"": 1.0}"
link-988,dev:olt-xg22,port:olt-xg22:x1/1,HAS_PORT,10,protected,False,UP,"{""source"": ""config_backup"", ""method"": ""config_parse"", ""observed_at"": ""2026-05-15T00:00:00+00:00"", ""valid_from"": ""2026-05-15T00:00:00+00:00"", ""valid_to"": null, ""confidence"": 1.0}"
link-989,dev:olt-xg22,port:olt-xg22:p1/0,HAS_PORT,10,protected,False,UP,"{""source"": ""config_backup"", ""method"": ""config_parse"", ""observed_at"": ""2026-05-15T00:00:00+00:00"", ""valid_from"": ""2026-05-15T00:00:00+00:00"", ""valid_to"": null, ""confidence"": 1.0}"
link-990,dev:olt-xg22,port:olt-xg22:p1/1,HAS_PORT,10,protected,False,UP,"{""source"": ""config_backup"", ""method"": ""config_parse"", ""observed_at"": ""2026-05-15T00:00:00+00:00"", ""valid_from"": ""2026-05-15T00:00:00+00:00"", ""valid_to"": null, ""confidence"": 1.0}"
link-991,dev:olt-xg22,port:olt-xg22:p1/2,HAS_PORT,10,protected,False,UP,"{""source"": ""config_backup"", ""method"": ""config_parse"", ""observed_at"": ""2026-05-15T00:00:00+00:00"", ""valid_from"": ""2026-05-15T00:00:00+00:00"", ""valid_to"": null, ""confidence"": 1.0}"
link-992,dev:olt-xg22,port:olt-xg22:p1/3,HAS_PORT,10,protected,False,UP,"{""source"": ""config_backup"", ""method"": ""config_parse"", ""observed_at"": ""2026-05-15T00:00:00+00:00"", ""valid_from"": ""2026-05-15T00:00:00+00:00"", ""valid_to"": null, ""confidence"": 1.0}"
link-993,port:olt-xg22:x1/0,link:olt-xg22:x1/0--acx-27:xe-0/0/2,TERMINATES,10,protected,False,UP,"{""link_end"": ""a"", ""source"": ""nms"", ""method"": ""lldp"", ""observed_at"": ""2026-05-15T00:00:00+00:00"", ""valid_from"": ""2026-05-15T00:00:00+00:00"", ""valid_to"": null, ""confidence"": 1.0}"
link-994,port:acx-27:xe-0/0/2,link:olt-xg22:x1/0--acx-27:xe-0/0/2,TERMINATES,10,protected,False,UP,"{""link_end"": ""z"", ""source"": ""nms"", ""method"": ""lldp"", ""observed_at"": ""2026-05-15T00:00:00+00:00"", ""valid_from"": ""2026-05-15T00:00:00+00:00"", ""valid_to"": null, ""confidence"": 1.0}"
link-995,port:olt-xg22:p1/0,pon:olt-xg22-0,SERVES,10,protected,False,UP,"{""source"": ""calix_export"", ""method"": ""vendor_export"", ""observed_at"": ""2026-05-15T00:00:00+00:00"", ""valid_from"": ""2026-05-15T00:00:00+00:00"", ""valid_to"": null, ""confidence"": 1.0}"
link-996,pon:olt-xg22-0,spl:olt-xg22-0,FEEDS,10,protected,False,UP,"{""source"": ""osp_records"", ""method"": ""manual"", ""observed_at"": ""2026-05-15T00:00:00+00:00"", ""valid_from"": ""2026-05-15T00:00:00+00:00"", ""valid_to"": null, ""confidence"": 0.8}"
link-997,port:olt-xg22:p1/1,pon:olt-xg22-1,SERVES,10,protected,False,UP,"{""source"": ""calix_export"", ""method"": ""vendor_export"", ""observed_at"": ""2026-05-15T00:00:00+00:00"", ""valid_from"": ""2026-05-15T00:00:00+00:00"", ""valid_to"": null, ""confidence"": 1.0}"
link-998,pon:olt-xg22-1,spl:olt-xg22-1,FEEDS,10,protected,False,UP,"{""source"": ""osp_records"", ""method"": ""manual"", ""observed_at"": ""2026-05-15T00:00:00+00:00"", ""valid_from"": ""2026-05-15T00:00:00+00:00"", ""valid_to"": null, ""confidence"": 0.8}"
link-999,port:olt-xg22:p1/2,pon:olt-xg22-2,SERVES,10,protected,False,UP,"{""source"": ""calix_export"", ""method"": ""vendor_export"", ""observed_at"": ""2026-05-15T00:00:00+00:00"", ""valid_from"": ""2026-05-15T00:00:00+00:00"", ""valid_to"": null, ""confidence"": 1.0}"
link-1000,pon:olt-xg22-2,spl:olt-xg22-2,FEEDS,10,protected,False,UP,"{""source"": ""osp_records"", ""method"": ""manual"", ""observed_at"": ""2026-05-15T00:00:00+00:00"", ""valid_from"": ""2026-05-15T00:00:00+00:00"", ""valid_to"": null, ""confidence"": 0.8}"
link-1001,port:olt-xg22:p1/3,pon:olt-xg22-3,SERVES,10,protected,False,UP,"{""source"": ""calix_export"", ""method"": ""vendor_export"", ""observed_at"": ""2026-05-15T00:00:00+00:00"", ""valid_from"": ""2026-05-15T00:00:00+00:00"", ""valid_to"": null, ""confidence"": 1.0}"
link-1002,pon:olt-xg22-3,spl:olt-xg22-3,FEEDS,10,protected,False,UP,"{""source"": ""osp_records"", ""method"": ""manual"", ""observed_at"": ""2026-05-15T00:00:00+00:00"", ""valid_from"": ""2026-05-15T00:00:00+00:00"", ""valid_to"": null, ""confidence"": 0.8}"
link-1003,site:09,dev:olt-xg23,CONTAINS,10,protected,False,UP,"{""source"": ""inventory_review"", ""method"": ""vendor_export"", ""observed_at"": ""2026-05-15T00:00:00+00:00"", ""valid_from"": ""2026-05-15T00:00:00+00:00"", ""valid_to"": null, ""confidence"": 1.0}"
link-1004,dev:olt-xg23,sw:axos-R26.1.0,RUNS,10,protected,False,UP,"{""source"": ""inventory_review"", ""method"": ""vendor_export"", ""observed_at"": ""2026-05-15T00:00:00+00:00"", ""valid_from"": ""2026-05-15T00:00:00+00:00"", ""valid_to"": null, ""confidence"": 1.0}"
link-1005,dev:olt-xg23,port:olt-xg23:x1/0,HAS_PORT,10,protected,False,UP,"{""source"": ""config_backup"", ""method"": ""config_parse"", ""observed_at"": ""2026-05-15T00:00:00+00:00"", ""valid_from"": ""2026-05-15T00:00:00+00:00"", ""valid_to"": null, ""confidence"": 1.0}"
link-1006,dev:olt-xg23,port:olt-xg23:x1/1,HAS_PORT,10,protected,False,UP,"{""source"": ""config_backup"", ""method"": ""config_parse"", ""observed_at"": ""2026-05-15T00:00:00+00:00"", ""valid_from"": ""2026-05-15T00:00:00+00:00"", ""valid_to"": null, ""confidence"": 1.0}"
link-1007,dev:olt-xg23,port:olt-xg23:p1/0,HAS_PORT,10,protected,False,UP,"{""source"": ""config_backup"", ""method"": ""config_parse"", ""observed_at"": ""2026-05-15T00:00:00+00:00"", ""valid_from"": ""2026-05-15T00:00:00+00:00"", ""valid_to"": null, ""confidence"": 1.0}"
link-1008,dev:olt-xg23,port:olt-xg23:p1/1,HAS_PORT,10,protected,False,UP,"{""source"": ""config_backup"", ""method"": ""config_parse"", ""observed_at"": ""2026-05-15T00:00:00+00:00"", ""valid_from"": ""2026-05-15T00:00:00+00:00"", ""valid_to"": null, ""confidence"": 1.0}"
link-1009,dev:olt-xg23,port:olt-xg23:p1/2,HAS_PORT,10,protected,False,UP,"{""source"": ""config_backup"", ""method"": ""config_parse"", ""observed_at"": ""2026-05-15T00:00:00+00:00"", ""valid_from"": ""2026-05-15T00:00:00+00:00"", ""valid_to"": null, ""confidence"": 1.0}"
link-1010,dev:olt-xg23,port:olt-xg23:p1/3,HAS_PORT,10,protected,False,UP,"{""source"": ""config_backup"", ""method"": ""config_parse"", ""observed_at"": ""2026-05-15T00:00:00+00:00"", ""valid_from"": ""2026-05-15T00:00:00+00:00"", ""valid_to"": null, ""confidence"": 1.0}"
link-1011,port:olt-xg23:x1/0,link:olt-xg23:x1/0--acx-30:xe-0/0/3,TERMINATES,10,protected,False,UP,"{""link_end"": ""a"", ""source"": ""nms"", ""method"": ""lldp"", ""observed_at"": ""2026-05-15T00:00:00+00:00"", ""valid_from"": ""2026-05-15T00:00:00+00:00"", ""valid_to"": null, ""confidence"": 1.0}"
link-1012,port:acx-30:xe-0/0/3,link:olt-xg23:x1/0--acx-30:xe-0/0/3,TERMINATES,10,protected,False,UP,"{""link_end"": ""z"", ""source"": ""nms"", ""method"": ""lldp"", ""observed_at"": ""2026-05-15T00:00:00+00:00"", ""valid_from"": ""2026-05-15T00:00:00+00:00"", ""valid_to"": null, ""confidence"": 1.0}"
link-1013,port:olt-xg23:p1/0,pon:olt-xg23-0,SERVES,10,protected,False,UP,"{""source"": ""calix_export"", ""method"": ""vendor_export"", ""observed_at"": ""2026-05-15T00:00:00+00:00"", ""valid_from"": ""2026-05-15T00:00:00+00:00"", ""valid_to"": null, ""confidence"": 1.0}"
link-1014,pon:olt-xg23-0,spl:olt-xg23-0,FEEDS,10,protected,False,UP,"{""source"": ""osp_records"", ""method"": ""manual"", ""observed_at"": ""2026-05-15T00:00:00+00:00"", ""valid_from"": ""2026-05-15T00:00:00+00:00"", ""valid_to"": null, ""confidence"": 0.8}"
link-1015,port:olt-xg23:p1/1,pon:olt-xg23-1,SERVES,10,protected,False,UP,"{""source"": ""calix_export"", ""method"": ""vendor_export"", ""observed_at"": ""2026-05-15T00:00:00+00:00"", ""valid_from"": ""2026-05-15T00:00:00+00:00"", ""valid_to"": null, ""confidence"": 1.0}"
link-1016,pon:olt-xg23-1,spl:olt-xg23-1,FEEDS,10,protected,False,UP,"{""source"": ""osp_records"", ""method"": ""manual"", ""observed_at"": ""2026-05-15T00:00:00+00:00"", ""valid_from"": ""2026-05-15T00:00:00+00:00"", ""valid_to"": null, ""confidence"": 0.8}"
link-1017,port:olt-xg23:p1/2,pon:olt-xg23-2,SERVES,10,protected,False,UP,"{""source"": ""calix_export"", ""method"": ""vendor_export"", ""observed_at"": ""2026-05-15T00:00:00+00:00"", ""valid_from"": ""2026-05-15T00:00:00+00:00"", ""valid_to"": null, ""confidence"": 1.0}"
link-1018,pon:olt-xg23-2,spl:olt-xg23-2,FEEDS,10,protected,False,UP,"{""source"": ""osp_records"", ""method"": ""manual"", ""observed_at"": ""2026-05-15T00:00:00+00:00"", ""valid_from"": ""2026-05-15T00:00:00+00:00"", ""valid_to"": null, ""confidence"": 0.8}"
link-1019,port:olt-xg23:p1/3,pon:olt-xg23-3,SERVES,10,protected,False,UP,"{""source"": ""calix_export"", ""method"": ""vendor_export"", ""observed_at"": ""2026-05-15T00:00:00+00:00"", ""valid_from"": ""2026-05-15T00:00:00+00:00"", ""valid_to"": null, ""confidence"": 1.0}"
link-1020,pon:olt-xg23-3,spl:olt-xg23-3,FEEDS,10,protected,False,UP,"{""source"": ""osp_records"", ""method"": ""manual"", ""observed_at"": ""2026-05-15T00:00:00+00:00"", ""valid_from"": ""2026-05-15T00:00:00+00:00"", ""valid_to"": null, ""confidence"": 0.8}"
link-1021,site:04,dev:olt-xg24,CONTAINS,10,protected,False,UP,"{""source"": ""inventory_review"", ""method"": ""vendor_export"", ""observed_at"": ""2026-05-15T00:00:00+00:00"", ""valid_from"": ""2026-05-15T00:00:00+00:00"", ""valid_to"": null, ""confidence"": 1.0}"
link-1022,dev:olt-xg24,sw:axos-R26.1.0,RUNS,10,protected,False,UP,"{""source"": ""inventory_review"", ""method"": ""vendor_export"", ""observed_at"": ""2026-05-15T00:00:00+00:00"", ""valid_from"": ""2026-05-15T00:00:00+00:00"", ""valid_to"": null, ""confidence"": 1.0}"
link-1023,dev:olt-xg24,port:olt-xg24:x1/0,HAS_PORT,10,protected,False,UP,"{""source"": ""config_backup"", ""method"": ""config_parse"", ""observed_at"": ""2026-05-15T00:00:00+00:00"", ""valid_from"": ""2026-05-15T00:00:00+00:00"", ""valid_to"": null, ""confidence"": 1.0}"
link-1024,dev:olt-xg24,port:olt-xg24:x1/1,HAS_PORT,10,protected,False,UP,"{""source"": ""config_backup"", ""method"": ""config_parse"", ""observed_at"": ""2026-05-15T00:00:00+00:00"", ""valid_from"": ""2026-05-15T00:00:00+00:00"", ""valid_to"": null, ""confidence"": 1.0}"
link-1025,dev:olt-xg24,port:olt-xg24:p1/0,HAS_PORT,10,protected,False,UP,"{""source"": ""config_backup"", ""method"": ""config_parse"", ""observed_at"": ""2026-05-15T00:00:00+00:00"", ""valid_from"": ""2026-05-15T00:00:00+00:00"", ""valid_to"": null, ""confidence"": 1.0}"
link-1026,dev:olt-xg24,port:olt-xg24:p1/1,HAS_PORT,10,protected,False,UP,"{""source"": ""config_backup"", ""method"": ""config_parse"", ""observed_at"": ""2026-05-15T00:00:00+00:00"", ""valid_from"": ""2026-05-15T00:00:00+00:00"", ""valid_to"": null, ""confidence"": 1.0}"
link-1027,dev:olt-xg24,port:olt-xg24:p1/2,HAS_PORT,10,protected,False,UP,"{""source"": ""config_backup"", ""method"": ""config_parse"", ""observed_at"": ""2026-05-15T00:00:00+00:00"", ""valid_from"": ""2026-05-15T00:00:00+00:00"", ""valid_to"": null, ""confidence"": 1.0}"
link-1028,dev:olt-xg24,port:olt-xg24:p1/3,HAS_PORT,10,protected,False,UP,"{""source"": ""config_backup"", ""method"": ""config_parse"", ""observed_at"": ""2026-05-15T00:00:00+00:00"", ""valid_from"": ""2026-05-15T00:00:00+00:00"", ""valid_to"": null, ""confidence"": 1.0}"
link-1029,port:olt-xg24:x1/0,link:olt-xg24:x1/0--acx-33:xe-0/0/0,TERMINATES,10,protected,False,UP,"{""link_end"": ""a"", ""source"": ""nms"", ""method"": ""lldp"", ""observed_at"": ""2026-05-15T00:00:00+00:00"", ""valid_from"": ""2026-05-15T00:00:00+00:00"", ""valid_to"": null, ""confidence"": 1.0}"
link-1030,port:acx-33:xe-0/0/0,link:olt-xg24:x1/0--acx-33:xe-0/0/0,TERMINATES,10,protected,False,UP,"{""link_end"": ""z"", ""source"": ""nms"", ""method"": ""lldp"", ""observed_at"": ""2026-05-15T00:00:00+00:00"", ""valid_from"": ""2026-05-15T00:00:00+00:00"", ""valid_to"": null, ""confidence"": 1.0}"
link-1031,port:olt-xg24:p1/0,pon:olt-xg24-0,SERVES,10,protected,False,UP,"{""source"": ""calix_export"", ""method"": ""vendor_export"", ""observed_at"": ""2026-05-15T00:00:00+00:00"", ""valid_from"": ""2026-05-15T00:00:00+00:00"", ""valid_to"": null, ""confidence"": 1.0}"
link-1032,pon:olt-xg24-0,spl:olt-xg24-0,FEEDS,10,protected,False,UP,"{""source"": ""osp_records"", ""method"": ""manual"", ""observed_at"": ""2026-05-15T00:00:00+00:00"", ""valid_from"": ""2026-05-15T00:00:00+00:00"", ""valid_to"": null, ""confidence"": 0.8}"
link-1033,port:olt-xg24:p1/1,pon:olt-xg24-1,SERVES,10,protected,False,UP,"{""source"": ""calix_export"", ""method"": ""vendor_export"", ""observed_at"": ""2026-05-15T00:00:00+00:00"", ""valid_from"": ""2026-05-15T00:00:00+00:00"", ""valid_to"": null, ""confidence"": 1.0}"
link-1034,pon:olt-xg24-1,spl:olt-xg24-1,FEEDS,10,protected,False,UP,"{""source"": ""osp_records"", ""method"": ""manual"", ""observed_at"": ""2026-05-15T00:00:00+00:00"", ""valid_from"": ""2026-05-15T00:00:00+00:00"", ""valid_to"": null, ""confidence"": 0.8}"
link-1035,port:olt-xg24:p1/2,pon:olt-xg24-2,SERVES,10,protected,False,UP,"{""source"": ""calix_export"", ""method"": ""vendor_export"", ""observed_at"": ""2026-05-15T00:00:00+00:00"", ""valid_from"": ""2026-05-15T00:00:00+00:00"", ""valid_to"": null, ""confidence"": 1.0}"
link-1036,pon:olt-xg24-2,spl:olt-xg24-2,FEEDS,10,protected,False,UP,"{""source"": ""osp_records"", ""method"": ""manual"", ""observed_at"": ""2026-05-15T00:00:00+00:00"", ""valid_from"": ""2026-05-15T00:00:00+00:00"", ""valid_to"": null, ""confidence"": 0.8}"
link-1037,port:olt-xg24:p1/3,pon:olt-xg24-3,SERVES,10,protected,False,UP,"{""source"": ""calix_export"", ""method"": ""vendor_export"", ""observed_at"": ""2026-05-15T00:00:00+00:00"", ""valid_from"": ""2026-05-15T00:00:00+00:00"", ""valid_to"": null, ""confidence"": 1.0}"
link-1038,pon:olt-xg24-3,spl:olt-xg24-3,FEEDS,10,protected,False,UP,"{""source"": ""osp_records"", ""method"": ""manual"", ""observed_at"": ""2026-05-15T00:00:00+00:00"", ""valid_from"": ""2026-05-15T00:00:00+00:00"", ""valid_to"": null, ""confidence"": 0.8}"
link-1039,site:07,dev:olt-xg25,CONTAINS,10,protected,False,UP,"{""source"": ""inventory_review"", ""method"": ""vendor_export"", ""observed_at"": ""2026-05-15T00:00:00+00:00"", ""valid_from"": ""2026-05-15T00:00:00+00:00"", ""valid_to"": null, ""confidence"": 1.0}"
link-1040,dev:olt-xg25,sw:axos-R26.1.0,RUNS,10,protected,False,UP,"{""source"": ""inventory_review"", ""method"": ""vendor_export"", ""observed_at"": ""2026-05-15T00:00:00+00:00"", ""valid_from"": ""2026-05-15T00:00:00+00:00"", ""valid_to"": null, ""confidence"": 1.0}"
link-1041,dev:olt-xg25,port:olt-xg25:x1/0,HAS_PORT,10,protected,False,UP,"{""source"": ""config_backup"", ""method"": ""config_parse"", ""observed_at"": ""2026-05-15T00:00:00+00:00"", ""valid_from"": ""2026-05-15T00:00:00+00:00"", ""valid_to"": null, ""confidence"": 1.0}"
link-1042,dev:olt-xg25,port:olt-xg25:x1/1,HAS_PORT,10,protected,False,UP,"{""source"": ""config_backup"", ""method"": ""config_parse"", ""observed_at"": ""2026-05-15T00:00:00+00:00"", ""valid_from"": ""2026-05-15T00:00:00+00:00"", ""valid_to"": null, ""confidence"": 1.0}"
link-1043,dev:olt-xg25,port:olt-xg25:p1/0,HAS_PORT,10,protected,False,UP,"{""source"": ""config_backup"", ""method"": ""config_parse"", ""observed_at"": ""2026-05-15T00:00:00+00:00"", ""valid_from"": ""2026-05-15T00:00:00+00:00"", ""valid_to"": null, ""confidence"": 1.0}"
link-1044,dev:olt-xg25,port:olt-xg25:p1/1,HAS_PORT,10,protected,False,UP,"{""source"": ""config_backup"", ""method"": ""config_parse"", ""observed_at"": ""2026-05-15T00:00:00+00:00"", ""valid_from"": ""2026-05-15T00:00:00+00:00"", ""valid_to"": null, ""confidence"": 1.0}"
link-1045,dev:olt-xg25,port:olt-xg25:p1/2,HAS_PORT,10,protected,False,UP,"{""source"": ""config_backup"", ""method"": ""config_parse"", ""observed_at"": ""2026-05-15T00:00:00+00:00"", ""valid_from"": ""2026-05-15T00:00:00+00:00"", ""valid_to"": null, ""confidence"": 1.0}"
link-1046,dev:olt-xg25,port:olt-xg25:p1/3,HAS_PORT,10,protected,False,UP,"{""source"": ""config_backup"", ""method"": ""config_parse"", ""observed_at"": ""2026-05-15T00:00:00+00:00"", ""valid_from"": ""2026-05-15T00:00:00+00:00"", ""valid_to"": null, ""confidence"": 1.0}"
link-1047,port:olt-xg25:x1/0,link:olt-xg25:x1/0--acx-36:xe-0/0/1,TERMINATES,10,protected,False,UP,"{""link_end"": ""a"", ""source"": ""nms"", ""method"": ""lldp"", ""observed_at"": ""2026-05-15T00:00:00+00:00"", ""valid_from"": ""2026-05-15T00:00:00+00:00"", ""valid_to"": null, ""confidence"": 1.0}"
link-1048,port:acx-36:xe-0/0/1,link:olt-xg25:x1/0--acx-36:xe-0/0/1,TERMINATES,10,protected,False,UP,"{""link_end"": ""z"", ""source"": ""nms"", ""method"": ""lldp"", ""observed_at"": ""2026-05-15T00:00:00+00:00"", ""valid_from"": ""2026-05-15T00:00:00+00:00"", ""valid_to"": null, ""confidence"": 1.0}"
link-1049,port:olt-xg25:p1/0,pon:olt-xg25-0,SERVES,10,protected,False,UP,"{""source"": ""calix_export"", ""method"": ""vendor_export"", ""observed_at"": ""2026-05-15T00:00:00+00:00"", ""valid_from"": ""2026-05-15T00:00:00+00:00"", ""valid_to"": null, ""confidence"": 1.0}"
link-1050,pon:olt-xg25-0,spl:olt-xg25-0,FEEDS,10,protected,False,UP,"{""source"": ""osp_records"", ""method"": ""manual"", ""observed_at"": ""2026-05-15T00:00:00+00:00"", ""valid_from"": ""2026-05-15T00:00:00+00:00"", ""valid_to"": null, ""confidence"": 0.8}"
link-1051,port:olt-xg25:p1/1,pon:olt-xg25-1,SERVES,10,protected,False,UP,"{""source"": ""calix_export"", ""method"": ""vendor_export"", ""observed_at"": ""2026-05-15T00:00:00+00:00"", ""valid_from"": ""2026-05-15T00:00:00+00:00"", ""valid_to"": null, ""confidence"": 1.0}"
link-1052,pon:olt-xg25-1,spl:olt-xg25-1,FEEDS,10,protected,False,UP,"{""source"": ""osp_records"", ""method"": ""manual"", ""observed_at"": ""2026-05-15T00:00:00+00:00"", ""valid_from"": ""2026-05-15T00:00:00+00:00"", ""valid_to"": null, ""confidence"": 0.8}"
link-1053,port:olt-xg25:p1/2,pon:olt-xg25-2,SERVES,10,protected,False,UP,"{""source"": ""calix_export"", ""method"": ""vendor_export"", ""observed_at"": ""2026-05-15T00:00:00+00:00"", ""valid_from"": ""2026-05-15T00:00:00+00:00"", ""valid_to"": null, ""confidence"": 1.0}"
link-1054,pon:olt-xg25-2,spl:olt-xg25-2,FEEDS,10,protected,False,UP,"{""source"": ""osp_records"", ""method"": ""manual"", ""observed_at"": ""2026-05-15T00:00:00+00:00"", ""valid_from"": ""2026-05-15T00:00:00+00:00"", ""valid_to"": null, ""confidence"": 0.8}"
link-1055,port:olt-xg25:p1/3,pon:olt-xg25-3,SERVES,10,protected,False,UP,"{""source"": ""calix_export"", ""method"": ""vendor_export"", ""observed_at"": ""2026-05-15T00:00:00+00:00"", ""valid_from"": ""2026-05-15T00:00:00+00:00"", ""valid_to"": null, ""confidence"": 1.0}"
link-1056,pon:olt-xg25-3,spl:olt-xg25-3,FEEDS,10,protected,False,UP,"{""source"": ""osp_records"", ""method"": ""manual"", ""observed_at"": ""2026-05-15T00:00:00+00:00"", ""valid_from"": ""2026-05-15T00:00:00+00:00"", ""valid_to"": null, ""confidence"": 0.8}"
link-1057,site:10,dev:olt-xg26,CONTAINS,10,protected,False,UP,"{""source"": ""inventory_review"", ""method"": ""vendor_export"", ""observed_at"": ""2026-05-15T00:00:00+00:00"", ""valid_from"": ""2026-05-15T00:00:00+00:00"", ""valid_to"": null, ""confidence"": 1.0}"
link-1058,dev:olt-xg26,sw:axos-R26.1.0,RUNS,10,protected,False,UP,"{""source"": ""inventory_review"", ""method"": ""vendor_export"", ""observed_at"": ""2026-05-15T00:00:00+00:00"", ""valid_from"": ""2026-05-15T00:00:00+00:00"", ""valid_to"": null, ""confidence"": 1.0}"
link-1059,dev:olt-xg26,port:olt-xg26:x1/0,HAS_PORT,10,protected,False,UP,"{""source"": ""config_backup"", ""method"": ""config_parse"", ""observed_at"": ""2026-05-15T00:00:00+00:00"", ""valid_from"": ""2026-05-15T00:00:00+00:00"", ""valid_to"": null, ""confidence"": 1.0}"
link-1060,dev:olt-xg26,port:olt-xg26:x1/1,HAS_PORT,10,protected,False,UP,"{""source"": ""config_backup"", ""method"": ""config_parse"", ""observed_at"": ""2026-05-15T00:00:00+00:00"", ""valid_from"": ""2026-05-15T00:00:00+00:00"", ""valid_to"": null, ""confidence"": 1.0}"
link-1061,dev:olt-xg26,port:olt-xg26:p1/0,HAS_PORT,10,protected,False,UP,"{""source"": ""config_backup"", ""method"": ""config_parse"", ""observed_at"": ""2026-05-15T00:00:00+00:00"", ""valid_from"": ""2026-05-15T00:00:00+00:00"", ""valid_to"": null, ""confidence"": 1.0}"
link-1062,dev:olt-xg26,port:olt-xg26:p1/1,HAS_PORT,10,protected,False,UP,"{""source"": ""config_backup"", ""method"": ""config_parse"", ""observed_at"": ""2026-05-15T00:00:00+00:00"", ""valid_from"": ""2026-05-15T00:00:00+00:00"", ""valid_to"": null, ""confidence"": 1.0}"
link-1063,dev:olt-xg26,port:olt-xg26:p1/2,HAS_PORT,10,protected,False,UP,"{""source"": ""config_backup"", ""method"": ""config_parse"", ""observed_at"": ""2026-05-15T00:00:00+00:00"", ""valid_from"": ""2026-05-15T00:00:00+00:00"", ""valid_to"": null, ""confidence"": 1.0}"
link-1064,dev:olt-xg26,port:olt-xg26:p1/3,HAS_PORT,10,protected,False,UP,"{""source"": ""config_backup"", ""method"": ""config_parse"", ""observed_at"": ""2026-05-15T00:00:00+00:00"", ""valid_from"": ""2026-05-15T00:00:00+00:00"", ""valid_to"": null, ""confidence"": 1.0}"
link-1065,port:olt-xg26:x1/0,link:olt-xg26:x1/0--acx-39:xe-0/0/2,TERMINATES,10,protected,False,UP,"{""link_end"": ""a"", ""source"": ""nms"", ""method"": ""lldp"", ""observed_at"": ""2026-05-15T00:00:00+00:00"", ""valid_from"": ""2026-05-15T00:00:00+00:00"", ""valid_to"": null, ""confidence"": 1.0}"
link-1066,port:acx-39:xe-0/0/2,link:olt-xg26:x1/0--acx-39:xe-0/0/2,TERMINATES,10,protected,False,UP,"{""link_end"": ""z"", ""source"": ""nms"", ""method"": ""lldp"", ""observed_at"": ""2026-05-15T00:00:00+00:00"", ""valid_from"": ""2026-05-15T00:00:00+00:00"", ""valid_to"": null, ""confidence"": 1.0}"
link-1067,port:olt-xg26:p1/0,pon:olt-xg26-0,SERVES,10,protected,False,UP,"{""source"": ""calix_export"", ""method"": ""vendor_export"", ""observed_at"": ""2026-05-15T00:00:00+00:00"", ""valid_from"": ""2026-05-15T00:00:00+00:00"", ""valid_to"": null, ""confidence"": 1.0}"
link-1068,pon:olt-xg26-0,spl:olt-xg26-0,FEEDS,10,protected,False,UP,"{""source"": ""osp_records"", ""method"": ""manual"", ""observed_at"": ""2026-05-15T00:00:00+00:00"", ""valid_from"": ""2026-05-15T00:00:00+00:00"", ""valid_to"": null, ""confidence"": 0.8}"
link-1069,port:olt-xg26:p1/1,pon:olt-xg26-1,SERVES,10,protected,False,UP,"{""source"": ""calix_export"", ""method"": ""vendor_export"", ""observed_at"": ""2026-05-15T00:00:00+00:00"", ""valid_from"": ""2026-05-15T00:00:00+00:00"", ""valid_to"": null, ""confidence"": 1.0}"
link-1070,pon:olt-xg26-1,spl:olt-xg26-1,FEEDS,10,protected,False,UP,"{""source"": ""osp_records"", ""method"": ""manual"", ""observed_at"": ""2026-05-15T00:00:00+00:00"", ""valid_from"": ""2026-05-15T00:00:00+00:00"", ""valid_to"": null, ""confidence"": 0.8}"
link-1071,port:olt-xg26:p1/2,pon:olt-xg26-2,SERVES,10,protected,False,UP,"{""source"": ""calix_export"", ""method"": ""vendor_export"", ""observed_at"": ""2026-05-15T00:00:00+00:00"", ""valid_from"": ""2026-05-15T00:00:00+00:00"", ""valid_to"": null, ""confidence"": 1.0}"
link-1072,pon:olt-xg26-2,spl:olt-xg26-2,FEEDS,10,protected,False,UP,"{""source"": ""osp_records"", ""method"": ""manual"", ""observed_at"": ""2026-05-15T00:00:00+00:00"", ""valid_from"": ""2026-05-15T00:00:00+00:00"", ""valid_to"": null, ""confidence"": 0.8}"
link-1073,port:olt-xg26:p1/3,pon:olt-xg26-3,SERVES,10,protected,False,UP,"{""source"": ""calix_export"", ""method"": ""vendor_export"", ""observed_at"": ""2026-05-15T00:00:00+00:00"", ""valid_from"": ""2026-05-15T00:00:00+00:00"", ""valid_to"": null, ""confidence"": 1.0}"
link-1074,pon:olt-xg26-3,spl:olt-xg26-3,FEEDS,10,protected,False,UP,"{""source"": ""osp_records"", ""method"": ""manual"", ""observed_at"": ""2026-05-15T00:00:00+00:00"", ""valid_from"": ""2026-05-15T00:00:00+00:00"", ""valid_to"": null, ""confidence"": 0.8}"
link-1075,site:sang,dev:olt-xg27,CONTAINS,10,unprotected,True,UP,"{""source"": ""inventory_review"", ""method"": ""vendor_export"", ""observed_at"": ""2026-05-15T00:00:00+00:00"", ""valid_from"": ""2026-05-15T00:00:00+00:00"", ""valid_to"": null, ""confidence"": 1.0}"
link-1076,dev:olt-xg27,sw:axos-R26.1.0,RUNS,10,protected,False,UP,"{""source"": ""inventory_review"", ""method"": ""vendor_export"", ""observed_at"": ""2026-05-15T00:00:00+00:00"", ""valid_from"": ""2026-05-15T00:00:00+00:00"", ""valid_to"": null, ""confidence"": 1.0}"
link-1077,dev:olt-xg27,port:olt-xg27:x1/0,HAS_PORT,10,protected,False,UP,"{""source"": ""config_backup"", ""method"": ""config_parse"", ""observed_at"": ""2026-05-15T00:00:00+00:00"", ""valid_from"": ""2026-05-15T00:00:00+00:00"", ""valid_to"": null, ""confidence"": 1.0}"
link-1078,dev:olt-xg27,port:olt-xg27:x1/1,HAS_PORT,10,protected,False,UP,"{""source"": ""config_backup"", ""method"": ""config_parse"", ""observed_at"": ""2026-05-15T00:00:00+00:00"", ""valid_from"": ""2026-05-15T00:00:00+00:00"", ""valid_to"": null, ""confidence"": 1.0}"
link-1079,dev:olt-xg27,port:olt-xg27:p1/0,HAS_PORT,10,protected,False,UP,"{""source"": ""config_backup"", ""method"": ""config_parse"", ""observed_at"": ""2026-05-15T00:00:00+00:00"", ""valid_from"": ""2026-05-15T00:00:00+00:00"", ""valid_to"": null, ""confidence"": 1.0}"
link-1080,dev:olt-xg27,port:olt-xg27:p1/1,HAS_PORT,10,protected,False,UP,"{""source"": ""config_backup"", ""method"": ""config_parse"", ""observed_at"": ""2026-05-15T00:00:00+00:00"", ""valid_from"": ""2026-05-15T00:00:00+00:00"", ""valid_to"": null, ""confidence"": 1.0}"
link-1081,dev:olt-xg27,port:olt-xg27:p1/2,HAS_PORT,10,protected,False,UP,"{""source"": ""config_backup"", ""method"": ""config_parse"", ""observed_at"": ""2026-05-15T00:00:00+00:00"", ""valid_from"": ""2026-05-15T00:00:00+00:00"", ""valid_to"": null, ""confidence"": 1.0}"
link-1082,dev:olt-xg27,port:olt-xg27:p1/3,HAS_PORT,10,protected,False,UP,"{""source"": ""config_backup"", ""method"": ""config_parse"", ""observed_at"": ""2026-05-15T00:00:00+00:00"", ""valid_from"": ""2026-05-15T00:00:00+00:00"", ""valid_to"": null, ""confidence"": 1.0}"
link-1083,port:olt-xg27:x1/0,link:olt-xg27:x1/0--acx-sang-a:xe-0/0/3,TERMINATES,10,unprotected,False,UP,"{""link_end"": ""a"", ""source"": ""nms"", ""method"": ""lldp"", ""observed_at"": ""2026-05-15T00:00:00+00:00"", ""valid_from"": ""2026-05-15T00:00:00+00:00"", ""valid_to"": null, ""confidence"": 1.0}"
link-1084,port:acx-sang-a:xe-0/0/3,link:olt-xg27:x1/0--acx-sang-a:xe-0/0/3,TERMINATES,10,unprotected,True,UP,"{""link_end"": ""z"", ""source"": ""nms"", ""method"": ""lldp"", ""observed_at"": ""2026-05-15T00:00:00+00:00"", ""valid_from"": ""2026-05-15T00:00:00+00:00"", ""valid_to"": null, ""confidence"": 1.0}"
link-1085,port:olt-xg27:p1/0,pon:olt-xg27-0,SERVES,10,protected,False,UP,"{""source"": ""calix_export"", ""method"": ""vendor_export"", ""observed_at"": ""2026-05-15T00:00:00+00:00"", ""valid_from"": ""2026-05-15T00:00:00+00:00"", ""valid_to"": null, ""confidence"": 1.0}"
link-1086,pon:olt-xg27-0,spl:olt-xg27-0,FEEDS,10,protected,False,UP,"{""source"": ""osp_records"", ""method"": ""manual"", ""observed_at"": ""2026-05-15T00:00:00+00:00"", ""valid_from"": ""2026-05-15T00:00:00+00:00"", ""valid_to"": null, ""confidence"": 0.8}"
link-1087,port:olt-xg27:p1/1,pon:olt-xg27-1,SERVES,10,protected,False,UP,"{""source"": ""calix_export"", ""method"": ""vendor_export"", ""observed_at"": ""2026-05-15T00:00:00+00:00"", ""valid_from"": ""2026-05-15T00:00:00+00:00"", ""valid_to"": null, ""confidence"": 1.0}"
link-1088,pon:olt-xg27-1,spl:olt-xg27-1,FEEDS,10,protected,False,UP,"{""source"": ""osp_records"", ""method"": ""manual"", ""observed_at"": ""2026-05-15T00:00:00+00:00"", ""valid_from"": ""2026-05-15T00:00:00+00:00"", ""valid_to"": null, ""confidence"": 0.8}"
link-1089,port:olt-xg27:p1/2,pon:olt-xg27-2,SERVES,10,protected,False,UP,"{""source"": ""calix_export"", ""method"": ""vendor_export"", ""observed_at"": ""2026-05-15T00:00:00+00:00"", ""valid_from"": ""2026-05-15T00:00:00+00:00"", ""valid_to"": null, ""confidence"": 1.0}"
link-1090,pon:olt-xg27-2,spl:olt-xg27-2,FEEDS,10,protected,False,UP,"{""source"": ""osp_records"", ""method"": ""manual"", ""observed_at"": ""2026-05-15T00:00:00+00:00"", ""valid_from"": ""2026-05-15T00:00:00+00:00"", ""valid_to"": null, ""confidence"": 0.8}"
link-1091,port:olt-xg27:p1/3,pon:olt-xg27-3,SERVES,10,protected,False,UP,"{""source"": ""calix_export"", ""method"": ""vendor_export"", ""observed_at"": ""2026-05-15T00:00:00+00:00"", ""valid_from"": ""2026-05-15T00:00:00+00:00"", ""valid_to"": null, ""confidence"": 1.0}"
link-1092,pon:olt-xg27-3,spl:olt-xg27-3,FEEDS,10,protected,False,UP,"{""source"": ""osp_records"", ""method"": ""manual"", ""observed_at"": ""2026-05-15T00:00:00+00:00"", ""valid_from"": ""2026-05-15T00:00:00+00:00"", ""valid_to"": null, ""confidence"": 0.8}"
link-1093,site:08,dev:olt-xg28,CONTAINS,10,protected,False,UP,"{""source"": ""inventory_review"", ""method"": ""vendor_export"", ""observed_at"": ""2026-05-15T00:00:00+00:00"", ""valid_from"": ""2026-05-15T00:00:00+00:00"", ""valid_to"": null, ""confidence"": 1.0}"
link-1094,dev:olt-xg28,sw:axos-R26.1.0,RUNS,10,protected,False,UP,"{""source"": ""inventory_review"", ""method"": ""vendor_export"", ""observed_at"": ""2026-05-15T00:00:00+00:00"", ""valid_from"": ""2026-05-15T00:00:00+00:00"", ""valid_to"": null, ""confidence"": 1.0}"
link-1095,dev:olt-xg28,port:olt-xg28:x1/0,HAS_PORT,10,protected,False,UP,"{""source"": ""config_backup"", ""method"": ""config_parse"", ""observed_at"": ""2026-05-15T00:00:00+00:00"", ""valid_from"": ""2026-05-15T00:00:00+00:00"", ""valid_to"": null, ""confidence"": 1.0}"
link-1096,dev:olt-xg28,port:olt-xg28:x1/1,HAS_PORT,10,protected,False,UP,"{""source"": ""config_backup"", ""method"": ""config_parse"", ""observed_at"": ""2026-05-15T00:00:00+00:00"", ""valid_from"": ""2026-05-15T00:00:00+00:00"", ""valid_to"": null, ""confidence"": 1.0}"
link-1097,dev:olt-xg28,port:olt-xg28:p1/0,HAS_PORT,10,protected,False,UP,"{""source"": ""config_backup"", ""method"": ""config_parse"", ""observed_at"": ""2026-05-15T00:00:00+00:00"", ""valid_from"": ""2026-05-15T00:00:00+00:00"", ""valid_to"": null, ""confidence"": 1.0}"
link-1098,dev:olt-xg28,port:olt-xg28:p1/1,HAS_PORT,10,protected,False,UP,"{""source"": ""config_backup"", ""method"": ""config_parse"", ""observed_at"": ""2026-05-15T00:00:00+00:00"", ""valid_from"": ""2026-05-15T00:00:00+00:00"", ""valid_to"": null, ""confidence"": 1.0}"
link-1099,dev:olt-xg28,port:olt-xg28:p1/2,HAS_PORT,10,protected,False,UP,"{""source"": ""config_backup"", ""method"": ""config_parse"", ""observed_at"": ""2026-05-15T00:00:00+00:00"", ""valid_from"": ""2026-05-15T00:00:00+00:00"", ""valid_to"": null, ""confidence"": 1.0}"
link-1100,dev:olt-xg28,port:olt-xg28:p1/3,HAS_PORT,10,protected,False,UP,"{""source"": ""config_backup"", ""method"": ""config_parse"", ""observed_at"": ""2026-05-15T00:00:00+00:00"", ""valid_from"": ""2026-05-15T00:00:00+00:00"", ""valid_to"": null, ""confidence"": 1.0}"
link-1101,port:olt-xg28:x1/0,link:olt-xg28:x1/0--acx-05:xe-0/0/0,TERMINATES,10,protected,False,UP,"{""link_end"": ""a"", ""source"": ""nms"", ""method"": ""lldp"", ""observed_at"": ""2026-05-15T00:00:00+00:00"", ""valid_from"": ""2026-05-15T00:00:00+00:00"", ""valid_to"": null, ""confidence"": 1.0}"
link-1102,port:acx-05:xe-0/0/0,link:olt-xg28:x1/0--acx-05:xe-0/0/0,TERMINATES,10,protected,False,UP,"{""link_end"": ""z"", ""source"": ""nms"", ""method"": ""lldp"", ""observed_at"": ""2026-05-15T00:00:00+00:00"", ""valid_from"": ""2026-05-15T00:00:00+00:00"", ""valid_to"": null, ""confidence"": 1.0}"
link-1103,port:olt-xg28:p1/0,pon:olt-xg28-0,SERVES,10,protected,False,UP,"{""source"": ""calix_export"", ""method"": ""vendor_export"", ""observed_at"": ""2026-05-15T00:00:00+00:00"", ""valid_from"": ""2026-05-15T00:00:00+00:00"", ""valid_to"": null, ""confidence"": 1.0}"
link-1104,pon:olt-xg28-0,spl:olt-xg28-0,FEEDS,10,protected,False,UP,"{""source"": ""osp_records"", ""method"": ""manual"", ""observed_at"": ""2026-05-15T00:00:00+00:00"", ""valid_from"": ""2026-05-15T00:00:00+00:00"", ""valid_to"": null, ""confidence"": 0.8}"
link-1105,port:olt-xg28:p1/1,pon:olt-xg28-1,SERVES,10,protected,False,UP,"{""source"": ""calix_export"", ""method"": ""vendor_export"", ""observed_at"": ""2026-05-15T00:00:00+00:00"", ""valid_from"": ""2026-05-15T00:00:00+00:00"", ""valid_to"": null, ""confidence"": 1.0}"
link-1106,pon:olt-xg28-1,spl:olt-xg28-1,FEEDS,10,protected,False,UP,"{""source"": ""osp_records"", ""method"": ""manual"", ""observed_at"": ""2026-05-15T00:00:00+00:00"", ""valid_from"": ""2026-05-15T00:00:00+00:00"", ""valid_to"": null, ""confidence"": 0.8}"
link-1107,port:olt-xg28:p1/2,pon:olt-xg28-2,SERVES,10,protected,False,UP,"{""source"": ""calix_export"", ""method"": ""vendor_export"", ""observed_at"": ""2026-05-15T00:00:00+00:00"", ""valid_from"": ""2026-05-15T00:00:00+00:00"", ""valid_to"": null, ""confidence"": 1.0}"
link-1108,pon:olt-xg28-2,spl:olt-xg28-2,FEEDS,10,protected,False,UP,"{""source"": ""osp_records"", ""method"": ""manual"", ""observed_at"": ""2026-05-15T00:00:00+00:00"", ""valid_from"": ""2026-05-15T00:00:00+00:00"", ""valid_to"": null, ""confidence"": 0.8}"
link-1109,port:olt-xg28:p1/3,pon:olt-xg28-3,SERVES,10,protected,False,UP,"{""source"": ""calix_export"", ""method"": ""vendor_export"", ""observed_at"": ""2026-05-15T00:00:00+00:00"", ""valid_from"": ""2026-05-15T00:00:00+00:00"", ""valid_to"": null, ""confidence"": 1.0}"
link-1110,pon:olt-xg28-3,spl:olt-xg28-3,FEEDS,10,protected,False,UP,"{""source"": ""osp_records"", ""method"": ""manual"", ""observed_at"": ""2026-05-15T00:00:00+00:00"", ""valid_from"": ""2026-05-15T00:00:00+00:00"", ""valid_to"": null, ""confidence"": 0.8}"
link-1111,site:03,dev:olt-xg29,CONTAINS,10,protected,False,UP,"{""source"": ""inventory_review"", ""method"": ""vendor_export"", ""observed_at"": ""2026-05-15T00:00:00+00:00"", ""valid_from"": ""2026-05-15T00:00:00+00:00"", ""valid_to"": null, ""confidence"": 1.0}"
link-1112,dev:olt-xg29,sw:axos-R26.1.0,RUNS,10,protected,False,UP,"{""source"": ""inventory_review"", ""method"": ""vendor_export"", ""observed_at"": ""2026-05-15T00:00:00+00:00"", ""valid_from"": ""2026-05-15T00:00:00+00:00"", ""valid_to"": null, ""confidence"": 1.0}"
link-1113,dev:olt-xg29,port:olt-xg29:x1/0,HAS_PORT,10,protected,False,UP,"{""source"": ""config_backup"", ""method"": ""config_parse"", ""observed_at"": ""2026-05-15T00:00:00+00:00"", ""valid_from"": ""2026-05-15T00:00:00+00:00"", ""valid_to"": null, ""confidence"": 1.0}"
link-1114,dev:olt-xg29,port:olt-xg29:x1/1,HAS_PORT,10,protected,False,UP,"{""source"": ""config_backup"", ""method"": ""config_parse"", ""observed_at"": ""2026-05-15T00:00:00+00:00"", ""valid_from"": ""2026-05-15T00:00:00+00:00"", ""valid_to"": null, ""confidence"": 1.0}"
link-1115,dev:olt-xg29,port:olt-xg29:p1/0,HAS_PORT,10,protected,False,UP,"{""source"": ""config_backup"", ""method"": ""config_parse"", ""observed_at"": ""2026-05-15T00:00:00+00:00"", ""valid_from"": ""2026-05-15T00:00:00+00:00"", ""valid_to"": null, ""confidence"": 1.0}"
link-1116,dev:olt-xg29,port:olt-xg29:p1/1,HAS_PORT,10,protected,False,UP,"{""source"": ""config_backup"", ""method"": ""config_parse"", ""observed_at"": ""2026-05-15T00:00:00+00:00"", ""valid_from"": ""2026-05-15T00:00:00+00:00"", ""valid_to"": null, ""confidence"": 1.0}"
link-1117,dev:olt-xg29,port:olt-xg29:p1/2,HAS_PORT,10,protected,False,UP,"{""source"": ""config_backup"", ""method"": ""config_parse"", ""observed_at"": ""2026-05-15T00:00:00+00:00"", ""valid_from"": ""2026-05-15T00:00:00+00:00"", ""valid_to"": null, ""confidence"": 1.0}"
link-1118,dev:olt-xg29,port:olt-xg29:p1/3,HAS_PORT,10,protected,False,UP,"{""source"": ""config_backup"", ""method"": ""config_parse"", ""observed_at"": ""2026-05-15T00:00:00+00:00"", ""valid_from"": ""2026-05-15T00:00:00+00:00"", ""valid_to"": null, ""confidence"": 1.0}"
link-1119,port:olt-xg29:x1/0,link:olt-xg29:x1/0--acx-08:xe-0/0/1,TERMINATES,10,protected,False,UP,"{""link_end"": ""a"", ""source"": ""nms"", ""method"": ""lldp"", ""observed_at"": ""2026-05-15T00:00:00+00:00"", ""valid_from"": ""2026-05-15T00:00:00+00:00"", ""valid_to"": null, ""confidence"": 1.0}"
link-1120,port:acx-08:xe-0/0/1,link:olt-xg29:x1/0--acx-08:xe-0/0/1,TERMINATES,10,protected,False,UP,"{""link_end"": ""z"", ""source"": ""nms"", ""method"": ""lldp"", ""observed_at"": ""2026-05-15T00:00:00+00:00"", ""valid_from"": ""2026-05-15T00:00:00+00:00"", ""valid_to"": null, ""confidence"": 1.0}"
link-1121,port:olt-xg29:p1/0,pon:olt-xg29-0,SERVES,10,protected,False,UP,"{""source"": ""calix_export"", ""method"": ""vendor_export"", ""observed_at"": ""2026-05-15T00:00:00+00:00"", ""valid_from"": ""2026-05-15T00:00:00+00:00"", ""valid_to"": null, ""confidence"": 1.0}"
link-1122,pon:olt-xg29-0,spl:olt-xg29-0,FEEDS,10,protected,False,UP,"{""source"": ""osp_records"", ""method"": ""manual"", ""observed_at"": ""2026-05-15T00:00:00+00:00"", ""valid_from"": ""2026-05-15T00:00:00+00:00"", ""valid_to"": null, ""confidence"": 0.8}"
link-1123,port:olt-xg29:p1/1,pon:olt-xg29-1,SERVES,10,protected,False,UP,"{""source"": ""calix_export"", ""method"": ""vendor_export"", ""observed_at"": ""2026-05-15T00:00:00+00:00"", ""valid_from"": ""2026-05-15T00:00:00+00:00"", ""valid_to"": null, ""confidence"": 1.0}"
link-1124,pon:olt-xg29-1,spl:olt-xg29-1,FEEDS,10,protected,False,UP,"{""source"": ""osp_records"", ""method"": ""manual"", ""observed_at"": ""2026-05-15T00:00:00+00:00"", ""valid_from"": ""2026-05-15T00:00:00+00:00"", ""valid_to"": null, ""confidence"": 0.8}"
link-1125,port:olt-xg29:p1/2,pon:olt-xg29-2,SERVES,10,protected,False,UP,"{""source"": ""calix_export"", ""method"": ""vendor_export"", ""observed_at"": ""2026-05-15T00:00:00+00:00"", ""valid_from"": ""2026-05-15T00:00:00+00:00"", ""valid_to"": null, ""confidence"": 1.0}"
link-1126,pon:olt-xg29-2,spl:olt-xg29-2,FEEDS,10,protected,False,UP,"{""source"": ""osp_records"", ""method"": ""manual"", ""observed_at"": ""2026-05-15T00:00:00+00:00"", ""valid_from"": ""2026-05-15T00:00:00+00:00"", ""valid_to"": null, ""confidence"": 0.8}"
link-1127,port:olt-xg29:p1/3,pon:olt-xg29-3,SERVES,10,protected,False,UP,"{""source"": ""calix_export"", ""method"": ""vendor_export"", ""observed_at"": ""2026-05-15T00:00:00+00:00"", ""valid_from"": ""2026-05-15T00:00:00+00:00"", ""valid_to"": null, ""confidence"": 1.0}"
link-1128,pon:olt-xg29-3,spl:olt-xg29-3,FEEDS,10,protected,False,UP,"{""source"": ""osp_records"", ""method"": ""manual"", ""observed_at"": ""2026-05-15T00:00:00+00:00"", ""valid_from"": ""2026-05-15T00:00:00+00:00"", ""valid_to"": null, ""confidence"": 0.8}"
link-1129,site:03,dev:olt-exa01,CONTAINS,10,protected,False,UP,"{""source"": ""inventory_review"", ""method"": ""vendor_export"", ""observed_at"": ""2026-05-15T00:00:00+00:00"", ""valid_from"": ""2026-05-15T00:00:00+00:00"", ""valid_to"": null, ""confidence"": 1.0}"
link-1130,dev:olt-exa01,sw:exa-3.4.70.88,RUNS,10,protected,False,UP,"{""source"": ""inventory_review"", ""method"": ""vendor_export"", ""observed_at"": ""2026-05-15T00:00:00+00:00"", ""valid_from"": ""2026-05-15T00:00:00+00:00"", ""valid_to"": null, ""confidence"": 1.0}"
link-1131,site:10,dev:olt-exa02,CONTAINS,10,protected,False,UP,"{""source"": ""inventory_review"", ""method"": ""vendor_export"", ""observed_at"": ""2026-05-15T00:00:00+00:00"", ""valid_from"": ""2026-05-15T00:00:00+00:00"", ""valid_to"": null, ""confidence"": 1.0}"
link-1132,dev:olt-exa02,sw:exa-3.4.70.88,RUNS,10,protected,False,UP,"{""source"": ""inventory_review"", ""method"": ""vendor_export"", ""observed_at"": ""2026-05-15T00:00:00+00:00"", ""valid_from"": ""2026-05-15T00:00:00+00:00"", ""valid_to"": null, ""confidence"": 1.0}"
link-1133,site:09,dev:olt-exa03,CONTAINS,10,protected,False,UP,"{""source"": ""inventory_review"", ""method"": ""vendor_export"", ""observed_at"": ""2026-05-15T00:00:00+00:00"", ""valid_from"": ""2026-05-15T00:00:00+00:00"", ""valid_to"": null, ""confidence"": 1.0}"
link-1134,dev:olt-exa03,sw:exa-3.4.70.88,RUNS,10,protected,False,UP,"{""source"": ""inventory_review"", ""method"": ""vendor_export"", ""observed_at"": ""2026-05-15T00:00:00+00:00"", ""valid_from"": ""2026-05-15T00:00:00+00:00"", ""valid_to"": null, ""confidence"": 1.0}"
link-1135,site:08,dev:olt-exa04,CONTAINS,10,protected,False,UP,"{""source"": ""inventory_review"", ""method"": ""vendor_export"", ""observed_at"": ""2026-05-15T00:00:00+00:00"", ""valid_from"": ""2026-05-15T00:00:00+00:00"", ""valid_to"": null, ""confidence"": 1.0}"
link-1136,dev:olt-exa04,sw:exa-3.4.70.88,RUNS,10,protected,False,UP,"{""source"": ""inventory_review"", ""method"": ""vendor_export"", ""observed_at"": ""2026-05-15T00:00:00+00:00"", ""valid_from"": ""2026-05-15T00:00:00+00:00"", ""valid_to"": null, ""confidence"": 1.0}"
link-1137,prot:erps-mgmt,dev:olt-xg01,PROTECTS,10,protected,False,UP,"{""source"": ""config_backup"", ""method"": ""config_parse"", ""observed_at"": ""2026-05-15T00:00:00+00:00"", ""valid_from"": ""2026-05-15T00:00:00+00:00"", ""valid_to"": null, ""confidence"": 1.0}"
link-1138,prot:erps-mgmt,dev:olt-xg02,PROTECTS,10,protected,False,UP,"{""source"": ""config_backup"", ""method"": ""config_parse"", ""observed_at"": ""2026-05-15T00:00:00+00:00"", ""valid_from"": ""2026-05-15T00:00:00+00:00"", ""valid_to"": null, ""confidence"": 1.0}"
link-1139,prot:erps-mgmt,dev:olt-xg03,PROTECTS,10,protected,False,UP,"{""source"": ""config_backup"", ""method"": ""config_parse"", ""observed_at"": ""2026-05-15T00:00:00+00:00"", ""valid_from"": ""2026-05-15T00:00:00+00:00"", ""valid_to"": null, ""confidence"": 1.0}"
link-1140,prot:erps-mgmt,dev:olt-xg04,PROTECTS,10,protected,False,UP,"{""source"": ""config_backup"", ""method"": ""config_parse"", ""observed_at"": ""2026-05-15T00:00:00+00:00"", ""valid_from"": ""2026-05-15T00:00:00+00:00"", ""valid_to"": null, ""confidence"": 1.0}"
link-1141,prot:erps-mgmt,dev:olt-xg05,PROTECTS,10,protected,False,UP,"{""source"": ""config_backup"", ""method"": ""config_parse"", ""observed_at"": ""2026-05-15T00:00:00+00:00"", ""valid_from"": ""2026-05-15T00:00:00+00:00"", ""valid_to"": null, ""confidence"": 1.0}"
link-1142,prot:erps-mgmt,dev:olt-xg06,PROTECTS,10,protected,False,UP,"{""source"": ""config_backup"", ""method"": ""config_parse"", ""observed_at"": ""2026-05-15T00:00:00+00:00"", ""valid_from"": ""2026-05-15T00:00:00+00:00"", ""valid_to"": null, ""confidence"": 1.0}"
link-1143,prot:erps-mgmt,dev:olt-xg07,PROTECTS,10,protected,False,UP,"{""source"": ""config_backup"", ""method"": ""config_parse"", ""observed_at"": ""2026-05-15T00:00:00+00:00"", ""valid_from"": ""2026-05-15T00:00:00+00:00"", ""valid_to"": null, ""confidence"": 1.0}"
link-1144,prot:erps-mgmt,dev:olt-xg08,PROTECTS,10,protected,False,UP,"{""source"": ""config_backup"", ""method"": ""config_parse"", ""observed_at"": ""2026-05-15T00:00:00+00:00"", ""valid_from"": ""2026-05-15T00:00:00+00:00"", ""valid_to"": null, ""confidence"": 1.0}"
link-1145,prot:erps-mgmt,dev:olt-xg09,PROTECTS,10,protected,False,UP,"{""source"": ""config_backup"", ""method"": ""config_parse"", ""observed_at"": ""2026-05-15T00:00:00+00:00"", ""valid_from"": ""2026-05-15T00:00:00+00:00"", ""valid_to"": null, ""confidence"": 1.0}"
link-1146,prot:erps-mgmt,dev:olt-xg10,PROTECTS,10,protected,False,UP,"{""source"": ""config_backup"", ""method"": ""config_parse"", ""observed_at"": ""2026-05-15T00:00:00+00:00"", ""valid_from"": ""2026-05-15T00:00:00+00:00"", ""valid_to"": null, ""confidence"": 1.0}"
link-1147,prot:erps-mgmt,dev:olt-xg11,PROTECTS,10,protected,False,UP,"{""source"": ""config_backup"", ""method"": ""config_parse"", ""observed_at"": ""2026-05-15T00:00:00+00:00"", ""valid_from"": ""2026-05-15T00:00:00+00:00"", ""valid_to"": null, ""confidence"": 1.0}"
link-1148,prot:erps-mgmt,dev:olt-xg12,PROTECTS,10,protected,False,UP,"{""source"": ""config_backup"", ""method"": ""config_parse"", ""observed_at"": ""2026-05-15T00:00:00+00:00"", ""valid_from"": ""2026-05-15T00:00:00+00:00"", ""valid_to"": null, ""confidence"": 1.0}"
link-1149,prot:erps-mgmt,dev:olt-xg13,PROTECTS,10,protected,False,UP,"{""source"": ""config_backup"", ""method"": ""config_parse"", ""observed_at"": ""2026-05-15T00:00:00+00:00"", ""valid_from"": ""2026-05-15T00:00:00+00:00"", ""valid_to"": null, ""confidence"": 1.0}"
link-1150,prot:erps-mgmt,dev:olt-xg14,PROTECTS,10,protected,False,UP,"{""source"": ""config_backup"", ""method"": ""config_parse"", ""observed_at"": ""2026-05-15T00:00:00+00:00"", ""valid_from"": ""2026-05-15T00:00:00+00:00"", ""valid_to"": null, ""confidence"": 1.0}"
link-1151,prot:erps-mgmt,dev:olt-xg15,PROTECTS,10,protected,False,UP,"{""source"": ""config_backup"", ""method"": ""config_parse"", ""observed_at"": ""2026-05-15T00:00:00+00:00"", ""valid_from"": ""2026-05-15T00:00:00+00:00"", ""valid_to"": null, ""confidence"": 1.0}"
link-1152,prot:erps-mgmt,dev:olt-xg16,PROTECTS,10,protected,False,UP,"{""source"": ""config_backup"", ""method"": ""config_parse"", ""observed_at"": ""2026-05-15T00:00:00+00:00"", ""valid_from"": ""2026-05-15T00:00:00+00:00"", ""valid_to"": null, ""confidence"": 1.0}"
link-1153,prot:erps-mgmt,dev:olt-xg17,PROTECTS,10,protected,False,UP,"{""source"": ""config_backup"", ""method"": ""config_parse"", ""observed_at"": ""2026-05-15T00:00:00+00:00"", ""valid_from"": ""2026-05-15T00:00:00+00:00"", ""valid_to"": null, ""confidence"": 1.0}"
link-1154,prot:erps-mgmt,dev:olt-xg18,PROTECTS,10,protected,False,UP,"{""source"": ""config_backup"", ""method"": ""config_parse"", ""observed_at"": ""2026-05-15T00:00:00+00:00"", ""valid_from"": ""2026-05-15T00:00:00+00:00"", ""valid_to"": null, ""confidence"": 1.0}"
link-1155,prot:erps-mgmt,dev:olt-xg19,PROTECTS,10,protected,False,UP,"{""source"": ""config_backup"", ""method"": ""config_parse"", ""observed_at"": ""2026-05-15T00:00:00+00:00"", ""valid_from"": ""2026-05-15T00:00:00+00:00"", ""valid_to"": null, ""confidence"": 1.0}"
link-1156,prot:erps-mgmt,dev:olt-xg20,PROTECTS,10,protected,False,UP,"{""source"": ""config_backup"", ""method"": ""config_parse"", ""observed_at"": ""2026-05-15T00:00:00+00:00"", ""valid_from"": ""2026-05-15T00:00:00+00:00"", ""valid_to"": null, ""confidence"": 1.0}"
link-1157,prot:erps-mgmt,dev:olt-xg21,PROTECTS,10,protected,False,UP,"{""source"": ""config_backup"", ""method"": ""config_parse"", ""observed_at"": ""2026-05-15T00:00:00+00:00"", ""valid_from"": ""2026-05-15T00:00:00+00:00"", ""valid_to"": null, ""confidence"": 1.0}"
link-1158,prot:erps-mgmt,dev:olt-xg22,PROTECTS,10,protected,False,UP,"{""source"": ""config_backup"", ""method"": ""config_parse"", ""observed_at"": ""2026-05-15T00:00:00+00:00"", ""valid_from"": ""2026-05-15T00:00:00+00:00"", ""valid_to"": null, ""confidence"": 1.0}"
link-1159,prot:erps-mgmt,dev:olt-xg23,PROTECTS,10,protected,False,UP,"{""source"": ""config_backup"", ""method"": ""config_parse"", ""observed_at"": ""2026-05-15T00:00:00+00:00"", ""valid_from"": ""2026-05-15T00:00:00+00:00"", ""valid_to"": null, ""confidence"": 1.0}"
link-1160,prot:erps-mgmt,dev:olt-xg24,PROTECTS,10,protected,False,UP,"{""source"": ""config_backup"", ""method"": ""config_parse"", ""observed_at"": ""2026-05-15T00:00:00+00:00"", ""valid_from"": ""2026-05-15T00:00:00+00:00"", ""valid_to"": null, ""confidence"": 1.0}"
link-1161,prot:erps-mgmt,dev:olt-xg25,PROTECTS,10,protected,False,UP,"{""source"": ""config_backup"", ""method"": ""config_parse"", ""observed_at"": ""2026-05-15T00:00:00+00:00"", ""valid_from"": ""2026-05-15T00:00:00+00:00"", ""valid_to"": null, ""confidence"": 1.0}"
link-1162,prot:erps-mgmt,dev:olt-xg26,PROTECTS,10,protected,False,UP,"{""source"": ""config_backup"", ""method"": ""config_parse"", ""observed_at"": ""2026-05-15T00:00:00+00:00"", ""valid_from"": ""2026-05-15T00:00:00+00:00"", ""valid_to"": null, ""confidence"": 1.0}"
link-1163,prot:erps-mgmt,dev:olt-xg27,PROTECTS,10,protected,False,UP,"{""source"": ""config_backup"", ""method"": ""config_parse"", ""observed_at"": ""2026-05-15T00:00:00+00:00"", ""valid_from"": ""2026-05-15T00:00:00+00:00"", ""valid_to"": null, ""confidence"": 1.0}"
link-1164,prot:erps-mgmt,dev:olt-xg28,PROTECTS,10,protected,False,UP,"{""source"": ""config_backup"", ""method"": ""config_parse"", ""observed_at"": ""2026-05-15T00:00:00+00:00"", ""valid_from"": ""2026-05-15T00:00:00+00:00"", ""valid_to"": null, ""confidence"": 1.0}"
link-1165,prot:erps-mgmt,dev:olt-xg29,PROTECTS,10,protected,False,UP,"{""source"": ""config_backup"", ""method"": ""config_parse"", ""observed_at"": ""2026-05-15T00:00:00+00:00"", ""valid_from"": ""2026-05-15T00:00:00+00:00"", ""valid_to"": null, ""confidence"": 1.0}"
link-1166,spl:olt-xg01-0,ont:olt-xg01-0-00,FEEDS,10,protected,False,UP,"{""splitter_port"": 0, ""source"": ""calix_export"", ""method"": ""vendor_export"", ""observed_at"": ""2026-05-15T00:00:00+00:00"", ""valid_from"": ""2026-05-15T00:00:00+00:00"", ""valid_to"": null, ""confidence"": 1.0}"
link-1167,ont:olt-xg01-0-00,sub:olt-xg01-0-00,SERVES,10,protected,False,UP,"{""source"": ""billing"", ""method"": ""export"", ""observed_at"": ""2026-05-15T00:00:00+00:00"", ""valid_from"": ""2026-05-15T00:00:00+00:00"", ""valid_to"": null, ""confidence"": 1.0}"
link-1168,spl:olt-xg01-0,ont:olt-xg01-0-01,FEEDS,10,protected,False,UP,"{""splitter_port"": 1, ""source"": ""calix_export"", ""method"": ""vendor_export"", ""observed_at"": ""2026-05-15T00:00:00+00:00"", ""valid_from"": ""2026-05-15T00:00:00+00:00"", ""valid_to"": null, ""confidence"": 1.0}"
link-1169,ont:olt-xg01-0-01,sub:olt-xg01-0-01,SERVES,10,protected,False,UP,"{""source"": ""billing"", ""method"": ""export"", ""observed_at"": ""2026-05-15T00:00:00+00:00"", ""valid_from"": ""2026-05-15T00:00:00+00:00"", ""valid_to"": null, ""confidence"": 1.0}"
link-1170,spl:olt-xg01-0,ont:olt-xg01-0-02,FEEDS,10,protected,False,UP,"{""splitter_port"": 2, ""source"": ""calix_export"", ""method"": ""vendor_export"", ""observed_at"": ""2026-05-15T00:00:00+00:00"", ""valid_from"": ""2026-05-15T00:00:00+00:00"", ""valid_to"": null, ""confidence"": 1.0}"
link-1171,ont:olt-xg01-0-02,sub:olt-xg01-0-02,SERVES,10,protected,False,UP,"{""source"": ""billing"", ""method"": ""export"", ""observed_at"": ""2026-05-15T00:00:00+00:00"", ""valid_from"": ""2026-05-15T00:00:00+00:00"", ""valid_to"": null, ""confidence"": 1.0}"
link-1172,spl:olt-xg01-0,ont:olt-xg01-0-03,FEEDS,10,protected,False,UP,"{""splitter_port"": 3, ""source"": ""calix_export"", ""method"": ""vendor_export"", ""observed_at"": ""2026-05-15T00:00:00+00:00"", ""valid_from"": ""2026-05-15T00:00:00+00:00"", ""valid_to"": null, ""confidence"": 1.0}"
link-1173,ont:olt-xg01-0-03,sub:olt-xg01-0-03,SERVES,10,protected,False,UP,"{""source"": ""billing"", ""method"": ""export"", ""observed_at"": ""2026-05-15T00:00:00+00:00"", ""valid_from"": ""2026-05-15T00:00:00+00:00"", ""valid_to"": null, ""confidence"": 1.0}"
link-1174,spl:olt-xg01-0,ont:olt-xg01-0-04,FEEDS,10,protected,False,UP,"{""splitter_port"": 4, ""source"": ""calix_export"", ""method"": ""vendor_export"", ""observed_at"": ""2026-05-15T00:00:00+00:00"", ""valid_from"": ""2026-05-15T00:00:00+00:00"", ""valid_to"": null, ""confidence"": 1.0}"
link-1175,ont:olt-xg01-0-04,sub:olt-xg01-0-04,SERVES,10,protected,False,UP,"{""source"": ""billing"", ""method"": ""export"", ""observed_at"": ""2026-05-15T00:00:00+00:00"", ""valid_from"": ""2026-05-15T00:00:00+00:00"", ""valid_to"": null, ""confidence"": 1.0}"
link-1176,spl:olt-xg01-0,ont:olt-xg01-0-05,FEEDS,10,protected,False,UP,"{""splitter_port"": 5, ""source"": ""calix_export"", ""method"": ""vendor_export"", ""observed_at"": ""2026-05-15T00:00:00+00:00"", ""valid_from"": ""2026-05-15T00:00:00+00:00"", ""valid_to"": null, ""confidence"": 1.0}"
link-1177,ont:olt-xg01-0-05,sub:olt-xg01-0-05,SERVES,10,protected,False,UP,"{""source"": ""billing"", ""method"": ""export"", ""observed_at"": ""2026-05-15T00:00:00+00:00"", ""valid_from"": ""2026-05-15T00:00:00+00:00"", ""valid_to"": null, ""confidence"": 1.0}"
link-1178,spl:olt-xg01-0,ont:olt-xg01-0-06,FEEDS,10,protected,False,UP,"{""splitter_port"": 6, ""source"": ""calix_export"", ""method"": ""vendor_export"", ""observed_at"": ""2026-05-15T00:00:00+00:00"", ""valid_from"": ""2026-05-15T00:00:00+00:00"", ""valid_to"": null, ""confidence"": 1.0}"
link-1179,ont:olt-xg01-0-06,sub:olt-xg01-0-06,SERVES,10,protected,False,UP,"{""source"": ""billing"", ""method"": ""export"", ""observed_at"": ""2026-05-15T00:00:00+00:00"", ""valid_from"": ""2026-05-15T00:00:00+00:00"", ""valid_to"": null, ""confidence"": 1.0}"
link-1180,spl:olt-xg01-0,ont:olt-xg01-0-07,FEEDS,10,protected,False,UP,"{""splitter_port"": 7, ""source"": ""calix_export"", ""method"": ""vendor_export"", ""observed_at"": ""2026-05-15T00:00:00+00:00"", ""valid_from"": ""2026-05-15T00:00:00+00:00"", ""valid_to"": null, ""confidence"": 1.0}"
link-1181,ont:olt-xg01-0-07,sub:olt-xg01-0-07,SERVES,10,protected,False,UP,"{""source"": ""billing"", ""method"": ""export"", ""observed_at"": ""2026-05-15T00:00:00+00:00"", ""valid_from"": ""2026-05-15T00:00:00+00:00"", ""valid_to"": null, ""confidence"": 1.0}"
link-1182,spl:olt-xg01-0,ont:olt-xg01-0-08,FEEDS,10,protected,False,UP,"{""splitter_port"": 8, ""source"": ""calix_export"", ""method"": ""vendor_export"", ""observed_at"": ""2026-05-15T00:00:00+00:00"", ""valid_from"": ""2026-05-15T00:00:00+00:00"", ""valid_to"": null, ""confidence"": 1.0}"
link-1183,ont:olt-xg01-0-08,sub:olt-xg01-0-08,SERVES,10,protected,False,UP,"{""source"": ""billing"", ""method"": ""export"", ""observed_at"": ""2026-05-15T00:00:00+00:00"", ""valid_from"": ""2026-05-15T00:00:00+00:00"", ""valid_to"": null, ""confidence"": 1.0}"
link-1184,spl:olt-xg01-0,ont:olt-xg01-0-09,FEEDS,10,protected,False,UP,"{""splitter_port"": 9, ""source"": ""calix_export"", ""method"": ""vendor_export"", ""observed_at"": ""2026-05-15T00:00:00+00:00"", ""valid_from"": ""2026-05-15T00:00:00+00:00"", ""valid_to"": null, ""confidence"": 1.0}"
link-1185,ont:olt-xg01-0-09,sub:olt-xg01-0-09,SERVES,10,protected,False,UP,"{""source"": ""billing"", ""method"": ""export"", ""observed_at"": ""2026-05-15T00:00:00+00:00"", ""valid_from"": ""2026-05-15T00:00:00+00:00"", ""valid_to"": null, ""confidence"": 1.0}"
link-1186,spl:olt-xg01-0,ont:olt-xg01-0-10,FEEDS,10,protected,False,UP,"{""splitter_port"": 10, ""source"": ""calix_export"", ""method"": ""vendor_export"", ""observed_at"": ""2026-05-15T00:00:00+00:00"", ""valid_from"": ""2026-05-15T00:00:00+00:00"", ""valid_to"": null, ""confidence"": 1.0}"
link-1187,ont:olt-xg01-0-10,sub:olt-xg01-0-10,SERVES,10,protected,False,UP,"{""source"": ""billing"", ""method"": ""export"", ""observed_at"": ""2026-05-15T00:00:00+00:00"", ""valid_from"": ""2026-05-15T00:00:00+00:00"", ""valid_to"": null, ""confidence"": 1.0}"
link-1188,spl:olt-xg01-0,ont:olt-xg01-0-11,FEEDS,10,protected,False,UP,"{""splitter_port"": 11, ""source"": ""calix_export"", ""method"": ""vendor_export"", ""observed_at"": ""2026-05-15T00:00:00+00:00"", ""valid_from"": ""2026-05-15T00:00:00+00:00"", ""valid_to"": null, ""confidence"": 1.0}"
link-1189,ont:olt-xg01-0-11,sub:olt-xg01-0-11,SERVES,10,protected,False,UP,"{""source"": ""billing"", ""method"": ""export"", ""observed_at"": ""2026-05-15T00:00:00+00:00"", ""valid_from"": ""2026-05-15T00:00:00+00:00"", ""valid_to"": null, ""confidence"": 1.0}"
link-1190,spl:olt-xg01-0,ont:olt-xg01-0-12,FEEDS,10,protected,False,UP,"{""splitter_port"": 12, ""source"": ""calix_export"", ""method"": ""vendor_export"", ""observed_at"": ""2026-05-15T00:00:00+00:00"", ""valid_from"": ""2026-05-15T00:00:00+00:00"", ""valid_to"": null, ""confidence"": 1.0}"
link-1191,ont:olt-xg01-0-12,sub:olt-xg01-0-12,SERVES,10,protected,False,UP,"{""source"": ""billing"", ""method"": ""export"", ""observed_at"": ""2026-05-15T00:00:00+00:00"", ""valid_from"": ""2026-05-15T00:00:00+00:00"", ""valid_to"": null, ""confidence"": 1.0}"
link-1192,spl:olt-xg01-0,ont:olt-xg01-0-13,FEEDS,10,protected,False,UP,"{""splitter_port"": 13, ""source"": ""calix_export"", ""method"": ""vendor_export"", ""observed_at"": ""2026-05-15T00:00:00+00:00"", ""valid_from"": ""2026-05-15T00:00:00+00:00"", ""valid_to"": null, ""confidence"": 1.0}"
link-1193,ont:olt-xg01-0-13,sub:olt-xg01-0-13,SERVES,10,protected,False,UP,"{""source"": ""billing"", ""method"": ""export"", ""observed_at"": ""2026-05-15T00:00:00+00:00"", ""valid_from"": ""2026-05-15T00:00:00+00:00"", ""valid_to"": null, ""confidence"": 1.0}"
link-1194,spl:olt-xg01-0,ont:olt-xg01-0-14,FEEDS,10,protected,False,UP,"{""splitter_port"": 14, ""source"": ""calix_export"", ""method"": ""vendor_export"", ""observed_at"": ""2026-05-15T00:00:00+00:00"", ""valid_from"": ""2026-05-15T00:00:00+00:00"", ""valid_to"": null, ""confidence"": 1.0}"
link-1195,ont:olt-xg01-0-14,sub:olt-xg01-0-14,SERVES,10,protected,False,UP,"{""source"": ""billing"", ""method"": ""export"", ""observed_at"": ""2026-05-15T00:00:00+00:00"", ""valid_from"": ""2026-05-15T00:00:00+00:00"", ""valid_to"": null, ""confidence"": 1.0}"
link-1196,spl:olt-xg01-0,ont:olt-xg01-0-15,FEEDS,10,protected,False,UP,"{""splitter_port"": 15, ""source"": ""calix_export"", ""method"": ""vendor_export"", ""observed_at"": ""2026-05-15T00:00:00+00:00"", ""valid_from"": ""2026-05-15T00:00:00+00:00"", ""valid_to"": null, ""confidence"": 1.0}"
link-1197,ont:olt-xg01-0-15,sub:olt-xg01-0-15,SERVES,10,protected,False,UP,"{""source"": ""billing"", ""method"": ""export"", ""observed_at"": ""2026-05-15T00:00:00+00:00"", ""valid_from"": ""2026-05-15T00:00:00+00:00"", ""valid_to"": null, ""confidence"": 1.0}"
link-1198,spl:olt-xg01-0,ont:olt-xg01-0-16,FEEDS,10,protected,False,UP,"{""splitter_port"": 16, ""source"": ""calix_export"", ""method"": ""vendor_export"", ""observed_at"": ""2026-05-15T00:00:00+00:00"", ""valid_from"": ""2026-05-15T00:00:00+00:00"", ""valid_to"": null, ""confidence"": 1.0}"
link-1199,ont:olt-xg01-0-16,sub:olt-xg01-0-16,SERVES,10,protected,False,UP,"{""source"": ""billing"", ""method"": ""export"", ""observed_at"": ""2026-05-15T00:00:00+00:00"", ""valid_from"": ""2026-05-15T00:00:00+00:00"", ""valid_to"": null, ""confidence"": 1.0}"
link-1200,spl:olt-xg01-0,ont:olt-xg01-0-17,FEEDS,10,protected,False,UP,"{""splitter_port"": 17, ""source"": ""calix_export"", ""method"": ""vendor_export"", ""observed_at"": ""2026-05-15T00:00:00+00:00"", ""valid_from"": ""2026-05-15T00:00:00+00:00"", ""valid_to"": null, ""confidence"": 1.0}"
link-1201,ont:olt-xg01-0-17,sub:olt-xg01-0-17,SERVES,10,protected,False,UP,"{""source"": ""billing"", ""method"": ""export"", ""observed_at"": ""2026-05-15T00:00:00+00:00"", ""valid_from"": ""2026-05-15T00:00:00+00:00"", ""valid_to"": null, ""confidence"": 1.0}"
link-1202,spl:olt-xg01-0,ont:olt-xg01-0-18,FEEDS,10,protected,False,UP,"{""splitter_port"": 18, ""source"": ""calix_export"", ""method"": ""vendor_export"", ""observed_at"": ""2026-05-15T00:00:00+00:00"", ""valid_from"": ""2026-05-15T00:00:00+00:00"", ""valid_to"": null, ""confidence"": 1.0}"
link-1203,ont:olt-xg01-0-18,sub:olt-xg01-0-18,SERVES,10,protected,False,UP,"{""source"": ""billing"", ""method"": ""export"", ""observed_at"": ""2026-05-15T00:00:00+00:00"", ""valid_from"": ""2026-05-15T00:00:00+00:00"", ""valid_to"": null, ""confidence"": 1.0}"
link-1204,spl:olt-xg01-0,ont:olt-xg01-0-19,FEEDS,10,protected,False,UP,"{""splitter_port"": 19, ""source"": ""calix_export"", ""method"": ""vendor_export"", ""observed_at"": ""2026-05-15T00:00:00+00:00"", ""valid_from"": ""2026-05-15T00:00:00+00:00"", ""valid_to"": null, ""confidence"": 1.0}"
link-1205,ont:olt-xg01-0-19,sub:olt-xg01-0-19,SERVES,10,protected,False,UP,"{""source"": ""billing"", ""method"": ""export"", ""observed_at"": ""2026-05-15T00:00:00+00:00"", ""valid_from"": ""2026-05-15T00:00:00+00:00"", ""valid_to"": null, ""confidence"": 1.0}"
link-1206,spl:olt-xg01-0,ont:olt-xg01-0-20,FEEDS,10,protected,False,UP,"{""splitter_port"": 20, ""source"": ""calix_export"", ""method"": ""vendor_export"", ""observed_at"": ""2026-05-15T00:00:00+00:00"", ""valid_from"": ""2026-05-15T00:00:00+00:00"", ""valid_to"": null, ""confidence"": 1.0}"
link-1207,ont:olt-xg01-0-20,sub:olt-xg01-0-20,SERVES,10,protected,False,UP,"{""source"": ""billing"", ""method"": ""export"", ""observed_at"": ""2026-05-15T00:00:00+00:00"", ""valid_from"": ""2026-05-15T00:00:00+00:00"", ""valid_to"": null, ""confidence"": 1.0}"
link-1208,spl:olt-xg01-0,ont:olt-xg01-0-21,FEEDS,10,protected,False,UP,"{""splitter_port"": 21, ""source"": ""calix_export"", ""method"": ""vendor_export"", ""observed_at"": ""2026-05-15T00:00:00+00:00"", ""valid_from"": ""2026-05-15T00:00:00+00:00"", ""valid_to"": null, ""confidence"": 1.0}"
link-1209,ont:olt-xg01-0-21,sub:olt-xg01-0-21,SERVES,10,protected,False,UP,"{""source"": ""billing"", ""method"": ""export"", ""observed_at"": ""2026-05-15T00:00:00+00:00"", ""valid_from"": ""2026-05-15T00:00:00+00:00"", ""valid_to"": null, ""confidence"": 1.0}"
link-1210,spl:olt-xg01-0,ont:olt-xg01-0-22,FEEDS,10,protected,False,UP,"{""splitter_port"": 22, ""source"": ""calix_export"", ""method"": ""vendor_export"", ""observed_at"": ""2026-05-15T00:00:00+00:00"", ""valid_from"": ""2026-05-15T00:00:00+00:00"", ""valid_to"": null, ""confidence"": 1.0}"
link-1211,ont:olt-xg01-0-22,sub:olt-xg01-0-22,SERVES,10,protected,False,UP,"{""source"": ""billing"", ""method"": ""export"", ""observed_at"": ""2026-05-15T00:00:00+00:00"", ""valid_from"": ""2026-05-15T00:00:00+00:00"", ""valid_to"": null, ""confidence"": 1.0}"
link-1212,spl:olt-xg01-0,ont:olt-xg01-0-23,FEEDS,10,protected,False,UP,"{""splitter_port"": 23, ""source"": ""calix_export"", ""method"": ""vendor_export"", ""observed_at"": ""2026-05-15T00:00:00+00:00"", ""valid_from"": ""2026-05-15T00:00:00+00:00"", ""valid_to"": null, ""confidence"": 1.0}"
link-1213,ont:olt-xg01-0-23,sub:olt-xg01-0-23,SERVES,10,protected,False,UP,"{""source"": ""billing"", ""method"": ""export"", ""observed_at"": ""2026-05-15T00:00:00+00:00"", ""valid_from"": ""2026-05-15T00:00:00+00:00"", ""valid_to"": null, ""confidence"": 1.0}"
link-1214,spl:olt-xg01-0,ont:olt-xg01-0-24,FEEDS,10,protected,False,UP,"{""splitter_port"": 24, ""source"": ""calix_export"", ""method"": ""vendor_export"", ""observed_at"": ""2026-05-15T00:00:00+00:00"", ""valid_from"": ""2026-05-15T00:00:00+00:00"", ""valid_to"": null, ""confidence"": 1.0}"
link-1215,ont:olt-xg01-0-24,sub:olt-xg01-0-24,SERVES,10,protected,False,UP,"{""source"": ""billing"", ""method"": ""export"", ""observed_at"": ""2026-05-15T00:00:00+00:00"", ""valid_from"": ""2026-05-15T00:00:00+00:00"", ""valid_to"": null, ""confidence"": 1.0}"
link-1216,spl:olt-xg01-0,ont:olt-xg01-0-25,FEEDS,10,protected,False,UP,"{""splitter_port"": 25, ""source"": ""calix_export"", ""method"": ""vendor_export"", ""observed_at"": ""2026-05-15T00:00:00+00:00"", ""valid_from"": ""2026-05-15T00:00:00+00:00"", ""valid_to"": null, ""confidence"": 1.0}"
link-1217,ont:olt-xg01-0-25,sub:olt-xg01-0-25,SERVES,10,protected,False,UP,"{""source"": ""billing"", ""method"": ""export"", ""observed_at"": ""2026-05-15T00:00:00+00:00"", ""valid_from"": ""2026-05-15T00:00:00+00:00"", ""valid_to"": null, ""confidence"": 1.0}"
link-1218,spl:olt-xg01-0,ont:olt-xg01-0-26,FEEDS,10,protected,False,UP,"{""splitter_port"": 26, ""source"": ""calix_export"", ""method"": ""vendor_export"", ""observed_at"": ""2026-05-15T00:00:00+00:00"", ""valid_from"": ""2026-05-15T00:00:00+00:00"", ""valid_to"": null, ""confidence"": 1.0}"
link-1219,ont:olt-xg01-0-26,sub:olt-xg01-0-26,SERVES,10,protected,False,UP,"{""source"": ""billing"", ""method"": ""export"", ""observed_at"": ""2026-05-15T00:00:00+00:00"", ""valid_from"": ""2026-05-15T00:00:00+00:00"", ""valid_to"": null, ""confidence"": 1.0}"
link-1220,spl:olt-xg01-0,ont:olt-xg01-0-27,FEEDS,10,protected,False,UP,"{""splitter_port"": 27, ""source"": ""calix_export"", ""method"": ""vendor_export"", ""observed_at"": ""2026-05-15T00:00:00+00:00"", ""valid_from"": ""2026-05-15T00:00:00+00:00"", ""valid_to"": null, ""confidence"": 1.0}"
link-1221,ont:olt-xg01-0-27,sub:olt-xg01-0-27,SERVES,10,protected,False,UP,"{""source"": ""billing"", ""method"": ""export"", ""observed_at"": ""2026-05-15T00:00:00+00:00"", ""valid_from"": ""2026-05-15T00:00:00+00:00"", ""valid_to"": null, ""confidence"": 1.0}"
link-1222,spl:olt-xg02-3,ont:olt-xg02-3-00,FEEDS,10,protected,False,UP,"{""splitter_port"": 0, ""source"": ""calix_export"", ""method"": ""vendor_export"", ""observed_at"": ""2026-05-15T00:00:00+00:00"", ""valid_from"": ""2026-05-15T00:00:00+00:00"", ""valid_to"": null, ""confidence"": 1.0}"
link-1223,ont:olt-xg02-3-00,sub:olt-xg02-3-00,SERVES,10,protected,False,UP,"{""source"": ""billing"", ""method"": ""export"", ""observed_at"": ""2026-05-15T00:00:00+00:00"", ""valid_from"": ""2026-05-15T00:00:00+00:00"", ""valid_to"": null, ""confidence"": 1.0}"
link-1224,spl:olt-xg02-3,ont:olt-xg02-3-01,FEEDS,10,protected,False,UP,"{""splitter_port"": 1, ""source"": ""calix_export"", ""method"": ""vendor_export"", ""observed_at"": ""2026-05-15T00:00:00+00:00"", ""valid_from"": ""2026-05-15T00:00:00+00:00"", ""valid_to"": null, ""confidence"": 1.0}"
link-1225,ont:olt-xg02-3-01,sub:olt-xg02-3-01,SERVES,10,protected,False,UP,"{""source"": ""billing"", ""method"": ""export"", ""observed_at"": ""2026-05-15T00:00:00+00:00"", ""valid_from"": ""2026-05-15T00:00:00+00:00"", ""valid_to"": null, ""confidence"": 1.0}"
link-1226,spl:olt-xg02-3,ont:olt-xg02-3-02,FEEDS,10,protected,False,UP,"{""splitter_port"": 2, ""source"": ""calix_export"", ""method"": ""vendor_export"", ""observed_at"": ""2026-05-15T00:00:00+00:00"", ""valid_from"": ""2026-05-15T00:00:00+00:00"", ""valid_to"": null, ""confidence"": 1.0}"
link-1227,ont:olt-xg02-3-02,sub:olt-xg02-3-02,SERVES,10,protected,False,UP,"{""source"": ""billing"", ""method"": ""export"", ""observed_at"": ""2026-05-15T00:00:00+00:00"", ""valid_from"": ""2026-05-15T00:00:00+00:00"", ""valid_to"": null, ""confidence"": 1.0}"
link-1228,spl:olt-xg02-3,ont:olt-xg02-3-03,FEEDS,10,protected,False,UP,"{""splitter_port"": 3, ""source"": ""calix_export"", ""method"": ""vendor_export"", ""observed_at"": ""2026-05-15T00:00:00+00:00"", ""valid_from"": ""2026-05-15T00:00:00+00:00"", ""valid_to"": null, ""confidence"": 1.0}"
link-1229,ont:olt-xg02-3-03,sub:olt-xg02-3-03,SERVES,10,protected,False,UP,"{""source"": ""billing"", ""method"": ""export"", ""observed_at"": ""2026-05-15T00:00:00+00:00"", ""valid_from"": ""2026-05-15T00:00:00+00:00"", ""valid_to"": null, ""confidence"": 1.0}"
link-1230,spl:olt-xg02-3,ont:olt-xg02-3-04,FEEDS,10,protected,False,UP,"{""splitter_port"": 4, ""source"": ""calix_export"", ""method"": ""vendor_export"", ""observed_at"": ""2026-05-15T00:00:00+00:00"", ""valid_from"": ""2026-05-15T00:00:00+00:00"", ""valid_to"": null, ""confidence"": 1.0}"
link-1231,ont:olt-xg02-3-04,sub:olt-xg02-3-04,SERVES,10,protected,False,UP,"{""source"": ""billing"", ""method"": ""export"", ""observed_at"": ""2026-05-15T00:00:00+00:00"", ""valid_from"": ""2026-05-15T00:00:00+00:00"", ""valid_to"": null, ""confidence"": 1.0}"
link-1232,spl:olt-xg02-3,ont:olt-xg02-3-05,FEEDS,10,protected,False,UP,"{""splitter_port"": 5, ""source"": ""calix_export"", ""method"": ""vendor_export"", ""observed_at"": ""2026-05-15T00:00:00+00:00"", ""valid_from"": ""2026-05-15T00:00:00+00:00"", ""valid_to"": null, ""confidence"": 1.0}"
link-1233,ont:olt-xg02-3-05,sub:olt-xg02-3-05,SERVES,10,protected,False,UP,"{""source"": ""billing"", ""method"": ""export"", ""observed_at"": ""2026-05-15T00:00:00+00:00"", ""valid_from"": ""2026-05-15T00:00:00+00:00"", ""valid_to"": null, ""confidence"": 1.0}"
link-1234,spl:olt-xg02-3,ont:olt-xg02-3-06,FEEDS,10,protected,False,UP,"{""splitter_port"": 6, ""source"": ""calix_export"", ""method"": ""vendor_export"", ""observed_at"": ""2026-05-15T00:00:00+00:00"", ""valid_from"": ""2026-05-15T00:00:00+00:00"", ""valid_to"": null, ""confidence"": 1.0}"
link-1235,ont:olt-xg02-3-06,sub:olt-xg02-3-06,SERVES,10,protected,False,UP,"{""source"": ""billing"", ""method"": ""export"", ""observed_at"": ""2026-05-15T00:00:00+00:00"", ""valid_from"": ""2026-05-15T00:00:00+00:00"", ""valid_to"": null, ""confidence"": 1.0}"
link-1236,spl:olt-xg02-3,ont:olt-xg02-3-07,FEEDS,10,protected,False,UP,"{""splitter_port"": 7, ""source"": ""calix_export"", ""method"": ""vendor_export"", ""observed_at"": ""2026-05-15T00:00:00+00:00"", ""valid_from"": ""2026-05-15T00:00:00+00:00"", ""valid_to"": null, ""confidence"": 1.0}"
link-1237,ont:olt-xg02-3-07,sub:olt-xg02-3-07,SERVES,10,protected,False,UP,"{""source"": ""billing"", ""method"": ""export"", ""observed_at"": ""2026-05-15T00:00:00+00:00"", ""valid_from"": ""2026-05-15T00:00:00+00:00"", ""valid_to"": null, ""confidence"": 1.0}"
link-1238,spl:olt-xg02-3,ont:olt-xg02-3-08,FEEDS,10,protected,False,UP,"{""splitter_port"": 8, ""source"": ""calix_export"", ""method"": ""vendor_export"", ""observed_at"": ""2026-05-15T00:00:00+00:00"", ""valid_from"": ""2026-05-15T00:00:00+00:00"", ""valid_to"": null, ""confidence"": 1.0}"
link-1239,ont:olt-xg02-3-08,sub:olt-xg02-3-08,SERVES,10,protected,False,UP,"{""source"": ""billing"", ""method"": ""export"", ""observed_at"": ""2026-05-15T00:00:00+00:00"", ""valid_from"": ""2026-05-15T00:00:00+00:00"", ""valid_to"": null, ""confidence"": 1.0}"
link-1240,spl:olt-xg02-3,ont:olt-xg02-3-09,FEEDS,10,protected,False,UP,"{""splitter_port"": 9, ""source"": ""calix_export"", ""method"": ""vendor_export"", ""observed_at"": ""2026-05-15T00:00:00+00:00"", ""valid_from"": ""2026-05-15T00:00:00+00:00"", ""valid_to"": null, ""confidence"": 1.0}"
link-1241,ont:olt-xg02-3-09,sub:olt-xg02-3-09,SERVES,10,protected,False,UP,"{""source"": ""billing"", ""method"": ""export"", ""observed_at"": ""2026-05-15T00:00:00+00:00"", ""valid_from"": ""2026-05-15T00:00:00+00:00"", ""valid_to"": null, ""confidence"": 1.0}"
link-1242,spl:olt-xg02-3,ont:olt-xg02-3-10,FEEDS,10,protected,False,UP,"{""splitter_port"": 10, ""source"": ""calix_export"", ""method"": ""vendor_export"", ""observed_at"": ""2026-05-15T00:00:00+00:00"", ""valid_from"": ""2026-05-15T00:00:00+00:00"", ""valid_to"": null, ""confidence"": 1.0}"
link-1243,ont:olt-xg02-3-10,sub:olt-xg02-3-10,SERVES,10,protected,False,UP,"{""source"": ""billing"", ""method"": ""export"", ""observed_at"": ""2026-05-15T00:00:00+00:00"", ""valid_from"": ""2026-05-15T00:00:00+00:00"", ""valid_to"": null, ""confidence"": 1.0}"
link-1244,spl:olt-xg02-3,ont:olt-xg02-3-11,FEEDS,10,protected,False,UP,"{""splitter_port"": 11, ""source"": ""calix_export"", ""method"": ""vendor_export"", ""observed_at"": ""2026-05-15T00:00:00+00:00"", ""valid_from"": ""2026-05-15T00:00:00+00:00"", ""valid_to"": null, ""confidence"": 1.0}"
link-1245,ont:olt-xg02-3-11,sub:olt-xg02-3-11,SERVES,10,protected,False,UP,"{""source"": ""billing"", ""method"": ""export"", ""observed_at"": ""2026-05-15T00:00:00+00:00"", ""valid_from"": ""2026-05-15T00:00:00+00:00"", ""valid_to"": null, ""confidence"": 1.0}"
link-1246,spl:olt-xg02-3,ont:olt-xg02-3-12,FEEDS,10,protected,False,UP,"{""splitter_port"": 12, ""source"": ""calix_export"", ""method"": ""vendor_export"", ""observed_at"": ""2026-05-15T00:00:00+00:00"", ""valid_from"": ""2026-05-15T00:00:00+00:00"", ""valid_to"": null, ""confidence"": 1.0}"
link-1247,ont:olt-xg02-3-12,sub:olt-xg02-3-12,SERVES,10,protected,False,UP,"{""source"": ""billing"", ""method"": ""export"", ""observed_at"": ""2026-05-15T00:00:00+00:00"", ""valid_from"": ""2026-05-15T00:00:00+00:00"", ""valid_to"": null, ""confidence"": 1.0}"
link-1248,spl:olt-xg02-3,ont:olt-xg02-3-13,FEEDS,10,protected,False,UP,"{""splitter_port"": 13, ""source"": ""calix_export"", ""method"": ""vendor_export"", ""observed_at"": ""2026-05-15T00:00:00+00:00"", ""valid_from"": ""2026-05-15T00:00:00+00:00"", ""valid_to"": null, ""confidence"": 1.0}"
link-1249,ont:olt-xg02-3-13,sub:olt-xg02-3-13,SERVES,10,protected,False,UP,"{""source"": ""billing"", ""method"": ""export"", ""observed_at"": ""2026-05-15T00:00:00+00:00"", ""valid_from"": ""2026-05-15T00:00:00+00:00"", ""valid_to"": null, ""confidence"": 1.0}"
link-1250,spl:olt-xg02-3,ont:olt-xg02-3-14,FEEDS,10,protected,False,UP,"{""splitter_port"": 14, ""source"": ""calix_export"", ""method"": ""vendor_export"", ""observed_at"": ""2026-05-15T00:00:00+00:00"", ""valid_from"": ""2026-05-15T00:00:00+00:00"", ""valid_to"": null, ""confidence"": 1.0}"
link-1251,ont:olt-xg02-3-14,sub:olt-xg02-3-14,SERVES,10,protected,False,UP,"{""source"": ""billing"", ""method"": ""export"", ""observed_at"": ""2026-05-15T00:00:00+00:00"", ""valid_from"": ""2026-05-15T00:00:00+00:00"", ""valid_to"": null, ""confidence"": 1.0}"
link-1252,spl:olt-xg02-3,ont:olt-xg02-3-15,FEEDS,10,protected,False,UP,"{""splitter_port"": 15, ""source"": ""calix_export"", ""method"": ""vendor_export"", ""observed_at"": ""2026-05-15T00:00:00+00:00"", ""valid_from"": ""2026-05-15T00:00:00+00:00"", ""valid_to"": null, ""confidence"": 1.0}"
link-1253,ont:olt-xg02-3-15,sub:olt-xg02-3-15,SERVES,10,protected,False,UP,"{""source"": ""billing"", ""method"": ""export"", ""observed_at"": ""2026-05-15T00:00:00+00:00"", ""valid_from"": ""2026-05-15T00:00:00+00:00"", ""valid_to"": null, ""confidence"": 1.0}"
link-1254,spl:olt-xg02-3,ont:olt-xg02-3-16,FEEDS,10,protected,False,UP,"{""splitter_port"": 16, ""source"": ""calix_export"", ""method"": ""vendor_export"", ""observed_at"": ""2026-05-15T00:00:00+00:00"", ""valid_from"": ""2026-05-15T00:00:00+00:00"", ""valid_to"": null, ""confidence"": 1.0}"
link-1255,ont:olt-xg02-3-16,sub:olt-xg02-3-16,SERVES,10,protected,False,UP,"{""source"": ""billing"", ""method"": ""export"", ""observed_at"": ""2026-05-15T00:00:00+00:00"", ""valid_from"": ""2026-05-15T00:00:00+00:00"", ""valid_to"": null, ""confidence"": 1.0}"
link-1256,spl:olt-xg02-3,ont:olt-xg02-3-17,FEEDS,10,protected,False,UP,"{""splitter_port"": 17, ""source"": ""calix_export"", ""method"": ""vendor_export"", ""observed_at"": ""2026-05-15T00:00:00+00:00"", ""valid_from"": ""2026-05-15T00:00:00+00:00"", ""valid_to"": null, ""confidence"": 1.0}"
link-1257,ont:olt-xg02-3-17,sub:olt-xg02-3-17,SERVES,10,protected,False,UP,"{""source"": ""billing"", ""method"": ""export"", ""observed_at"": ""2026-05-15T00:00:00+00:00"", ""valid_from"": ""2026-05-15T00:00:00+00:00"", ""valid_to"": null, ""confidence"": 1.0}"
link-1258,spl:olt-xg02-3,ont:olt-xg02-3-18,FEEDS,10,protected,False,UP,"{""splitter_port"": 18, ""source"": ""calix_export"", ""method"": ""vendor_export"", ""observed_at"": ""2026-05-15T00:00:00+00:00"", ""valid_from"": ""2026-05-15T00:00:00+00:00"", ""valid_to"": null, ""confidence"": 1.0}"
link-1259,ont:olt-xg02-3-18,sub:olt-xg02-3-18,SERVES,10,protected,False,UP,"{""source"": ""billing"", ""method"": ""export"", ""observed_at"": ""2026-05-15T00:00:00+00:00"", ""valid_from"": ""2026-05-15T00:00:00+00:00"", ""valid_to"": null, ""confidence"": 1.0}"
link-1260,spl:olt-xg02-3,ont:olt-xg02-3-19,FEEDS,10,protected,False,UP,"{""splitter_port"": 19, ""source"": ""calix_export"", ""method"": ""vendor_export"", ""observed_at"": ""2026-05-15T00:00:00+00:00"", ""valid_from"": ""2026-05-15T00:00:00+00:00"", ""valid_to"": null, ""confidence"": 1.0}"
link-1261,ont:olt-xg02-3-19,sub:olt-xg02-3-19,SERVES,10,protected,False,UP,"{""source"": ""billing"", ""method"": ""export"", ""observed_at"": ""2026-05-15T00:00:00+00:00"", ""valid_from"": ""2026-05-15T00:00:00+00:00"", ""valid_to"": null, ""confidence"": 1.0}"
link-1262,spl:olt-xg02-3,ont:olt-xg02-3-20,FEEDS,10,protected,False,UP,"{""splitter_port"": 20, ""source"": ""calix_export"", ""method"": ""vendor_export"", ""observed_at"": ""2026-05-15T00:00:00+00:00"", ""valid_from"": ""2026-05-15T00:00:00+00:00"", ""valid_to"": null, ""confidence"": 1.0}"
link-1263,ont:olt-xg02-3-20,sub:olt-xg02-3-20,SERVES,10,protected,False,UP,"{""source"": ""billing"", ""method"": ""export"", ""observed_at"": ""2026-05-15T00:00:00+00:00"", ""valid_from"": ""2026-05-15T00:00:00+00:00"", ""valid_to"": null, ""confidence"": 1.0}"
link-1264,spl:olt-xg02-3,ont:olt-xg02-3-21,FEEDS,10,protected,False,UP,"{""splitter_port"": 21, ""source"": ""calix_export"", ""method"": ""vendor_export"", ""observed_at"": ""2026-05-15T00:00:00+00:00"", ""valid_from"": ""2026-05-15T00:00:00+00:00"", ""valid_to"": null, ""confidence"": 1.0}"
link-1265,ont:olt-xg02-3-21,sub:olt-xg02-3-21,SERVES,10,protected,False,UP,"{""source"": ""billing"", ""method"": ""export"", ""observed_at"": ""2026-05-15T00:00:00+00:00"", ""valid_from"": ""2026-05-15T00:00:00+00:00"", ""valid_to"": null, ""confidence"": 1.0}"
link-1266,spl:olt-xg02-3,ont:olt-xg02-3-22,FEEDS,10,protected,False,UP,"{""splitter_port"": 22, ""source"": ""calix_export"", ""method"": ""vendor_export"", ""observed_at"": ""2026-05-15T00:00:00+00:00"", ""valid_from"": ""2026-05-15T00:00:00+00:00"", ""valid_to"": null, ""confidence"": 1.0}"
link-1267,ont:olt-xg02-3-22,sub:olt-xg02-3-22,SERVES,10,protected,False,UP,"{""source"": ""billing"", ""method"": ""export"", ""observed_at"": ""2026-05-15T00:00:00+00:00"", ""valid_from"": ""2026-05-15T00:00:00+00:00"", ""valid_to"": null, ""confidence"": 1.0}"
link-1268,spl:olt-xg02-3,ont:olt-xg02-3-23,FEEDS,10,protected,False,UP,"{""splitter_port"": 23, ""source"": ""calix_export"", ""method"": ""vendor_export"", ""observed_at"": ""2026-05-15T00:00:00+00:00"", ""valid_from"": ""2026-05-15T00:00:00+00:00"", ""valid_to"": null, ""confidence"": 1.0}"
link-1269,ont:olt-xg02-3-23,sub:olt-xg02-3-23,SERVES,10,protected,False,UP,"{""source"": ""billing"", ""method"": ""export"", ""observed_at"": ""2026-05-15T00:00:00+00:00"", ""valid_from"": ""2026-05-15T00:00:00+00:00"", ""valid_to"": null, ""confidence"": 1.0}"
link-1270,spl:olt-xg02-3,ont:olt-xg02-3-24,FEEDS,10,protected,False,UP,"{""splitter_port"": 24, ""source"": ""calix_export"", ""method"": ""vendor_export"", ""observed_at"": ""2026-05-15T00:00:00+00:00"", ""valid_from"": ""2026-05-15T00:00:00+00:00"", ""valid_to"": null, ""confidence"": 1.0}"
link-1271,ont:olt-xg02-3-24,sub:olt-xg02-3-24,SERVES,10,protected,False,UP,"{""source"": ""billing"", ""method"": ""export"", ""observed_at"": ""2026-05-15T00:00:00+00:00"", ""valid_from"": ""2026-05-15T00:00:00+00:00"", ""valid_to"": null, ""confidence"": 1.0}"
link-1272,spl:olt-xg02-3,ont:olt-xg02-3-25,FEEDS,10,protected,False,UP,"{""splitter_port"": 25, ""source"": ""calix_export"", ""method"": ""vendor_export"", ""observed_at"": ""2026-05-15T00:00:00+00:00"", ""valid_from"": ""2026-05-15T00:00:00+00:00"", ""valid_to"": null, ""confidence"": 1.0}"
link-1273,ont:olt-xg02-3-25,sub:olt-xg02-3-25,SERVES,10,protected,False,UP,"{""source"": ""billing"", ""method"": ""export"", ""observed_at"": ""2026-05-15T00:00:00+00:00"", ""valid_from"": ""2026-05-15T00:00:00+00:00"", ""valid_to"": null, ""confidence"": 1.0}"
link-1274,spl:olt-xg02-3,ont:olt-xg02-3-26,FEEDS,10,protected,False,UP,"{""splitter_port"": 26, ""source"": ""calix_export"", ""method"": ""vendor_export"", ""observed_at"": ""2026-05-15T00:00:00+00:00"", ""valid_from"": ""2026-05-15T00:00:00+00:00"", ""valid_to"": null, ""confidence"": 1.0}"
link-1275,ont:olt-xg02-3-26,sub:olt-xg02-3-26,SERVES,10,protected,False,UP,"{""source"": ""billing"", ""method"": ""export"", ""observed_at"": ""2026-05-15T00:00:00+00:00"", ""valid_from"": ""2026-05-15T00:00:00+00:00"", ""valid_to"": null, ""confidence"": 1.0}"
link-1276,spl:olt-xg02-3,ont:olt-xg02-3-27,FEEDS,10,protected,False,UP,"{""splitter_port"": 27, ""source"": ""calix_export"", ""method"": ""vendor_export"", ""observed_at"": ""2026-05-15T00:00:00+00:00"", ""valid_from"": ""2026-05-15T00:00:00+00:00"", ""valid_to"": null, ""confidence"": 1.0}"
link-1277,ont:olt-xg02-3-27,sub:olt-xg02-3-27,SERVES,10,protected,False,UP,"{""source"": ""billing"", ""method"": ""export"", ""observed_at"": ""2026-05-15T00:00:00+00:00"", ""valid_from"": ""2026-05-15T00:00:00+00:00"", ""valid_to"": null, ""confidence"": 1.0}"
link-1278,spl:olt-xg02-3,ont:olt-xg02-3-28,FEEDS,10,protected,False,UP,"{""splitter_port"": 28, ""source"": ""calix_export"", ""method"": ""vendor_export"", ""observed_at"": ""2026-05-15T00:00:00+00:00"", ""valid_from"": ""2026-05-15T00:00:00+00:00"", ""valid_to"": null, ""confidence"": 1.0}"
link-1279,ont:olt-xg02-3-28,sub:olt-xg02-3-28,SERVES,10,protected,False,UP,"{""source"": ""billing"", ""method"": ""export"", ""observed_at"": ""2026-05-15T00:00:00+00:00"", ""valid_from"": ""2026-05-15T00:00:00+00:00"", ""valid_to"": null, ""confidence"": 1.0}"
link-1280,spl:olt-xg02-3,ont:olt-xg02-3-29,FEEDS,10,protected,False,UP,"{""splitter_port"": 29, ""source"": ""calix_export"", ""method"": ""vendor_export"", ""observed_at"": ""2026-05-15T00:00:00+00:00"", ""valid_from"": ""2026-05-15T00:00:00+00:00"", ""valid_to"": null, ""confidence"": 1.0}"
link-1281,ont:olt-xg02-3-29,sub:olt-xg02-3-29,SERVES,10,protected,False,UP,"{""source"": ""billing"", ""method"": ""export"", ""observed_at"": ""2026-05-15T00:00:00+00:00"", ""valid_from"": ""2026-05-15T00:00:00+00:00"", ""valid_to"": null, ""confidence"": 1.0}"
link-1282,spl:olt-xg02-3,ont:olt-xg02-3-30,FEEDS,10,protected,False,UP,"{""splitter_port"": 30, ""source"": ""calix_export"", ""method"": ""vendor_export"", ""observed_at"": ""2026-05-15T00:00:00+00:00"", ""valid_from"": ""2026-05-15T00:00:00+00:00"", ""valid_to"": null, ""confidence"": 1.0}"
link-1283,ont:olt-xg02-3-30,sub:olt-xg02-3-30,SERVES,10,protected,False,UP,"{""source"": ""billing"", ""method"": ""export"", ""observed_at"": ""2026-05-15T00:00:00+00:00"", ""valid_from"": ""2026-05-15T00:00:00+00:00"", ""valid_to"": null, ""confidence"": 1.0}"
link-1284,spl:olt-xg02-3,ont:olt-xg02-3-31,FEEDS,10,protected,False,UP,"{""splitter_port"": 31, ""source"": ""calix_export"", ""method"": ""vendor_export"", ""observed_at"": ""2026-05-15T00:00:00+00:00"", ""valid_from"": ""2026-05-15T00:00:00+00:00"", ""valid_to"": null, ""confidence"": 1.0}"
link-1285,ont:olt-xg02-3-31,sub:olt-xg02-3-31,SERVES,10,protected,False,UP,"{""source"": ""billing"", ""method"": ""export"", ""observed_at"": ""2026-05-15T00:00:00+00:00"", ""valid_from"": ""2026-05-15T00:00:00+00:00"", ""valid_to"": null, ""confidence"": 1.0}"
link-1286,svc:cell-00,sub:tower-00,DELIVERED_TO,10,protected,False,UP,"{""source"": ""billing"", ""method"": ""vendor_export"", ""observed_at"": ""2026-05-15T00:00:00+00:00"", ""valid_from"": ""2026-05-15T00:00:00+00:00"", ""valid_to"": null, ""confidence"": 1.0}"
link-1287,svc:cell-00,path:cell-00-intended,REALIZED_BY,10,protected,False,UP,"{""source"": ""derived"", ""method"": ""computed"", ""observed_at"": ""2026-05-15T00:00:00+00:00"", ""valid_from"": ""2026-05-15T00:00:00+00:00"", ""valid_to"": null, ""confidence"": 1.0}"
link-1288,path:cell-00-intended,port:mx304-sang:xe-0/1/0,TRAVERSES,10,unprotected,False,UP,"{""seq"": 0, ""direction"": ""a_to_z"", ""source"": ""derived"", ""method"": ""computed"", ""observed_at"": ""2026-05-15T00:00:00+00:00"", ""valid_from"": ""2026-05-15T00:00:00+00:00"", ""valid_to"": null, ""confidence"": 1.0}"
link-1289,path:cell-00-intended,port:mx304-sang:et-0/0/0,TRAVERSES,10,unprotected,False,UP,"{""seq"": 1, ""direction"": ""a_to_z"", ""source"": ""derived"", ""method"": ""computed"", ""observed_at"": ""2026-05-15T00:00:00+00:00"", ""valid_from"": ""2026-05-15T00:00:00+00:00"", ""valid_to"": null, ""confidence"": 1.0}"
link-1290,path:cell-00-intended,port:mx960-gldt:et-0/0/0,TRAVERSES,10,protected,False,UP,"{""seq"": 2, ""direction"": ""a_to_z"", ""source"": ""derived"", ""method"": ""computed"", ""observed_at"": ""2026-05-15T00:00:00+00:00"", ""valid_from"": ""2026-05-15T00:00:00+00:00"", ""valid_to"": null, ""confidence"": 1.0}"
link-1291,svc:cell-00,path:cell-00-current,REALIZED_BY,10,protected,False,UP,"{""source"": ""derived"", ""method"": ""computed"", ""observed_at"": ""2026-05-15T00:00:00+00:00"", ""valid_from"": ""2026-05-15T00:00:00+00:00"", ""valid_to"": null, ""confidence"": 1.0}"
link-1292,path:cell-00-current,port:mx304-sang:xe-0/1/0,TRAVERSES,10,unprotected,False,UP,"{""seq"": 0, ""direction"": ""a_to_z"", ""source"": ""derived"", ""method"": ""computed"", ""observed_at"": ""2026-05-15T00:00:00+00:00"", ""valid_from"": ""2026-05-15T00:00:00+00:00"", ""valid_to"": null, ""confidence"": 1.0}"
link-1293,path:cell-00-current,port:mx304-sang:et-0/0/0,TRAVERSES,10,unprotected,False,UP,"{""seq"": 1, ""direction"": ""a_to_z"", ""source"": ""derived"", ""method"": ""computed"", ""observed_at"": ""2026-05-15T00:00:00+00:00"", ""valid_from"": ""2026-05-15T00:00:00+00:00"", ""valid_to"": null, ""confidence"": 1.0}"
link-1294,path:cell-00-current,port:mx960-gldt:et-0/0/0,TRAVERSES,10,protected,False,UP,"{""seq"": 2, ""direction"": ""a_to_z"", ""source"": ""derived"", ""method"": ""computed"", ""observed_at"": ""2026-05-15T00:00:00+00:00"", ""valid_from"": ""2026-05-15T00:00:00+00:00"", ""valid_to"": null, ""confidence"": 1.0}"
link-1295,svc:cell-01,sub:tower-01,DELIVERED_TO,10,protected,False,UP,"{""source"": ""billing"", ""method"": ""vendor_export"", ""observed_at"": ""2026-05-15T00:00:00+00:00"", ""valid_from"": ""2026-05-15T00:00:00+00:00"", ""valid_to"": null, ""confidence"": 1.0}"
link-1296,svc:cell-01,path:cell-01-intended,REALIZED_BY,10,protected,False,UP,"{""source"": ""derived"", ""method"": ""computed"", ""observed_at"": ""2026-05-15T00:00:00+00:00"", ""valid_from"": ""2026-05-15T00:00:00+00:00"", ""valid_to"": null, ""confidence"": 1.0}"
link-1297,path:cell-01-intended,port:mx304-sang:xe-0/1/1,TRAVERSES,10,unprotected,False,UP,"{""seq"": 0, ""direction"": ""a_to_z"", ""source"": ""derived"", ""method"": ""computed"", ""observed_at"": ""2026-05-15T00:00:00+00:00"", ""valid_from"": ""2026-05-15T00:00:00+00:00"", ""valid_to"": null, ""confidence"": 1.0}"
link-1298,path:cell-01-intended,port:mx304-sang:et-0/0/0,TRAVERSES,10,unprotected,False,UP,"{""seq"": 1, ""direction"": ""a_to_z"", ""source"": ""derived"", ""method"": ""computed"", ""observed_at"": ""2026-05-15T00:00:00+00:00"", ""valid_from"": ""2026-05-15T00:00:00+00:00"", ""valid_to"": null, ""confidence"": 1.0}"
link-1299,path:cell-01-intended,port:mx960-gldt:et-0/0/1,TRAVERSES,10,protected,False,UP,"{""seq"": 2, ""direction"": ""a_to_z"", ""source"": ""derived"", ""method"": ""computed"", ""observed_at"": ""2026-05-15T00:00:00+00:00"", ""valid_from"": ""2026-05-15T00:00:00+00:00"", ""valid_to"": null, ""confidence"": 1.0}"
link-1300,svc:cell-01,path:cell-01-current,REALIZED_BY,10,protected,False,UP,"{""source"": ""derived"", ""method"": ""computed"", ""observed_at"": ""2026-05-15T00:00:00+00:00"", ""valid_from"": ""2026-05-15T00:00:00+00:00"", ""valid_to"": null, ""confidence"": 1.0}"
link-1301,path:cell-01-current,port:mx304-sang:xe-0/1/1,TRAVERSES,10,unprotected,False,UP,"{""seq"": 0, ""direction"": ""a_to_z"", ""source"": ""derived"", ""method"": ""computed"", ""observed_at"": ""2026-05-15T00:00:00+00:00"", ""valid_from"": ""2026-05-15T00:00:00+00:00"", ""valid_to"": null, ""confidence"": 1.0}"
link-1302,path:cell-01-current,port:mx304-sang:et-0/0/2,TRAVERSES,10,unprotected,False,UP,"{""seq"": 1, ""direction"": ""a_to_z"", ""source"": ""derived"", ""method"": ""computed"", ""observed_at"": ""2026-05-15T00:00:00+00:00"", ""valid_from"": ""2026-05-15T00:00:00+00:00"", ""valid_to"": null, ""confidence"": 1.0}"
link-1303,path:cell-01-current,port:mx960-gldt:et-0/0/1,TRAVERSES,10,protected,False,UP,"{""seq"": 2, ""direction"": ""a_to_z"", ""source"": ""derived"", ""method"": ""computed"", ""observed_at"": ""2026-05-15T00:00:00+00:00"", ""valid_from"": ""2026-05-15T00:00:00+00:00"", ""valid_to"": null, ""confidence"": 1.0}"
link-1304,svc:cell-02,sub:tower-02,DELIVERED_TO,10,protected,False,UP,"{""source"": ""billing"", ""method"": ""vendor_export"", ""observed_at"": ""2026-05-15T00:00:00+00:00"", ""valid_from"": ""2026-05-15T00:00:00+00:00"", ""valid_to"": null, ""confidence"": 1.0}"
link-1305,svc:cell-02,path:cell-02-intended,REALIZED_BY,10,protected,False,UP,"{""source"": ""derived"", ""method"": ""computed"", ""observed_at"": ""2026-05-15T00:00:00+00:00"", ""valid_from"": ""2026-05-15T00:00:00+00:00"", ""valid_to"": null, ""confidence"": 1.0}"
link-1306,path:cell-02-intended,port:mx304-sang:xe-0/1/2,TRAVERSES,10,unprotected,False,UP,"{""seq"": 0, ""direction"": ""a_to_z"", ""source"": ""derived"", ""method"": ""computed"", ""observed_at"": ""2026-05-15T00:00:00+00:00"", ""valid_from"": ""2026-05-15T00:00:00+00:00"", ""valid_to"": null, ""confidence"": 1.0}"
link-1307,path:cell-02-intended,port:mx304-sang:et-0/0/0,TRAVERSES,10,unprotected,False,UP,"{""seq"": 1, ""direction"": ""a_to_z"", ""source"": ""derived"", ""method"": ""computed"", ""observed_at"": ""2026-05-15T00:00:00+00:00"", ""valid_from"": ""2026-05-15T00:00:00+00:00"", ""valid_to"": null, ""confidence"": 1.0}"
link-1308,path:cell-02-intended,port:mx960-gldt:et-0/0/2,TRAVERSES,10,protected,False,UP,"{""seq"": 2, ""direction"": ""a_to_z"", ""source"": ""derived"", ""method"": ""computed"", ""observed_at"": ""2026-05-15T00:00:00+00:00"", ""valid_from"": ""2026-05-15T00:00:00+00:00"", ""valid_to"": null, ""confidence"": 1.0}"
link-1309,svc:cell-02,path:cell-02-current,REALIZED_BY,10,protected,False,UP,"{""source"": ""derived"", ""method"": ""computed"", ""observed_at"": ""2026-05-15T00:00:00+00:00"", ""valid_from"": ""2026-05-15T00:00:00+00:00"", ""valid_to"": null, ""confidence"": 1.0}"
link-1310,path:cell-02-current,port:mx304-sang:xe-0/1/2,TRAVERSES,10,unprotected,False,UP,"{""seq"": 0, ""direction"": ""a_to_z"", ""source"": ""derived"", ""method"": ""computed"", ""observed_at"": ""2026-05-15T00:00:00+00:00"", ""valid_from"": ""2026-05-15T00:00:00+00:00"", ""valid_to"": null, ""confidence"": 1.0}"
link-1311,path:cell-02-current,port:mx304-sang:et-0/0/0,TRAVERSES,10,unprotected,False,UP,"{""seq"": 1, ""direction"": ""a_to_z"", ""source"": ""derived"", ""method"": ""computed"", ""observed_at"": ""2026-05-15T00:00:00+00:00"", ""valid_from"": ""2026-05-15T00:00:00+00:00"", ""valid_to"": null, ""confidence"": 1.0}"
link-1312,path:cell-02-current,port:mx960-gldt:et-0/0/2,TRAVERSES,10,protected,False,UP,"{""seq"": 2, ""direction"": ""a_to_z"", ""source"": ""derived"", ""method"": ""computed"", ""observed_at"": ""2026-05-15T00:00:00+00:00"", ""valid_from"": ""2026-05-15T00:00:00+00:00"", ""valid_to"": null, ""confidence"": 1.0}"
link-1313,svc:cell-03,sub:tower-03,DELIVERED_TO,10,protected,False,UP,"{""source"": ""billing"", ""method"": ""vendor_export"", ""observed_at"": ""2026-05-15T00:00:00+00:00"", ""valid_from"": ""2026-05-15T00:00:00+00:00"", ""valid_to"": null, ""confidence"": 1.0}"
link-1314,svc:cell-03,path:cell-03-intended,REALIZED_BY,10,protected,False,UP,"{""source"": ""derived"", ""method"": ""computed"", ""observed_at"": ""2026-05-15T00:00:00+00:00"", ""valid_from"": ""2026-05-15T00:00:00+00:00"", ""valid_to"": null, ""confidence"": 1.0}"
link-1315,path:cell-03-intended,port:mx304-sang:xe-0/1/3,TRAVERSES,10,unprotected,False,UP,"{""seq"": 0, ""direction"": ""a_to_z"", ""source"": ""derived"", ""method"": ""computed"", ""observed_at"": ""2026-05-15T00:00:00+00:00"", ""valid_from"": ""2026-05-15T00:00:00+00:00"", ""valid_to"": null, ""confidence"": 1.0}"
link-1316,path:cell-03-intended,port:mx304-sang:et-0/0/0,TRAVERSES,10,unprotected,False,UP,"{""seq"": 1, ""direction"": ""a_to_z"", ""source"": ""derived"", ""method"": ""computed"", ""observed_at"": ""2026-05-15T00:00:00+00:00"", ""valid_from"": ""2026-05-15T00:00:00+00:00"", ""valid_to"": null, ""confidence"": 1.0}"
link-1317,path:cell-03-intended,port:mx960-gldt:et-0/0/3,TRAVERSES,10,protected,False,UP,"{""seq"": 2, ""direction"": ""a_to_z"", ""source"": ""derived"", ""method"": ""computed"", ""observed_at"": ""2026-05-15T00:00:00+00:00"", ""valid_from"": ""2026-05-15T00:00:00+00:00"", ""valid_to"": null, ""confidence"": 1.0}"
link-1318,svc:cell-03,path:cell-03-current,REALIZED_BY,10,protected,False,UP,"{""source"": ""derived"", ""method"": ""computed"", ""observed_at"": ""2026-05-15T00:00:00+00:00"", ""valid_from"": ""2026-05-15T00:00:00+00:00"", ""valid_to"": null, ""confidence"": 1.0}"
link-1319,path:cell-03-current,port:mx304-sang:xe-0/1/3,TRAVERSES,10,unprotected,False,UP,"{""seq"": 0, ""direction"": ""a_to_z"", ""source"": ""derived"", ""method"": ""computed"", ""observed_at"": ""2026-05-15T00:00:00+00:00"", ""valid_from"": ""2026-05-15T00:00:00+00:00"", ""valid_to"": null, ""confidence"": 1.0}"
link-1320,path:cell-03-current,port:mx304-sang:et-0/0/0,TRAVERSES,10,unprotected,False,UP,"{""seq"": 1, ""direction"": ""a_to_z"", ""source"": ""derived"", ""method"": ""computed"", ""observed_at"": ""2026-05-15T00:00:00+00:00"", ""valid_from"": ""2026-05-15T00:00:00+00:00"", ""valid_to"": null, ""confidence"": 1.0}"
link-1321,path:cell-03-current,port:mx960-gldt:et-0/0/3,TRAVERSES,10,protected,False,UP,"{""seq"": 2, ""direction"": ""a_to_z"", ""source"": ""derived"", ""method"": ""computed"", ""observed_at"": ""2026-05-15T00:00:00+00:00"", ""valid_from"": ""2026-05-15T00:00:00+00:00"", ""valid_to"": null, ""confidence"": 1.0}"
link-1322,svc:cell-04,sub:tower-04,DELIVERED_TO,10,protected,False,UP,"{""source"": ""billing"", ""method"": ""vendor_export"", ""observed_at"": ""2026-05-15T00:00:00+00:00"", ""valid_from"": ""2026-05-15T00:00:00+00:00"", ""valid_to"": null, ""confidence"": 1.0}"
link-1323,svc:cell-04,path:cell-04-intended,REALIZED_BY,10,protected,False,UP,"{""source"": ""derived"", ""method"": ""computed"", ""observed_at"": ""2026-05-15T00:00:00+00:00"", ""valid_from"": ""2026-05-15T00:00:00+00:00"", ""valid_to"": null, ""confidence"": 1.0}"
link-1324,path:cell-04-intended,port:mx304-sang:xe-0/1/4,TRAVERSES,10,unprotected,False,UP,"{""seq"": 0, ""direction"": ""a_to_z"", ""source"": ""derived"", ""method"": ""computed"", ""observed_at"": ""2026-05-15T00:00:00+00:00"", ""valid_from"": ""2026-05-15T00:00:00+00:00"", ""valid_to"": null, ""confidence"": 1.0}"
link-1325,path:cell-04-intended,port:mx304-sang:et-0/0/0,TRAVERSES,10,unprotected,False,UP,"{""seq"": 1, ""direction"": ""a_to_z"", ""source"": ""derived"", ""method"": ""computed"", ""observed_at"": ""2026-05-15T00:00:00+00:00"", ""valid_from"": ""2026-05-15T00:00:00+00:00"", ""valid_to"": null, ""confidence"": 1.0}"
link-1326,path:cell-04-intended,port:mx960-gldt:et-0/0/4,TRAVERSES,10,protected,False,UP,"{""seq"": 2, ""direction"": ""a_to_z"", ""source"": ""derived"", ""method"": ""computed"", ""observed_at"": ""2026-05-15T00:00:00+00:00"", ""valid_from"": ""2026-05-15T00:00:00+00:00"", ""valid_to"": null, ""confidence"": 1.0}"
link-1327,svc:cell-04,path:cell-04-current,REALIZED_BY,10,protected,False,UP,"{""source"": ""derived"", ""method"": ""computed"", ""observed_at"": ""2026-05-15T00:00:00+00:00"", ""valid_from"": ""2026-05-15T00:00:00+00:00"", ""valid_to"": null, ""confidence"": 1.0}"
link-1328,path:cell-04-current,port:mx304-sang:xe-0/1/4,TRAVERSES,10,unprotected,False,UP,"{""seq"": 0, ""direction"": ""a_to_z"", ""source"": ""derived"", ""method"": ""computed"", ""observed_at"": ""2026-05-15T00:00:00+00:00"", ""valid_from"": ""2026-05-15T00:00:00+00:00"", ""valid_to"": null, ""confidence"": 1.0}"
link-1329,path:cell-04-current,port:mx304-sang:et-0/0/2,TRAVERSES,10,unprotected,False,UP,"{""seq"": 1, ""direction"": ""a_to_z"", ""source"": ""derived"", ""method"": ""computed"", ""observed_at"": ""2026-05-15T00:00:00+00:00"", ""valid_from"": ""2026-05-15T00:00:00+00:00"", ""valid_to"": null, ""confidence"": 1.0}"
link-1330,path:cell-04-current,port:mx960-gldt:et-0/0/4,TRAVERSES,10,protected,False,UP,"{""seq"": 2, ""direction"": ""a_to_z"", ""source"": ""derived"", ""method"": ""computed"", ""observed_at"": ""2026-05-15T00:00:00+00:00"", ""valid_from"": ""2026-05-15T00:00:00+00:00"", ""valid_to"": null, ""confidence"": 1.0}"
link-1331,svc:cell-05,sub:tower-05,DELIVERED_TO,10,protected,False,UP,"{""source"": ""billing"", ""method"": ""vendor_export"", ""observed_at"": ""2026-05-15T00:00:00+00:00"", ""valid_from"": ""2026-05-15T00:00:00+00:00"", ""valid_to"": null, ""confidence"": 1.0}"
link-1332,svc:cell-05,path:cell-05-intended,REALIZED_BY,10,protected,False,UP,"{""source"": ""derived"", ""method"": ""computed"", ""observed_at"": ""2026-05-15T00:00:00+00:00"", ""valid_from"": ""2026-05-15T00:00:00+00:00"", ""valid_to"": null, ""confidence"": 1.0}"
link-1333,path:cell-05-intended,port:mx304-sang:xe-0/1/5,TRAVERSES,10,unprotected,False,UP,"{""seq"": 0, ""direction"": ""a_to_z"", ""source"": ""derived"", ""method"": ""computed"", ""observed_at"": ""2026-05-15T00:00:00+00:00"", ""valid_from"": ""2026-05-15T00:00:00+00:00"", ""valid_to"": null, ""confidence"": 1.0}"
link-1334,path:cell-05-intended,port:mx304-sang:et-0/0/0,TRAVERSES,10,unprotected,False,UP,"{""seq"": 1, ""direction"": ""a_to_z"", ""source"": ""derived"", ""method"": ""computed"", ""observed_at"": ""2026-05-15T00:00:00+00:00"", ""valid_from"": ""2026-05-15T00:00:00+00:00"", ""valid_to"": null, ""confidence"": 1.0}"
link-1335,path:cell-05-intended,port:mx960-gldt:et-0/0/5,TRAVERSES,10,protected,False,UP,"{""seq"": 2, ""direction"": ""a_to_z"", ""source"": ""derived"", ""method"": ""computed"", ""observed_at"": ""2026-05-15T00:00:00+00:00"", ""valid_from"": ""2026-05-15T00:00:00+00:00"", ""valid_to"": null, ""confidence"": 1.0}"
link-1336,svc:cell-05,path:cell-05-current,REALIZED_BY,10,protected,False,UP,"{""source"": ""derived"", ""method"": ""computed"", ""observed_at"": ""2026-05-15T00:00:00+00:00"", ""valid_from"": ""2026-05-15T00:00:00+00:00"", ""valid_to"": null, ""confidence"": 1.0}"
link-1337,path:cell-05-current,port:mx304-sang:xe-0/1/5,TRAVERSES,10,unprotected,False,UP,"{""seq"": 0, ""direction"": ""a_to_z"", ""source"": ""derived"", ""method"": ""computed"", ""observed_at"": ""2026-05-15T00:00:00+00:00"", ""valid_from"": ""2026-05-15T00:00:00+00:00"", ""valid_to"": null, ""confidence"": 1.0}"
link-1338,path:cell-05-current,port:mx304-sang:et-0/0/0,TRAVERSES,10,unprotected,False,UP,"{""seq"": 1, ""direction"": ""a_to_z"", ""source"": ""derived"", ""method"": ""computed"", ""observed_at"": ""2026-05-15T00:00:00+00:00"", ""valid_from"": ""2026-05-15T00:00:00+00:00"", ""valid_to"": null, ""confidence"": 1.0}"
link-1339,path:cell-05-current,port:mx960-gldt:et-0/0/5,TRAVERSES,10,protected,False,UP,"{""seq"": 2, ""direction"": ""a_to_z"", ""source"": ""derived"", ""method"": ""computed"", ""observed_at"": ""2026-05-15T00:00:00+00:00"", ""valid_from"": ""2026-05-15T00:00:00+00:00"", ""valid_to"": null, ""confidence"": 1.0}"
link-1340,svc:biz-00,sub:biz-00,DELIVERED_TO,10,protected,False,UP,"{""source"": ""billing"", ""method"": ""vendor_export"", ""observed_at"": ""2026-05-15T00:00:00+00:00"", ""valid_from"": ""2026-05-15T00:00:00+00:00"", ""valid_to"": null, ""confidence"": 1.0}"
link-1341,svc:biz-00,path:biz-00-intended,REALIZED_BY,10,protected,False,UP,"{""source"": ""derived"", ""method"": ""computed"", ""observed_at"": ""2026-05-15T00:00:00+00:00"", ""valid_from"": ""2026-05-15T00:00:00+00:00"", ""valid_to"": null, ""confidence"": 1.0}"
link-1342,path:biz-00-intended,port:mx304-02:xe-0/1/0,TRAVERSES,10,protected,False,UP,"{""seq"": 0, ""direction"": ""a_to_z"", ""source"": ""derived"", ""method"": ""computed"", ""observed_at"": ""2026-05-15T00:00:00+00:00"", ""valid_from"": ""2026-05-15T00:00:00+00:00"", ""valid_to"": null, ""confidence"": 1.0}"
link-1343,path:biz-00-intended,port:mx304-02:et-0/0/0,TRAVERSES,10,protected,False,UP,"{""seq"": 1, ""direction"": ""a_to_z"", ""source"": ""derived"", ""method"": ""computed"", ""observed_at"": ""2026-05-15T00:00:00+00:00"", ""valid_from"": ""2026-05-15T00:00:00+00:00"", ""valid_to"": null, ""confidence"": 1.0}"
link-1344,path:biz-00-intended,port:mx960-gldt:et-0/0/3,TRAVERSES,10,protected,False,UP,"{""seq"": 2, ""direction"": ""a_to_z"", ""source"": ""derived"", ""method"": ""computed"", ""observed_at"": ""2026-05-15T00:00:00+00:00"", ""valid_from"": ""2026-05-15T00:00:00+00:00"", ""valid_to"": null, ""confidence"": 1.0}"
link-1345,svc:biz-00,path:biz-00-current,REALIZED_BY,10,protected,False,UP,"{""source"": ""derived"", ""method"": ""computed"", ""observed_at"": ""2026-05-15T00:00:00+00:00"", ""valid_from"": ""2026-05-15T00:00:00+00:00"", ""valid_to"": null, ""confidence"": 1.0}"
link-1346,path:biz-00-current,port:mx304-02:xe-0/1/0,TRAVERSES,10,protected,False,UP,"{""seq"": 0, ""direction"": ""a_to_z"", ""source"": ""derived"", ""method"": ""computed"", ""observed_at"": ""2026-05-15T00:00:00+00:00"", ""valid_from"": ""2026-05-15T00:00:00+00:00"", ""valid_to"": null, ""confidence"": 1.0}"
link-1347,path:biz-00-current,port:mx304-02:et-0/0/0,TRAVERSES,10,protected,False,UP,"{""seq"": 1, ""direction"": ""a_to_z"", ""source"": ""derived"", ""method"": ""computed"", ""observed_at"": ""2026-05-15T00:00:00+00:00"", ""valid_from"": ""2026-05-15T00:00:00+00:00"", ""valid_to"": null, ""confidence"": 1.0}"
link-1348,path:biz-00-current,port:mx960-gldt:et-0/0/3,TRAVERSES,10,protected,False,UP,"{""seq"": 2, ""direction"": ""a_to_z"", ""source"": ""derived"", ""method"": ""computed"", ""observed_at"": ""2026-05-15T00:00:00+00:00"", ""valid_from"": ""2026-05-15T00:00:00+00:00"", ""valid_to"": null, ""confidence"": 1.0}"
link-1349,svc:biz-01,sub:biz-01,DELIVERED_TO,10,protected,False,UP,"{""source"": ""billing"", ""method"": ""vendor_export"", ""observed_at"": ""2026-05-15T00:00:00+00:00"", ""valid_from"": ""2026-05-15T00:00:00+00:00"", ""valid_to"": null, ""confidence"": 1.0}"
link-1350,svc:biz-01,path:biz-01-intended,REALIZED_BY,10,protected,False,UP,"{""source"": ""derived"", ""method"": ""computed"", ""observed_at"": ""2026-05-15T00:00:00+00:00"", ""valid_from"": ""2026-05-15T00:00:00+00:00"", ""valid_to"": null, ""confidence"": 1.0}"
link-1351,path:biz-01-intended,port:mx304-03:xe-0/1/1,TRAVERSES,10,protected,False,UP,"{""seq"": 0, ""direction"": ""a_to_z"", ""source"": ""derived"", ""method"": ""computed"", ""observed_at"": ""2026-05-15T00:00:00+00:00"", ""valid_from"": ""2026-05-15T00:00:00+00:00"", ""valid_to"": null, ""confidence"": 1.0}"
link-1352,path:biz-01-intended,port:mx304-03:et-0/0/0,TRAVERSES,10,protected,False,UP,"{""seq"": 1, ""direction"": ""a_to_z"", ""source"": ""derived"", ""method"": ""computed"", ""observed_at"": ""2026-05-15T00:00:00+00:00"", ""valid_from"": ""2026-05-15T00:00:00+00:00"", ""valid_to"": null, ""confidence"": 1.0}"
link-1353,path:biz-01-intended,port:mx960-gldt:et-0/0/4,TRAVERSES,10,protected,False,UP,"{""seq"": 2, ""direction"": ""a_to_z"", ""source"": ""derived"", ""method"": ""computed"", ""observed_at"": ""2026-05-15T00:00:00+00:00"", ""valid_from"": ""2026-05-15T00:00:00+00:00"", ""valid_to"": null, ""confidence"": 1.0}"
link-1354,svc:biz-01,path:biz-01-current,REALIZED_BY,10,protected,False,UP,"{""source"": ""derived"", ""method"": ""computed"", ""observed_at"": ""2026-05-15T00:00:00+00:00"", ""valid_from"": ""2026-05-15T00:00:00+00:00"", ""valid_to"": null, ""confidence"": 1.0}"
link-1355,path:biz-01-current,port:mx304-03:xe-0/1/1,TRAVERSES,10,protected,False,UP,"{""seq"": 0, ""direction"": ""a_to_z"", ""source"": ""derived"", ""method"": ""computed"", ""observed_at"": ""2026-05-15T00:00:00+00:00"", ""valid_from"": ""2026-05-15T00:00:00+00:00"", ""valid_to"": null, ""confidence"": 1.0}"
link-1356,path:biz-01-current,port:mx304-03:et-0/0/0,TRAVERSES,10,protected,False,UP,"{""seq"": 1, ""direction"": ""a_to_z"", ""source"": ""derived"", ""method"": ""computed"", ""observed_at"": ""2026-05-15T00:00:00+00:00"", ""valid_from"": ""2026-05-15T00:00:00+00:00"", ""valid_to"": null, ""confidence"": 1.0}"
link-1357,path:biz-01-current,port:mx960-gldt:et-0/0/4,TRAVERSES,10,protected,False,UP,"{""seq"": 2, ""direction"": ""a_to_z"", ""source"": ""derived"", ""method"": ""computed"", ""observed_at"": ""2026-05-15T00:00:00+00:00"", ""valid_from"": ""2026-05-15T00:00:00+00:00"", ""valid_to"": null, ""confidence"": 1.0}"
link-1358,svc:biz-02,sub:biz-02,DELIVERED_TO,10,protected,False,UP,"{""source"": ""billing"", ""method"": ""vendor_export"", ""observed_at"": ""2026-05-15T00:00:00+00:00"", ""valid_from"": ""2026-05-15T00:00:00+00:00"", ""valid_to"": null, ""confidence"": 1.0}"
link-1359,svc:biz-02,path:biz-02-intended,REALIZED_BY,10,protected,False,UP,"{""source"": ""derived"", ""method"": ""computed"", ""observed_at"": ""2026-05-15T00:00:00+00:00"", ""valid_from"": ""2026-05-15T00:00:00+00:00"", ""valid_to"": null, ""confidence"": 1.0}"
link-1360,path:biz-02-intended,port:mx304-04:xe-0/1/2,TRAVERSES,10,protected,False,UP,"{""seq"": 0, ""direction"": ""a_to_z"", ""source"": ""derived"", ""method"": ""computed"", ""observed_at"": ""2026-05-15T00:00:00+00:00"", ""valid_from"": ""2026-05-15T00:00:00+00:00"", ""valid_to"": null, ""confidence"": 1.0}"
link-1361,path:biz-02-intended,port:mx304-04:et-0/0/0,TRAVERSES,10,protected,False,UP,"{""seq"": 1, ""direction"": ""a_to_z"", ""source"": ""derived"", ""method"": ""computed"", ""observed_at"": ""2026-05-15T00:00:00+00:00"", ""valid_from"": ""2026-05-15T00:00:00+00:00"", ""valid_to"": null, ""confidence"": 1.0}"
link-1362,path:biz-02-intended,port:mx960-gldt:et-0/0/5,TRAVERSES,10,protected,False,UP,"{""seq"": 2, ""direction"": ""a_to_z"", ""source"": ""derived"", ""method"": ""computed"", ""observed_at"": ""2026-05-15T00:00:00+00:00"", ""valid_from"": ""2026-05-15T00:00:00+00:00"", ""valid_to"": null, ""confidence"": 1.0}"
link-1363,svc:biz-02,path:biz-02-current,REALIZED_BY,10,protected,False,UP,"{""source"": ""derived"", ""method"": ""computed"", ""observed_at"": ""2026-05-15T00:00:00+00:00"", ""valid_from"": ""2026-05-15T00:00:00+00:00"", ""valid_to"": null, ""confidence"": 1.0}"
link-1364,path:biz-02-current,port:mx304-04:xe-0/1/2,TRAVERSES,10,protected,False,UP,"{""seq"": 0, ""direction"": ""a_to_z"", ""source"": ""derived"", ""method"": ""computed"", ""observed_at"": ""2026-05-15T00:00:00+00:00"", ""valid_from"": ""2026-05-15T00:00:00+00:00"", ""valid_to"": null, ""confidence"": 1.0}"
link-1365,path:biz-02-current,port:mx304-04:et-0/0/2,TRAVERSES,10,protected,False,UP,"{""seq"": 1, ""direction"": ""a_to_z"", ""source"": ""derived"", ""method"": ""computed"", ""observed_at"": ""2026-05-15T00:00:00+00:00"", ""valid_from"": ""2026-05-15T00:00:00+00:00"", ""valid_to"": null, ""confidence"": 1.0}"
link-1366,path:biz-02-current,port:mx960-gldt:et-0/0/5,TRAVERSES,10,protected,False,UP,"{""seq"": 2, ""direction"": ""a_to_z"", ""source"": ""derived"", ""method"": ""computed"", ""observed_at"": ""2026-05-15T00:00:00+00:00"", ""valid_from"": ""2026-05-15T00:00:00+00:00"", ""valid_to"": null, ""confidence"": 1.0}"
link-1367,svc:biz-03,sub:biz-03,DELIVERED_TO,10,protected,False,UP,"{""source"": ""billing"", ""method"": ""vendor_export"", ""observed_at"": ""2026-05-15T00:00:00+00:00"", ""valid_from"": ""2026-05-15T00:00:00+00:00"", ""valid_to"": null, ""confidence"": 1.0}"
link-1368,svc:biz-03,path:biz-03-intended,REALIZED_BY,10,protected,False,UP,"{""source"": ""derived"", ""method"": ""computed"", ""observed_at"": ""2026-05-15T00:00:00+00:00"", ""valid_from"": ""2026-05-15T00:00:00+00:00"", ""valid_to"": null, ""confidence"": 1.0}"
link-1369,path:biz-03-intended,port:mx304-05:xe-0/1/3,TRAVERSES,10,protected,False,UP,"{""seq"": 0, ""direction"": ""a_to_z"", ""source"": ""derived"", ""method"": ""computed"", ""observed_at"": ""2026-05-15T00:00:00+00:00"", ""valid_from"": ""2026-05-15T00:00:00+00:00"", ""valid_to"": null, ""confidence"": 1.0}"
link-1370,path:biz-03-intended,port:mx304-05:et-0/0/0,TRAVERSES,10,protected,False,UP,"{""seq"": 1, ""direction"": ""a_to_z"", ""source"": ""derived"", ""method"": ""computed"", ""observed_at"": ""2026-05-15T00:00:00+00:00"", ""valid_from"": ""2026-05-15T00:00:00+00:00"", ""valid_to"": null, ""confidence"": 1.0}"
link-1371,path:biz-03-intended,port:mx960-gldt:et-0/0/6,TRAVERSES,10,protected,False,UP,"{""seq"": 2, ""direction"": ""a_to_z"", ""source"": ""derived"", ""method"": ""computed"", ""observed_at"": ""2026-05-15T00:00:00+00:00"", ""valid_from"": ""2026-05-15T00:00:00+00:00"", ""valid_to"": null, ""confidence"": 1.0}"
link-1372,svc:biz-03,path:biz-03-current,REALIZED_BY,10,protected,False,UP,"{""source"": ""derived"", ""method"": ""computed"", ""observed_at"": ""2026-05-15T00:00:00+00:00"", ""valid_from"": ""2026-05-15T00:00:00+00:00"", ""valid_to"": null, ""confidence"": 1.0}"
link-1373,path:biz-03-current,port:mx304-05:xe-0/1/3,TRAVERSES,10,protected,False,UP,"{""seq"": 0, ""direction"": ""a_to_z"", ""source"": ""derived"", ""method"": ""computed"", ""observed_at"": ""2026-05-15T00:00:00+00:00"", ""valid_from"": ""2026-05-15T00:00:00+00:00"", ""valid_to"": null, ""confidence"": 1.0}"
link-1374,path:biz-03-current,port:mx304-05:et-0/0/0,TRAVERSES,10,protected,False,UP,"{""seq"": 1, ""direction"": ""a_to_z"", ""source"": ""derived"", ""method"": ""computed"", ""observed_at"": ""2026-05-15T00:00:00+00:00"", ""valid_from"": ""2026-05-15T00:00:00+00:00"", ""valid_to"": null, ""confidence"": 1.0}"
link-1375,path:biz-03-current,port:mx960-gldt:et-0/0/6,TRAVERSES,10,protected,False,UP,"{""seq"": 2, ""direction"": ""a_to_z"", ""source"": ""derived"", ""method"": ""computed"", ""observed_at"": ""2026-05-15T00:00:00+00:00"", ""valid_from"": ""2026-05-15T00:00:00+00:00"", ""valid_to"": null, ""confidence"": 1.0}"
link-1376,svc:biz-04,sub:biz-04,DELIVERED_TO,10,protected,False,UP,"{""source"": ""billing"", ""method"": ""vendor_export"", ""observed_at"": ""2026-05-15T00:00:00+00:00"", ""valid_from"": ""2026-05-15T00:00:00+00:00"", ""valid_to"": null, ""confidence"": 1.0}"
link-1377,svc:biz-04,path:biz-04-intended,REALIZED_BY,10,protected,False,UP,"{""source"": ""derived"", ""method"": ""computed"", ""observed_at"": ""2026-05-15T00:00:00+00:00"", ""valid_from"": ""2026-05-15T00:00:00+00:00"", ""valid_to"": null, ""confidence"": 1.0}"
link-1378,path:biz-04-intended,port:mx304-06:xe-0/1/4,TRAVERSES,10,protected,False,UP,"{""seq"": 0, ""direction"": ""a_to_z"", ""source"": ""derived"", ""method"": ""computed"", ""observed_at"": ""2026-05-15T00:00:00+00:00"", ""valid_from"": ""2026-05-15T00:00:00+00:00"", ""valid_to"": null, ""confidence"": 1.0}"
link-1379,path:biz-04-intended,port:mx304-06:et-0/0/0,TRAVERSES,10,protected,False,UP,"{""seq"": 1, ""direction"": ""a_to_z"", ""source"": ""derived"", ""method"": ""computed"", ""observed_at"": ""2026-05-15T00:00:00+00:00"", ""valid_from"": ""2026-05-15T00:00:00+00:00"", ""valid_to"": null, ""confidence"": 1.0}"
link-1380,path:biz-04-intended,port:mx960-gldt:et-0/0/7,TRAVERSES,10,protected,False,UP,"{""seq"": 2, ""direction"": ""a_to_z"", ""source"": ""derived"", ""method"": ""computed"", ""observed_at"": ""2026-05-15T00:00:00+00:00"", ""valid_from"": ""2026-05-15T00:00:00+00:00"", ""valid_to"": null, ""confidence"": 1.0}"
link-1381,svc:biz-04,path:biz-04-current,REALIZED_BY,10,protected,False,UP,"{""source"": ""derived"", ""method"": ""computed"", ""observed_at"": ""2026-05-15T00:00:00+00:00"", ""valid_from"": ""2026-05-15T00:00:00+00:00"", ""valid_to"": null, ""confidence"": 1.0}"
link-1382,path:biz-04-current,port:mx304-06:xe-0/1/4,TRAVERSES,10,protected,False,UP,"{""seq"": 0, ""direction"": ""a_to_z"", ""source"": ""derived"", ""method"": ""computed"", ""observed_at"": ""2026-05-15T00:00:00+00:00"", ""valid_from"": ""2026-05-15T00:00:00+00:00"", ""valid_to"": null, ""confidence"": 1.0}"
link-1383,path:biz-04-current,port:mx304-06:et-0/0/0,TRAVERSES,10,protected,False,UP,"{""seq"": 1, ""direction"": ""a_to_z"", ""source"": ""derived"", ""method"": ""computed"", ""observed_at"": ""2026-05-15T00:00:00+00:00"", ""valid_from"": ""2026-05-15T00:00:00+00:00"", ""valid_to"": null, ""confidence"": 1.0}"
link-1384,path:biz-04-current,port:mx960-gldt:et-0/0/7,TRAVERSES,10,protected,False,UP,"{""seq"": 2, ""direction"": ""a_to_z"", ""source"": ""derived"", ""method"": ""computed"", ""observed_at"": ""2026-05-15T00:00:00+00:00"", ""valid_from"": ""2026-05-15T00:00:00+00:00"", ""valid_to"": null, ""confidence"": 1.0}"
link-1385,svc:biz-05,sub:biz-05,DELIVERED_TO,10,protected,False,UP,"{""source"": ""billing"", ""method"": ""vendor_export"", ""observed_at"": ""2026-05-15T00:00:00+00:00"", ""valid_from"": ""2026-05-15T00:00:00+00:00"", ""valid_to"": null, ""confidence"": 1.0}"
link-1386,svc:biz-05,path:biz-05-intended,REALIZED_BY,10,protected,False,UP,"{""source"": ""derived"", ""method"": ""computed"", ""observed_at"": ""2026-05-15T00:00:00+00:00"", ""valid_from"": ""2026-05-15T00:00:00+00:00"", ""valid_to"": null, ""confidence"": 1.0}"
link-1387,path:biz-05-intended,port:mx304-07:xe-0/1/5,TRAVERSES,10,protected,False,UP,"{""seq"": 0, ""direction"": ""a_to_z"", ""source"": ""derived"", ""method"": ""computed"", ""observed_at"": ""2026-05-15T00:00:00+00:00"", ""valid_from"": ""2026-05-15T00:00:00+00:00"", ""valid_to"": null, ""confidence"": 1.0}"
link-1388,path:biz-05-intended,port:mx304-07:et-0/0/0,TRAVERSES,10,protected,False,UP,"{""seq"": 1, ""direction"": ""a_to_z"", ""source"": ""derived"", ""method"": ""computed"", ""observed_at"": ""2026-05-15T00:00:00+00:00"", ""valid_from"": ""2026-05-15T00:00:00+00:00"", ""valid_to"": null, ""confidence"": 1.0}"
link-1389,path:biz-05-intended,port:mx960-gldt:et-0/0/8,TRAVERSES,10,protected,False,UP,"{""seq"": 2, ""direction"": ""a_to_z"", ""source"": ""derived"", ""method"": ""computed"", ""observed_at"": ""2026-05-15T00:00:00+00:00"", ""valid_from"": ""2026-05-15T00:00:00+00:00"", ""valid_to"": null, ""confidence"": 1.0}"
link-1390,svc:biz-05,path:biz-05-current,REALIZED_BY,10,protected,False,UP,"{""source"": ""derived"", ""method"": ""computed"", ""observed_at"": ""2026-05-15T00:00:00+00:00"", ""valid_from"": ""2026-05-15T00:00:00+00:00"", ""valid_to"": null, ""confidence"": 1.0}"
link-1391,path:biz-05-current,port:mx304-07:xe-0/1/5,TRAVERSES,10,protected,False,UP,"{""seq"": 0, ""direction"": ""a_to_z"", ""source"": ""derived"", ""method"": ""computed"", ""observed_at"": ""2026-05-15T00:00:00+00:00"", ""valid_from"": ""2026-05-15T00:00:00+00:00"", ""valid_to"": null, ""confidence"": 1.0}"
link-1392,path:biz-05-current,port:mx304-07:et-0/0/0,TRAVERSES,10,protected,False,UP,"{""seq"": 1, ""direction"": ""a_to_z"", ""source"": ""derived"", ""method"": ""computed"", ""observed_at"": ""2026-05-15T00:00:00+00:00"", ""valid_from"": ""2026-05-15T00:00:00+00:00"", ""valid_to"": null, ""confidence"": 1.0}"
link-1393,path:biz-05-current,port:mx960-gldt:et-0/0/8,TRAVERSES,10,protected,False,UP,"{""seq"": 2, ""direction"": ""a_to_z"", ""source"": ""derived"", ""method"": ""computed"", ""observed_at"": ""2026-05-15T00:00:00+00:00"", ""valid_from"": ""2026-05-15T00:00:00+00:00"", ""valid_to"": null, ""confidence"": 1.0}"
link-1394,svc:biz-06,sub:biz-06,DELIVERED_TO,10,protected,False,UP,"{""source"": ""billing"", ""method"": ""vendor_export"", ""observed_at"": ""2026-05-15T00:00:00+00:00"", ""valid_from"": ""2026-05-15T00:00:00+00:00"", ""valid_to"": null, ""confidence"": 1.0}"
link-1395,svc:biz-06,path:biz-06-intended,REALIZED_BY,10,protected,False,UP,"{""source"": ""derived"", ""method"": ""computed"", ""observed_at"": ""2026-05-15T00:00:00+00:00"", ""valid_from"": ""2026-05-15T00:00:00+00:00"", ""valid_to"": null, ""confidence"": 1.0}"
link-1396,path:biz-06-intended,port:mx304-08:xe-0/1/6,TRAVERSES,10,protected,False,UP,"{""seq"": 0, ""direction"": ""a_to_z"", ""source"": ""derived"", ""method"": ""computed"", ""observed_at"": ""2026-05-15T00:00:00+00:00"", ""valid_from"": ""2026-05-15T00:00:00+00:00"", ""valid_to"": null, ""confidence"": 1.0}"
link-1397,path:biz-06-intended,port:mx304-08:et-0/0/0,TRAVERSES,10,protected,False,UP,"{""seq"": 1, ""direction"": ""a_to_z"", ""source"": ""derived"", ""method"": ""computed"", ""observed_at"": ""2026-05-15T00:00:00+00:00"", ""valid_from"": ""2026-05-15T00:00:00+00:00"", ""valid_to"": null, ""confidence"": 1.0}"
link-1398,path:biz-06-intended,port:mx960-gldt:et-0/0/9,TRAVERSES,10,protected,False,UP,"{""seq"": 2, ""direction"": ""a_to_z"", ""source"": ""derived"", ""method"": ""computed"", ""observed_at"": ""2026-05-15T00:00:00+00:00"", ""valid_from"": ""2026-05-15T00:00:00+00:00"", ""valid_to"": null, ""confidence"": 1.0}"
link-1399,svc:biz-06,path:biz-06-current,REALIZED_BY,10,protected,False,UP,"{""source"": ""derived"", ""method"": ""computed"", ""observed_at"": ""2026-05-15T00:00:00+00:00"", ""valid_from"": ""2026-05-15T00:00:00+00:00"", ""valid_to"": null, ""confidence"": 1.0}"
link-1400,path:biz-06-current,port:mx304-08:xe-0/1/6,TRAVERSES,10,protected,False,UP,"{""seq"": 0, ""direction"": ""a_to_z"", ""source"": ""derived"", ""method"": ""computed"", ""observed_at"": ""2026-05-15T00:00:00+00:00"", ""valid_from"": ""2026-05-15T00:00:00+00:00"", ""valid_to"": null, ""confidence"": 1.0}"
link-1401,path:biz-06-current,port:mx304-08:et-0/0/0,TRAVERSES,10,protected,False,UP,"{""seq"": 1, ""direction"": ""a_to_z"", ""source"": ""derived"", ""method"": ""computed"", ""observed_at"": ""2026-05-15T00:00:00+00:00"", ""valid_from"": ""2026-05-15T00:00:00+00:00"", ""valid_to"": null, ""confidence"": 1.0}"
link-1402,path:biz-06-current,port:mx960-gldt:et-0/0/9,TRAVERSES,10,protected,False,UP,"{""seq"": 2, ""direction"": ""a_to_z"", ""source"": ""derived"", ""method"": ""computed"", ""observed_at"": ""2026-05-15T00:00:00+00:00"", ""valid_from"": ""2026-05-15T00:00:00+00:00"", ""valid_to"": null, ""confidence"": 1.0}"
link-1403,svc:biz-07,sub:biz-07,DELIVERED_TO,10,protected,False,UP,"{""source"": ""billing"", ""method"": ""vendor_export"", ""observed_at"": ""2026-05-15T00:00:00+00:00"", ""valid_from"": ""2026-05-15T00:00:00+00:00"", ""valid_to"": null, ""confidence"": 1.0}"
link-1404,svc:biz-07,path:biz-07-intended,REALIZED_BY,10,protected,False,UP,"{""source"": ""derived"", ""method"": ""computed"", ""observed_at"": ""2026-05-15T00:00:00+00:00"", ""valid_from"": ""2026-05-15T00:00:00+00:00"", ""valid_to"": null, ""confidence"": 1.0}"
link-1405,path:biz-07-intended,port:mx304-09:xe-0/1/7,TRAVERSES,10,protected,False,UP,"{""seq"": 0, ""direction"": ""a_to_z"", ""source"": ""derived"", ""method"": ""computed"", ""observed_at"": ""2026-05-15T00:00:00+00:00"", ""valid_from"": ""2026-05-15T00:00:00+00:00"", ""valid_to"": null, ""confidence"": 1.0}"
link-1406,path:biz-07-intended,port:mx304-09:et-0/0/0,TRAVERSES,10,protected,False,UP,"{""seq"": 1, ""direction"": ""a_to_z"", ""source"": ""derived"", ""method"": ""computed"", ""observed_at"": ""2026-05-15T00:00:00+00:00"", ""valid_from"": ""2026-05-15T00:00:00+00:00"", ""valid_to"": null, ""confidence"": 1.0}"
link-1407,path:biz-07-intended,port:mx960-gldt:et-0/0/10,TRAVERSES,10,protected,False,UP,"{""seq"": 2, ""direction"": ""a_to_z"", ""source"": ""derived"", ""method"": ""computed"", ""observed_at"": ""2026-05-15T00:00:00+00:00"", ""valid_from"": ""2026-05-15T00:00:00+00:00"", ""valid_to"": null, ""confidence"": 1.0}"
link-1408,svc:biz-07,path:biz-07-current,REALIZED_BY,10,protected,False,UP,"{""source"": ""derived"", ""method"": ""computed"", ""observed_at"": ""2026-05-15T00:00:00+00:00"", ""valid_from"": ""2026-05-15T00:00:00+00:00"", ""valid_to"": null, ""confidence"": 1.0}"
link-1409,path:biz-07-current,port:mx304-09:xe-0/1/7,TRAVERSES,10,protected,False,UP,"{""seq"": 0, ""direction"": ""a_to_z"", ""source"": ""derived"", ""method"": ""computed"", ""observed_at"": ""2026-05-15T00:00:00+00:00"", ""valid_from"": ""2026-05-15T00:00:00+00:00"", ""valid_to"": null, ""confidence"": 1.0}"
link-1410,path:biz-07-current,port:mx304-09:et-0/0/0,TRAVERSES,10,protected,False,UP,"{""seq"": 1, ""direction"": ""a_to_z"", ""source"": ""derived"", ""method"": ""computed"", ""observed_at"": ""2026-05-15T00:00:00+00:00"", ""valid_from"": ""2026-05-15T00:00:00+00:00"", ""valid_to"": null, ""confidence"": 1.0}"
link-1411,path:biz-07-current,port:mx960-gldt:et-0/0/10,TRAVERSES,10,protected,False,UP,"{""seq"": 2, ""direction"": ""a_to_z"", ""source"": ""derived"", ""method"": ""computed"", ""observed_at"": ""2026-05-15T00:00:00+00:00"", ""valid_from"": ""2026-05-15T00:00:00+00:00"", ""valid_to"": null, ""confidence"": 1.0}"
link-1412,svc:res-00,sub:olt-xg01-0-00,DELIVERED_TO,10,protected,False,UP,"{""source"": ""billing"", ""method"": ""vendor_export"", ""observed_at"": ""2026-05-15T00:00:00+00:00"", ""valid_from"": ""2026-05-15T00:00:00+00:00"", ""valid_to"": null, ""confidence"": 1.0}"
link-1413,svc:res-00,path:res-00-intended,REALIZED_BY,10,protected,False,UP,"{""source"": ""derived"", ""method"": ""computed"", ""observed_at"": ""2026-05-15T00:00:00+00:00"", ""valid_from"": ""2026-05-15T00:00:00+00:00"", ""valid_to"": null, ""confidence"": 1.0}"
link-1414,path:res-00-intended,port:olt-xg01:x1/0,TRAVERSES,10,protected,False,UP,"{""seq"": 0, ""direction"": ""a_to_z"", ""source"": ""derived"", ""method"": ""computed"", ""observed_at"": ""2026-05-15T00:00:00+00:00"", ""valid_from"": ""2026-05-15T00:00:00+00:00"", ""valid_to"": null, ""confidence"": 1.0}"
link-1415,path:res-00-intended,port:mx960-gldt:et-0/0/0,TRAVERSES,10,protected,False,UP,"{""seq"": 1, ""direction"": ""a_to_z"", ""source"": ""derived"", ""method"": ""computed"", ""observed_at"": ""2026-05-15T00:00:00+00:00"", ""valid_from"": ""2026-05-15T00:00:00+00:00"", ""valid_to"": null, ""confidence"": 1.0}"
link-1416,svc:res-00,path:res-00-current,REALIZED_BY,10,protected,False,UP,"{""source"": ""derived"", ""method"": ""computed"", ""observed_at"": ""2026-05-15T00:00:00+00:00"", ""valid_from"": ""2026-05-15T00:00:00+00:00"", ""valid_to"": null, ""confidence"": 1.0}"
link-1417,path:res-00-current,port:olt-xg01:x1/0,TRAVERSES,10,protected,False,UP,"{""seq"": 0, ""direction"": ""a_to_z"", ""source"": ""derived"", ""method"": ""computed"", ""observed_at"": ""2026-05-15T00:00:00+00:00"", ""valid_from"": ""2026-05-15T00:00:00+00:00"", ""valid_to"": null, ""confidence"": 1.0}"
link-1418,path:res-00-current,port:mx960-gldt:et-0/0/0,TRAVERSES,10,protected,False,UP,"{""seq"": 1, ""direction"": ""a_to_z"", ""source"": ""derived"", ""method"": ""computed"", ""observed_at"": ""2026-05-15T00:00:00+00:00"", ""valid_from"": ""2026-05-15T00:00:00+00:00"", ""valid_to"": null, ""confidence"": 1.0}"
link-1419,svc:res-01,sub:olt-xg01-0-01,DELIVERED_TO,10,protected,False,UP,"{""source"": ""billing"", ""method"": ""vendor_export"", ""observed_at"": ""2026-05-15T00:00:00+00:00"", ""valid_from"": ""2026-05-15T00:00:00+00:00"", ""valid_to"": null, ""confidence"": 1.0}"
link-1420,svc:res-01,path:res-01-intended,REALIZED_BY,10,protected,False,UP,"{""source"": ""derived"", ""method"": ""computed"", ""observed_at"": ""2026-05-15T00:00:00+00:00"", ""valid_from"": ""2026-05-15T00:00:00+00:00"", ""valid_to"": null, ""confidence"": 1.0}"
link-1421,path:res-01-intended,port:olt-xg01:x1/0,TRAVERSES,10,protected,False,UP,"{""seq"": 0, ""direction"": ""a_to_z"", ""source"": ""derived"", ""method"": ""computed"", ""observed_at"": ""2026-05-15T00:00:00+00:00"", ""valid_from"": ""2026-05-15T00:00:00+00:00"", ""valid_to"": null, ""confidence"": 1.0}"
link-1422,path:res-01-intended,port:mx960-gldt:et-0/0/1,TRAVERSES,10,protected,False,UP,"{""seq"": 1, ""direction"": ""a_to_z"", ""source"": ""derived"", ""method"": ""computed"", ""observed_at"": ""2026-05-15T00:00:00+00:00"", ""valid_from"": ""2026-05-15T00:00:00+00:00"", ""valid_to"": null, ""confidence"": 1.0}"
link-1423,svc:res-01,path:res-01-current,REALIZED_BY,10,protected,False,UP,"{""source"": ""derived"", ""method"": ""computed"", ""observed_at"": ""2026-05-15T00:00:00+00:00"", ""valid_from"": ""2026-05-15T00:00:00+00:00"", ""valid_to"": null, ""confidence"": 1.0}"
link-1424,path:res-01-current,port:olt-xg01:x1/0,TRAVERSES,10,protected,False,UP,"{""seq"": 0, ""direction"": ""a_to_z"", ""source"": ""derived"", ""method"": ""computed"", ""observed_at"": ""2026-05-15T00:00:00+00:00"", ""valid_from"": ""2026-05-15T00:00:00+00:00"", ""valid_to"": null, ""confidence"": 1.0}"
link-1425,path:res-01-current,port:mx960-gldt:et-0/0/1,TRAVERSES,10,protected,False,UP,"{""seq"": 1, ""direction"": ""a_to_z"", ""source"": ""derived"", ""method"": ""computed"", ""observed_at"": ""2026-05-15T00:00:00+00:00"", ""valid_from"": ""2026-05-15T00:00:00+00:00"", ""valid_to"": null, ""confidence"": 1.0}"
link-1426,svc:res-02,sub:olt-xg01-0-02,DELIVERED_TO,10,protected,False,UP,"{""source"": ""billing"", ""method"": ""vendor_export"", ""observed_at"": ""2026-05-15T00:00:00+00:00"", ""valid_from"": ""2026-05-15T00:00:00+00:00"", ""valid_to"": null, ""confidence"": 1.0}"
link-1427,svc:res-02,path:res-02-intended,REALIZED_BY,10,protected,False,UP,"{""source"": ""derived"", ""method"": ""computed"", ""observed_at"": ""2026-05-15T00:00:00+00:00"", ""valid_from"": ""2026-05-15T00:00:00+00:00"", ""valid_to"": null, ""confidence"": 1.0}"
link-1428,path:res-02-intended,port:olt-xg01:x1/0,TRAVERSES,10,protected,False,UP,"{""seq"": 0, ""direction"": ""a_to_z"", ""source"": ""derived"", ""method"": ""computed"", ""observed_at"": ""2026-05-15T00:00:00+00:00"", ""valid_from"": ""2026-05-15T00:00:00+00:00"", ""valid_to"": null, ""confidence"": 1.0}"
link-1429,path:res-02-intended,port:mx960-gldt:et-0/0/2,TRAVERSES,10,protected,False,UP,"{""seq"": 1, ""direction"": ""a_to_z"", ""source"": ""derived"", ""method"": ""computed"", ""observed_at"": ""2026-05-15T00:00:00+00:00"", ""valid_from"": ""2026-05-15T00:00:00+00:00"", ""valid_to"": null, ""confidence"": 1.0}"
link-1430,svc:res-02,path:res-02-current,REALIZED_BY,10,protected,False,UP,"{""source"": ""derived"", ""method"": ""computed"", ""observed_at"": ""2026-05-15T00:00:00+00:00"", ""valid_from"": ""2026-05-15T00:00:00+00:00"", ""valid_to"": null, ""confidence"": 1.0}"
link-1431,path:res-02-current,port:olt-xg01:x1/0,TRAVERSES,10,protected,False,UP,"{""seq"": 0, ""direction"": ""a_to_z"", ""source"": ""derived"", ""method"": ""computed"", ""observed_at"": ""2026-05-15T00:00:00+00:00"", ""valid_from"": ""2026-05-15T00:00:00+00:00"", ""valid_to"": null, ""confidence"": 1.0}"
link-1432,path:res-02-current,port:mx960-gldt:et-0/0/2,TRAVERSES,10,protected,False,UP,"{""seq"": 1, ""direction"": ""a_to_z"", ""source"": ""derived"", ""method"": ""computed"", ""observed_at"": ""2026-05-15T00:00:00+00:00"", ""valid_from"": ""2026-05-15T00:00:00+00:00"", ""valid_to"": null, ""confidence"": 1.0}"
link-1433,svc:res-03,sub:olt-xg01-0-03,DELIVERED_TO,10,protected,False,UP,"{""source"": ""billing"", ""method"": ""vendor_export"", ""observed_at"": ""2026-05-15T00:00:00+00:00"", ""valid_from"": ""2026-05-15T00:00:00+00:00"", ""valid_to"": null, ""confidence"": 1.0}"
link-1434,svc:res-03,path:res-03-intended,REALIZED_BY,10,protected,False,UP,"{""source"": ""derived"", ""method"": ""computed"", ""observed_at"": ""2026-05-15T00:00:00+00:00"", ""valid_from"": ""2026-05-15T00:00:00+00:00"", ""valid_to"": null, ""confidence"": 1.0}"
link-1435,path:res-03-intended,port:olt-xg01:x1/0,TRAVERSES,10,protected,False,UP,"{""seq"": 0, ""direction"": ""a_to_z"", ""source"": ""derived"", ""method"": ""computed"", ""observed_at"": ""2026-05-15T00:00:00+00:00"", ""valid_from"": ""2026-05-15T00:00:00+00:00"", ""valid_to"": null, ""confidence"": 1.0}"
link-1436,path:res-03-intended,port:mx960-gldt:et-0/0/3,TRAVERSES,10,protected,False,UP,"{""seq"": 1, ""direction"": ""a_to_z"", ""source"": ""derived"", ""method"": ""computed"", ""observed_at"": ""2026-05-15T00:00:00+00:00"", ""valid_from"": ""2026-05-15T00:00:00+00:00"", ""valid_to"": null, ""confidence"": 1.0}"
link-1437,svc:res-03,path:res-03-current,REALIZED_BY,10,protected,False,UP,"{""source"": ""derived"", ""method"": ""computed"", ""observed_at"": ""2026-05-15T00:00:00+00:00"", ""valid_from"": ""2026-05-15T00:00:00+00:00"", ""valid_to"": null, ""confidence"": 1.0}"
link-1438,path:res-03-current,port:olt-xg01:x1/0,TRAVERSES,10,protected,False,UP,"{""seq"": 0, ""direction"": ""a_to_z"", ""source"": ""derived"", ""method"": ""computed"", ""observed_at"": ""2026-05-15T00:00:00+00:00"", ""valid_from"": ""2026-05-15T00:00:00+00:00"", ""valid_to"": null, ""confidence"": 1.0}"
link-1439,path:res-03-current,port:mx960-gldt:et-0/0/3,TRAVERSES,10,protected,False,UP,"{""seq"": 1, ""direction"": ""a_to_z"", ""source"": ""derived"", ""method"": ""computed"", ""observed_at"": ""2026-05-15T00:00:00+00:00"", ""valid_from"": ""2026-05-15T00:00:00+00:00"", ""valid_to"": null, ""confidence"": 1.0}"
link-1440,svc:res-04,sub:olt-xg01-0-04,DELIVERED_TO,10,protected,False,UP,"{""source"": ""billing"", ""method"": ""vendor_export"", ""observed_at"": ""2026-05-15T00:00:00+00:00"", ""valid_from"": ""2026-05-15T00:00:00+00:00"", ""valid_to"": null, ""confidence"": 1.0}"
link-1441,svc:res-04,path:res-04-intended,REALIZED_BY,10,protected,False,UP,"{""source"": ""derived"", ""method"": ""computed"", ""observed_at"": ""2026-05-15T00:00:00+00:00"", ""valid_from"": ""2026-05-15T00:00:00+00:00"", ""valid_to"": null, ""confidence"": 1.0}"
link-1442,path:res-04-intended,port:olt-xg01:x1/0,TRAVERSES,10,protected,False,UP,"{""seq"": 0, ""direction"": ""a_to_z"", ""source"": ""derived"", ""method"": ""computed"", ""observed_at"": ""2026-05-15T00:00:00+00:00"", ""valid_from"": ""2026-05-15T00:00:00+00:00"", ""valid_to"": null, ""confidence"": 1.0}"
link-1443,path:res-04-intended,port:mx960-gldt:et-0/0/4,TRAVERSES,10,protected,False,UP,"{""seq"": 1, ""direction"": ""a_to_z"", ""source"": ""derived"", ""method"": ""computed"", ""observed_at"": ""2026-05-15T00:00:00+00:00"", ""valid_from"": ""2026-05-15T00:00:00+00:00"", ""valid_to"": null, ""confidence"": 1.0}"
link-1444,svc:res-04,path:res-04-current,REALIZED_BY,10,protected,False,UP,"{""source"": ""derived"", ""method"": ""computed"", ""observed_at"": ""2026-05-15T00:00:00+00:00"", ""valid_from"": ""2026-05-15T00:00:00+00:00"", ""valid_to"": null, ""confidence"": 1.0}"
link-1445,path:res-04-current,port:olt-xg01:x1/0,TRAVERSES,10,protected,False,UP,"{""seq"": 0, ""direction"": ""a_to_z"", ""source"": ""derived"", ""method"": ""computed"", ""observed_at"": ""2026-05-15T00:00:00+00:00"", ""valid_from"": ""2026-05-15T00:00:00+00:00"", ""valid_to"": null, ""confidence"": 1.0}"
link-1446,path:res-04-current,port:mx960-gldt:et-0/0/4,TRAVERSES,10,protected,False,UP,"{""seq"": 1, ""direction"": ""a_to_z"", ""source"": ""derived"", ""method"": ""computed"", ""observed_at"": ""2026-05-15T00:00:00+00:00"", ""valid_from"": ""2026-05-15T00:00:00+00:00"", ""valid_to"": null, ""confidence"": 1.0}"
link-1447,svc:res-05,sub:olt-xg01-0-05,DELIVERED_TO,10,protected,False,UP,"{""source"": ""billing"", ""method"": ""vendor_export"", ""observed_at"": ""2026-05-15T00:00:00+00:00"", ""valid_from"": ""2026-05-15T00:00:00+00:00"", ""valid_to"": null, ""confidence"": 1.0}"
link-1448,svc:res-05,path:res-05-intended,REALIZED_BY,10,protected,False,UP,"{""source"": ""derived"", ""method"": ""computed"", ""observed_at"": ""2026-05-15T00:00:00+00:00"", ""valid_from"": ""2026-05-15T00:00:00+00:00"", ""valid_to"": null, ""confidence"": 1.0}"
link-1449,path:res-05-intended,port:olt-xg01:x1/0,TRAVERSES,10,protected,False,UP,"{""seq"": 0, ""direction"": ""a_to_z"", ""source"": ""derived"", ""method"": ""computed"", ""observed_at"": ""2026-05-15T00:00:00+00:00"", ""valid_from"": ""2026-05-15T00:00:00+00:00"", ""valid_to"": null, ""confidence"": 1.0}"
link-1450,path:res-05-intended,port:mx960-gldt:et-0/0/5,TRAVERSES,10,protected,False,UP,"{""seq"": 1, ""direction"": ""a_to_z"", ""source"": ""derived"", ""method"": ""computed"", ""observed_at"": ""2026-05-15T00:00:00+00:00"", ""valid_from"": ""2026-05-15T00:00:00+00:00"", ""valid_to"": null, ""confidence"": 1.0}"
link-1451,svc:res-05,path:res-05-current,REALIZED_BY,10,protected,False,UP,"{""source"": ""derived"", ""method"": ""computed"", ""observed_at"": ""2026-05-15T00:00:00+00:00"", ""valid_from"": ""2026-05-15T00:00:00+00:00"", ""valid_to"": null, ""confidence"": 1.0}"
link-1452,path:res-05-current,port:olt-xg01:x1/0,TRAVERSES,10,protected,False,UP,"{""seq"": 0, ""direction"": ""a_to_z"", ""source"": ""derived"", ""method"": ""computed"", ""observed_at"": ""2026-05-15T00:00:00+00:00"", ""valid_from"": ""2026-05-15T00:00:00+00:00"", ""valid_to"": null, ""confidence"": 1.0}"
link-1453,path:res-05-current,port:mx960-gldt:et-0/0/5,TRAVERSES,10,protected,False,UP,"{""seq"": 1, ""direction"": ""a_to_z"", ""source"": ""derived"", ""method"": ""computed"", ""observed_at"": ""2026-05-15T00:00:00+00:00"", ""valid_from"": ""2026-05-15T00:00:00+00:00"", ""valid_to"": null, ""confidence"": 1.0}"
link-1454,svc:res-06,sub:olt-xg01-0-06,DELIVERED_TO,10,protected,False,UP,"{""source"": ""billing"", ""method"": ""vendor_export"", ""observed_at"": ""2026-05-15T00:00:00+00:00"", ""valid_from"": ""2026-05-15T00:00:00+00:00"", ""valid_to"": null, ""confidence"": 1.0}"
link-1455,svc:res-06,path:res-06-intended,REALIZED_BY,10,protected,False,UP,"{""source"": ""derived"", ""method"": ""computed"", ""observed_at"": ""2026-05-15T00:00:00+00:00"", ""valid_from"": ""2026-05-15T00:00:00+00:00"", ""valid_to"": null, ""confidence"": 1.0}"
link-1456,path:res-06-intended,port:olt-xg01:x1/0,TRAVERSES,10,protected,False,UP,"{""seq"": 0, ""direction"": ""a_to_z"", ""source"": ""derived"", ""method"": ""computed"", ""observed_at"": ""2026-05-15T00:00:00+00:00"", ""valid_from"": ""2026-05-15T00:00:00+00:00"", ""valid_to"": null, ""confidence"": 1.0}"
link-1457,path:res-06-intended,port:mx960-gldt:et-0/0/6,TRAVERSES,10,protected,False,UP,"{""seq"": 1, ""direction"": ""a_to_z"", ""source"": ""derived"", ""method"": ""computed"", ""observed_at"": ""2026-05-15T00:00:00+00:00"", ""valid_from"": ""2026-05-15T00:00:00+00:00"", ""valid_to"": null, ""confidence"": 1.0}"
link-1458,svc:res-06,path:res-06-current,REALIZED_BY,10,protected,False,UP,"{""source"": ""derived"", ""method"": ""computed"", ""observed_at"": ""2026-05-15T00:00:00+00:00"", ""valid_from"": ""2026-05-15T00:00:00+00:00"", ""valid_to"": null, ""confidence"": 1.0}"
link-1459,path:res-06-current,port:olt-xg01:x1/0,TRAVERSES,10,protected,False,UP,"{""seq"": 0, ""direction"": ""a_to_z"", ""source"": ""derived"", ""method"": ""computed"", ""observed_at"": ""2026-05-15T00:00:00+00:00"", ""valid_from"": ""2026-05-15T00:00:00+00:00"", ""valid_to"": null, ""confidence"": 1.0}"
link-1460,path:res-06-current,port:mx960-gldt:et-0/0/6,TRAVERSES,10,protected,False,UP,"{""seq"": 1, ""direction"": ""a_to_z"", ""source"": ""derived"", ""method"": ""computed"", ""observed_at"": ""2026-05-15T00:00:00+00:00"", ""valid_from"": ""2026-05-15T00:00:00+00:00"", ""valid_to"": null, ""confidence"": 1.0}"
link-1461,svc:res-07,sub:olt-xg01-0-07,DELIVERED_TO,10,protected,False,UP,"{""source"": ""billing"", ""method"": ""vendor_export"", ""observed_at"": ""2026-05-15T00:00:00+00:00"", ""valid_from"": ""2026-05-15T00:00:00+00:00"", ""valid_to"": null, ""confidence"": 1.0}"
link-1462,svc:res-07,path:res-07-intended,REALIZED_BY,10,protected,False,UP,"{""source"": ""derived"", ""method"": ""computed"", ""observed_at"": ""2026-05-15T00:00:00+00:00"", ""valid_from"": ""2026-05-15T00:00:00+00:00"", ""valid_to"": null, ""confidence"": 1.0}"
link-1463,path:res-07-intended,port:olt-xg01:x1/0,TRAVERSES,10,protected,False,UP,"{""seq"": 0, ""direction"": ""a_to_z"", ""source"": ""derived"", ""method"": ""computed"", ""observed_at"": ""2026-05-15T00:00:00+00:00"", ""valid_from"": ""2026-05-15T00:00:00+00:00"", ""valid_to"": null, ""confidence"": 1.0}"
link-1464,path:res-07-intended,port:mx960-gldt:et-0/0/7,TRAVERSES,10,protected,False,UP,"{""seq"": 1, ""direction"": ""a_to_z"", ""source"": ""derived"", ""method"": ""computed"", ""observed_at"": ""2026-05-15T00:00:00+00:00"", ""valid_from"": ""2026-05-15T00:00:00+00:00"", ""valid_to"": null, ""confidence"": 1.0}"
link-1465,svc:res-07,path:res-07-current,REALIZED_BY,10,protected,False,UP,"{""source"": ""derived"", ""method"": ""computed"", ""observed_at"": ""2026-05-15T00:00:00+00:00"", ""valid_from"": ""2026-05-15T00:00:00+00:00"", ""valid_to"": null, ""confidence"": 1.0}"
link-1466,path:res-07-current,port:olt-xg01:x1/0,TRAVERSES,10,protected,False,UP,"{""seq"": 0, ""direction"": ""a_to_z"", ""source"": ""derived"", ""method"": ""computed"", ""observed_at"": ""2026-05-15T00:00:00+00:00"", ""valid_from"": ""2026-05-15T00:00:00+00:00"", ""valid_to"": null, ""confidence"": 1.0}"
link-1467,path:res-07-current,port:mx960-gldt:et-0/0/7,TRAVERSES,10,protected,False,UP,"{""seq"": 1, ""direction"": ""a_to_z"", ""source"": ""derived"", ""method"": ""computed"", ""observed_at"": ""2026-05-15T00:00:00+00:00"", ""valid_from"": ""2026-05-15T00:00:00+00:00"", ""valid_to"": null, ""confidence"": 1.0}"
link-1468,svc:res-08,sub:olt-xg01-0-08,DELIVERED_TO,10,protected,False,UP,"{""source"": ""billing"", ""method"": ""vendor_export"", ""observed_at"": ""2026-05-15T00:00:00+00:00"", ""valid_from"": ""2026-05-15T00:00:00+00:00"", ""valid_to"": null, ""confidence"": 1.0}"
link-1469,svc:res-08,path:res-08-intended,REALIZED_BY,10,protected,False,UP,"{""source"": ""derived"", ""method"": ""computed"", ""observed_at"": ""2026-05-15T00:00:00+00:00"", ""valid_from"": ""2026-05-15T00:00:00+00:00"", ""valid_to"": null, ""confidence"": 1.0}"
link-1470,path:res-08-intended,port:olt-xg01:x1/0,TRAVERSES,10,protected,False,UP,"{""seq"": 0, ""direction"": ""a_to_z"", ""source"": ""derived"", ""method"": ""computed"", ""observed_at"": ""2026-05-15T00:00:00+00:00"", ""valid_from"": ""2026-05-15T00:00:00+00:00"", ""valid_to"": null, ""confidence"": 1.0}"
link-1471,path:res-08-intended,port:mx960-gldt:et-0/0/8,TRAVERSES,10,protected,False,UP,"{""seq"": 1, ""direction"": ""a_to_z"", ""source"": ""derived"", ""method"": ""computed"", ""observed_at"": ""2026-05-15T00:00:00+00:00"", ""valid_from"": ""2026-05-15T00:00:00+00:00"", ""valid_to"": null, ""confidence"": 1.0}"
link-1472,svc:res-08,path:res-08-current,REALIZED_BY,10,protected,False,UP,"{""source"": ""derived"", ""method"": ""computed"", ""observed_at"": ""2026-05-15T00:00:00+00:00"", ""valid_from"": ""2026-05-15T00:00:00+00:00"", ""valid_to"": null, ""confidence"": 1.0}"
link-1473,path:res-08-current,port:olt-xg01:x1/0,TRAVERSES,10,protected,False,UP,"{""seq"": 0, ""direction"": ""a_to_z"", ""source"": ""derived"", ""method"": ""computed"", ""observed_at"": ""2026-05-15T00:00:00+00:00"", ""valid_from"": ""2026-05-15T00:00:00+00:00"", ""valid_to"": null, ""confidence"": 1.0}"
link-1474,path:res-08-current,port:mx960-gldt:et-0/0/8,TRAVERSES,10,protected,False,UP,"{""seq"": 1, ""direction"": ""a_to_z"", ""source"": ""derived"", ""method"": ""computed"", ""observed_at"": ""2026-05-15T00:00:00+00:00"", ""valid_from"": ""2026-05-15T00:00:00+00:00"", ""valid_to"": null, ""confidence"": 1.0}"
link-1475,svc:res-09,sub:olt-xg01-0-09,DELIVERED_TO,10,protected,False,UP,"{""source"": ""billing"", ""method"": ""vendor_export"", ""observed_at"": ""2026-05-15T00:00:00+00:00"", ""valid_from"": ""2026-05-15T00:00:00+00:00"", ""valid_to"": null, ""confidence"": 1.0}"
link-1476,svc:res-09,path:res-09-intended,REALIZED_BY,10,protected,False,UP,"{""source"": ""derived"", ""method"": ""computed"", ""observed_at"": ""2026-05-15T00:00:00+00:00"", ""valid_from"": ""2026-05-15T00:00:00+00:00"", ""valid_to"": null, ""confidence"": 1.0}"
link-1477,path:res-09-intended,port:olt-xg01:x1/0,TRAVERSES,10,protected,False,UP,"{""seq"": 0, ""direction"": ""a_to_z"", ""source"": ""derived"", ""method"": ""computed"", ""observed_at"": ""2026-05-15T00:00:00+00:00"", ""valid_from"": ""2026-05-15T00:00:00+00:00"", ""valid_to"": null, ""confidence"": 1.0}"
link-1478,path:res-09-intended,port:mx960-gldt:et-0/0/9,TRAVERSES,10,protected,False,UP,"{""seq"": 1, ""direction"": ""a_to_z"", ""source"": ""derived"", ""method"": ""computed"", ""observed_at"": ""2026-05-15T00:00:00+00:00"", ""valid_from"": ""2026-05-15T00:00:00+00:00"", ""valid_to"": null, ""confidence"": 1.0}"
link-1479,svc:res-09,path:res-09-current,REALIZED_BY,10,protected,False,UP,"{""source"": ""derived"", ""method"": ""computed"", ""observed_at"": ""2026-05-15T00:00:00+00:00"", ""valid_from"": ""2026-05-15T00:00:00+00:00"", ""valid_to"": null, ""confidence"": 1.0}"
link-1480,path:res-09-current,port:olt-xg01:x1/0,TRAVERSES,10,protected,False,UP,"{""seq"": 0, ""direction"": ""a_to_z"", ""source"": ""derived"", ""method"": ""computed"", ""observed_at"": ""2026-05-15T00:00:00+00:00"", ""valid_from"": ""2026-05-15T00:00:00+00:00"", ""valid_to"": null, ""confidence"": 1.0}"
link-1481,path:res-09-current,port:mx960-gldt:et-0/0/9,TRAVERSES,10,protected,False,UP,"{""seq"": 1, ""direction"": ""a_to_z"", ""source"": ""derived"", ""method"": ""computed"", ""observed_at"": ""2026-05-15T00:00:00+00:00"", ""valid_from"": ""2026-05-15T00:00:00+00:00"", ""valid_to"": null, ""confidence"": 1.0}"
link-1482,alm:uplink-fec,port:olt-xg01:x1/0,RAISED_BY,10,protected,False,UP,"{""source"": ""nms"", ""method"": ""snmp_trap"", ""observed_at"": ""2026-05-15T00:00:00+00:00"", ""valid_from"": ""2026-05-15T00:00:00+00:00"", ""valid_to"": null, ""confidence"": 1.0}"
link-1483,alm:olt-xg01-0-00,ont:olt-xg01-0-00,RAISED_BY,10,protected,False,UP,"{""source"": ""nms"", ""method"": ""snmp_trap"", ""observed_at"": ""2026-05-15T00:00:00+00:00"", ""valid_from"": ""2026-05-15T00:00:00+00:00"", ""valid_to"": null, ""confidence"": 1.0}"
link-1484,alm:olt-xg01-0-01,ont:olt-xg01-0-01,RAISED_BY,10,protected,False,UP,"{""source"": ""nms"", ""method"": ""snmp_trap"", ""observed_at"": ""2026-05-15T00:00:00+00:00"", ""valid_from"": ""2026-05-15T00:00:00+00:00"", ""valid_to"": null, ""confidence"": 1.0}"
link-1485,alm:olt-xg01-0-02,ont:olt-xg01-0-02,RAISED_BY,10,protected,False,UP,"{""source"": ""nms"", ""method"": ""snmp_trap"", ""observed_at"": ""2026-05-15T00:00:00+00:00"", ""valid_from"": ""2026-05-15T00:00:00+00:00"", ""valid_to"": null, ""confidence"": 1.0}"
link-1486,alm:olt-xg01-0-03,ont:olt-xg01-0-03,RAISED_BY,10,protected,False,UP,"{""source"": ""nms"", ""method"": ""snmp_trap"", ""observed_at"": ""2026-05-15T00:00:00+00:00"", ""valid_from"": ""2026-05-15T00:00:00+00:00"", ""valid_to"": null, ""confidence"": 1.0}"
link-1487,alm:olt-xg01-0-04,ont:olt-xg01-0-04,RAISED_BY,10,protected,False,UP,"{""source"": ""nms"", ""method"": ""snmp_trap"", ""observed_at"": ""2026-05-15T00:00:00+00:00"", ""valid_from"": ""2026-05-15T00:00:00+00:00"", ""valid_to"": null, ""confidence"": 1.0}"
link-1488,alm:olt-xg01-0-05,ont:olt-xg01-0-05,RAISED_BY,10,protected,False,UP,"{""source"": ""nms"", ""method"": ""snmp_trap"", ""observed_at"": ""2026-05-15T00:00:00+00:00"", ""valid_from"": ""2026-05-15T00:00:00+00:00"", ""valid_to"": null, ""confidence"": 1.0}"
link-1489,alm:olt-xg01-0-06,ont:olt-xg01-0-06,RAISED_BY,10,protected,False,UP,"{""source"": ""nms"", ""method"": ""snmp_trap"", ""observed_at"": ""2026-05-15T00:00:00+00:00"", ""valid_from"": ""2026-05-15T00:00:00+00:00"", ""valid_to"": null, ""confidence"": 1.0}"
link-1490,alm:olt-xg01-0-07,ont:olt-xg01-0-07,RAISED_BY,10,protected,False,UP,"{""source"": ""nms"", ""method"": ""snmp_trap"", ""observed_at"": ""2026-05-15T00:00:00+00:00"", ""valid_from"": ""2026-05-15T00:00:00+00:00"", ""valid_to"": null, ""confidence"": 1.0}"
link-1491,alm:olt-xg01-0-08,ont:olt-xg01-0-08,RAISED_BY,10,protected,False,UP,"{""source"": ""nms"", ""method"": ""snmp_trap"", ""observed_at"": ""2026-05-15T00:00:00+00:00"", ""valid_from"": ""2026-05-15T00:00:00+00:00"", ""valid_to"": null, ""confidence"": 1.0}"
link-1492,alm:olt-xg01-0-09,ont:olt-xg01-0-09,RAISED_BY,10,protected,False,UP,"{""source"": ""nms"", ""method"": ""snmp_trap"", ""observed_at"": ""2026-05-15T00:00:00+00:00"", ""valid_from"": ""2026-05-15T00:00:00+00:00"", ""valid_to"": null, ""confidence"": 1.0}"
link-1493,alm:olt-xg01-0-10,ont:olt-xg01-0-10,RAISED_BY,10,protected,False,UP,"{""source"": ""nms"", ""method"": ""snmp_trap"", ""observed_at"": ""2026-05-15T00:00:00+00:00"", ""valid_from"": ""2026-05-15T00:00:00+00:00"", ""valid_to"": null, ""confidence"": 1.0}"
link-1494,alm:olt-xg01-0-11,ont:olt-xg01-0-11,RAISED_BY,10,protected,False,UP,"{""source"": ""nms"", ""method"": ""snmp_trap"", ""observed_at"": ""2026-05-15T00:00:00+00:00"", ""valid_from"": ""2026-05-15T00:00:00+00:00"", ""valid_to"": null, ""confidence"": 1.0}"
link-1495,alm:olt-xg01-0-12,ont:olt-xg01-0-12,RAISED_BY,10,protected,False,UP,"{""source"": ""nms"", ""method"": ""snmp_trap"", ""observed_at"": ""2026-05-15T00:00:00+00:00"", ""valid_from"": ""2026-05-15T00:00:00+00:00"", ""valid_to"": null, ""confidence"": 1.0}"
link-1496,alm:olt-xg01-0-13,ont:olt-xg01-0-13,RAISED_BY,10,protected,False,UP,"{""source"": ""nms"", ""method"": ""snmp_trap"", ""observed_at"": ""2026-05-15T00:00:00+00:00"", ""valid_from"": ""2026-05-15T00:00:00+00:00"", ""valid_to"": null, ""confidence"": 1.0}"
link-1497,alm:olt-xg01-0-14,ont:olt-xg01-0-14,RAISED_BY,10,protected,False,UP,"{""source"": ""nms"", ""method"": ""snmp_trap"", ""observed_at"": ""2026-05-15T00:00:00+00:00"", ""valid_from"": ""2026-05-15T00:00:00+00:00"", ""valid_to"": null, ""confidence"": 1.0}"
link-1498,alm:olt-xg01-0-15,ont:olt-xg01-0-15,RAISED_BY,10,protected,False,UP,"{""source"": ""nms"", ""method"": ""snmp_trap"", ""observed_at"": ""2026-05-15T00:00:00+00:00"", ""valid_from"": ""2026-05-15T00:00:00+00:00"", ""valid_to"": null, ""confidence"": 1.0}"
link-1499,alm:olt-xg01-0-16,ont:olt-xg01-0-16,RAISED_BY,10,protected,False,UP,"{""source"": ""nms"", ""method"": ""snmp_trap"", ""observed_at"": ""2026-05-15T00:00:00+00:00"", ""valid_from"": ""2026-05-15T00:00:00+00:00"", ""valid_to"": null, ""confidence"": 1.0}"
link-1500,alm:olt-xg01-0-17,ont:olt-xg01-0-17,RAISED_BY,10,protected,False,UP,"{""source"": ""nms"", ""method"": ""snmp_trap"", ""observed_at"": ""2026-05-15T00:00:00+00:00"", ""valid_from"": ""2026-05-15T00:00:00+00:00"", ""valid_to"": null, ""confidence"": 1.0}"
link-1501,alm:olt-xg01-0-18,ont:olt-xg01-0-18,RAISED_BY,10,protected,False,UP,"{""source"": ""nms"", ""method"": ""snmp_trap"", ""observed_at"": ""2026-05-15T00:00:00+00:00"", ""valid_from"": ""2026-05-15T00:00:00+00:00"", ""valid_to"": null, ""confidence"": 1.0}"
link-1502,alm:olt-xg01-0-19,ont:olt-xg01-0-19,RAISED_BY,10,protected,False,UP,"{""source"": ""nms"", ""method"": ""snmp_trap"", ""observed_at"": ""2026-05-15T00:00:00+00:00"", ""valid_from"": ""2026-05-15T00:00:00+00:00"", ""valid_to"": null, ""confidence"": 1.0}"
link-1503,alm:olt-xg01-0-20,ont:olt-xg01-0-20,RAISED_BY,10,protected,False,UP,"{""source"": ""nms"", ""method"": ""snmp_trap"", ""observed_at"": ""2026-05-15T00:00:00+00:00"", ""valid_from"": ""2026-05-15T00:00:00+00:00"", ""valid_to"": null, ""confidence"": 1.0}"
link-1504,alm:olt-xg01-0-21,ont:olt-xg01-0-21,RAISED_BY,10,protected,False,UP,"{""source"": ""nms"", ""method"": ""snmp_trap"", ""observed_at"": ""2026-05-15T00:00:00+00:00"", ""valid_from"": ""2026-05-15T00:00:00+00:00"", ""valid_to"": null, ""confidence"": 1.0}"
link-1505,alm:olt-xg01-0-22,ont:olt-xg01-0-22,RAISED_BY,10,protected,False,UP,"{""source"": ""nms"", ""method"": ""snmp_trap"", ""observed_at"": ""2026-05-15T00:00:00+00:00"", ""valid_from"": ""2026-05-15T00:00:00+00:00"", ""valid_to"": null, ""confidence"": 1.0}"
link-1506,alm:olt-xg01-0-23,ont:olt-xg01-0-23,RAISED_BY,10,protected,False,UP,"{""source"": ""nms"", ""method"": ""snmp_trap"", ""observed_at"": ""2026-05-15T00:00:00+00:00"", ""valid_from"": ""2026-05-15T00:00:00+00:00"", ""valid_to"": null, ""confidence"": 1.0}"
link-1507,alm:olt-xg01-0-24,ont:olt-xg01-0-24,RAISED_BY,10,protected,False,UP,"{""source"": ""nms"", ""method"": ""snmp_trap"", ""observed_at"": ""2026-05-15T00:00:00+00:00"", ""valid_from"": ""2026-05-15T00:00:00+00:00"", ""valid_to"": null, ""confidence"": 1.0}"
link-1508,alm:olt-xg01-0-25,ont:olt-xg01-0-25,RAISED_BY,10,protected,False,UP,"{""source"": ""nms"", ""method"": ""snmp_trap"", ""observed_at"": ""2026-05-15T00:00:00+00:00"", ""valid_from"": ""2026-05-15T00:00:00+00:00"", ""valid_to"": null, ""confidence"": 1.0}"
link-1509,alm:olt-xg01-0-26,ont:olt-xg01-0-26,RAISED_BY,10,protected,False,UP,"{""source"": ""nms"", ""method"": ""snmp_trap"", ""observed_at"": ""2026-05-15T00:00:00+00:00"", ""valid_from"": ""2026-05-15T00:00:00+00:00"", ""valid_to"": null, ""confidence"": 1.0}"
link-1510,alm:olt-xg01-0-27,ont:olt-xg01-0-27,RAISED_BY,10,protected,False,UP,"{""source"": ""nms"", ""method"": ""snmp_trap"", ""observed_at"": ""2026-05-15T00:00:00+00:00"", ""valid_from"": ""2026-05-15T00:00:00+00:00"", ""valid_to"": null, ""confidence"": 1.0}"
link-1511,alm:uplink-fec,tkt:inc-2026-0514,OPENED_AS,10,protected,False,UP,"{""source"": ""ticketing"", ""method"": ""vendor_export"", ""observed_at"": ""2026-05-15T00:00:00+00:00"", ""valid_from"": ""2026-05-15T00:00:00+00:00"", ""valid_to"": null, ""confidence"": 1.0}"
