EDGE_ID,SOURCE_ID,TARGET_ID,REL_TYPE,PROPERTIES_VARIANT,INGESTED_AT
edge-1,def:evpn-qinq,case:jnpr-evpn-qinq,TRACKED_BY,"{""source"": ""vendor_portal"", ""method"": ""vendor_export"", ""observed_at"": ""2026-05-15T00:00:00+00:00"", ""valid_from"": ""2026-05-15T00:00:00+00:00"", ""valid_to"": null, ""confidence"": 1.0}",2026-09-01T12:36:16.034364
edge-2,sw:junos-23.4R2,def:evpn-qinq,AFFECTED_BY,"{""source"": ""vendor_bulletin"", ""method"": ""manual"", ""observed_at"": ""2026-05-15T00:00:00+00:00"", ""valid_from"": ""2026-05-15T00:00:00+00:00"", ""valid_to"": null, ""confidence"": 1.0}",2026-09-01T12:36:16.034430
edge-3,sw:junos-23.4R2,def:acx-234-locker,AFFECTED_BY,"{""source"": ""vendor_bulletin"", ""method"": ""manual"", ""observed_at"": ""2026-05-15T00:00:00+00:00"", ""valid_from"": ""2026-05-15T00:00:00+00:00"", ""valid_to"": null, ""confidence"": 1.0}",2026-09-01T12:36:16.034489
edge-4,site:gldt,dev:mx960-gldt,CONTAINS,"{""source"": ""inventory_review"", ""method"": ""vendor_export"", ""observed_at"": ""2026-05-15T00:00:00+00:00"", ""valid_from"": ""2026-05-15T00:00:00+00:00"", ""valid_to"": null, ""confidence"": 1.0}",2026-09-01T12:36:16.034551
edge-5,dev:mx960-gldt,sw:junos-24.4R1-S3.6,RUNS,"{""source"": ""inventory_review"", ""method"": ""vendor_export"", ""observed_at"": ""2026-05-15T00:00:00+00:00"", ""valid_from"": ""2026-05-15T00:00:00+00:00"", ""valid_to"": null, ""confidence"": 1.0}",2026-09-01T12:36:16.034671
edge-6,dev:mx960-gldt,port:mx960-gldt:et-0/0/0,HAS_PORT,"{""source"": ""config_backup"", ""method"": ""config_parse"", ""observed_at"": ""2026-05-15T00:00:00+00:00"", ""valid_from"": ""2026-05-15T00:00:00+00:00"", ""valid_to"": null, ""confidence"": 1.0}",2026-09-01T12:36:16.034722
edge-7,dev:mx960-gldt,port:mx960-gldt:et-0/0/1,HAS_PORT,"{""source"": ""config_backup"", ""method"": ""config_parse"", ""observed_at"": ""2026-05-15T00:00:00+00:00"", ""valid_from"": ""2026-05-15T00:00:00+00:00"", ""valid_to"": null, ""confidence"": 1.0}",2026-09-01T12:36:16.034770
edge-8,dev:mx960-gldt,port:mx960-gldt:et-0/0/2,HAS_PORT,"{""source"": ""config_backup"", ""method"": ""config_parse"", ""observed_at"": ""2026-05-15T00:00:00+00:00"", ""valid_from"": ""2026-05-15T00:00:00+00:00"", ""valid_to"": null, ""confidence"": 1.0}",2026-09-01T12:36:16.034808
edge-9,dev:mx960-gldt,port:mx960-gldt:et-0/0/3,HAS_PORT,"{""source"": ""config_backup"", ""method"": ""config_parse"", ""observed_at"": ""2026-05-15T00:00:00+00:00"", ""valid_from"": ""2026-05-15T00:00:00+00:00"", ""valid_to"": null, ""confidence"": 1.0}",2026-09-01T12:36:16.034934
edge-10,dev:mx960-gldt,port:mx960-gldt:et-0/0/4,HAS_PORT,"{""source"": ""config_backup"", ""method"": ""config_parse"", ""observed_at"": ""2026-05-15T00:00:00+00:00"", ""valid_from"": ""2026-05-15T00:00:00+00:00"", ""valid_to"": null, ""confidence"": 1.0}",2026-09-01T12:36:16.035022
edge-11,dev:mx960-gldt,port:mx960-gldt:et-0/0/5,HAS_PORT,"{""source"": ""config_backup"", ""method"": ""config_parse"", ""observed_at"": ""2026-05-15T00:00:00+00:00"", ""valid_from"": ""2026-05-15T00:00:00+00:00"", ""valid_to"": null, ""confidence"": 1.0}",2026-09-01T12:36:16.035069
edge-12,dev:mx960-gldt,port:mx960-gldt:et-0/0/6,HAS_PORT,"{""source"": ""config_backup"", ""method"": ""config_parse"", ""observed_at"": ""2026-05-15T00:00:00+00:00"", ""valid_from"": ""2026-05-15T00:00:00+00:00"", ""valid_to"": null, ""confidence"": 1.0}",2026-09-01T12:36:16.035472
edge-13,dev:mx960-gldt,port:mx960-gldt:et-0/0/7,HAS_PORT,"{""source"": ""config_backup"", ""method"": ""config_parse"", ""observed_at"": ""2026-05-15T00:00:00+00:00"", ""valid_from"": ""2026-05-15T00:00:00+00:00"", ""valid_to"": null, ""confidence"": 1.0}",2026-09-01T12:36:16.035574
edge-14,dev:mx960-gldt,port:mx960-gldt:et-0/0/8,HAS_PORT,"{""source"": ""config_backup"", ""method"": ""config_parse"", ""observed_at"": ""2026-05-15T00:00:00+00:00"", ""valid_from"": ""2026-05-15T00:00:00+00:00"", ""valid_to"": null, ""confidence"": 1.0}",2026-09-01T12:36:16.035642
edge-15,dev:mx960-gldt,port:mx960-gldt:et-0/0/9,HAS_PORT,"{""source"": ""config_backup"", ""method"": ""config_parse"", ""observed_at"": ""2026-05-15T00:00:00+00:00"", ""valid_from"": ""2026-05-15T00:00:00+00:00"", ""valid_to"": null, ""confidence"": 1.0}",2026-09-01T12:36:16.035758
edge-16,dev:mx960-gldt,port:mx960-gldt:et-0/0/10,HAS_PORT,"{""source"": ""config_backup"", ""method"": ""config_parse"", ""observed_at"": ""2026-05-15T00:00:00+00:00"", ""valid_from"": ""2026-05-15T00:00:00+00:00"", ""valid_to"": null, ""confidence"": 1.0}",2026-09-01T12:36:16.035812
edge-17,dev:mx960-gldt,port:mx960-gldt:et-0/0/11,HAS_PORT,"{""source"": ""config_backup"", ""method"": ""config_parse"", ""observed_at"": ""2026-05-15T00:00:00+00:00"", ""valid_from"": ""2026-05-15T00:00:00+00:00"", ""valid_to"": null, ""confidence"": 1.0}",2026-09-01T12:36:16.035864
edge-18,port:mx960-gldt:et-0/0/0,opt:mx960-gldt:et-0/0/0,HOSTS,"{""source"": ""telemetry"", ""method"": ""snmp"", ""observed_at"": ""2026-05-15T00:00:00+00:00"", ""valid_from"": ""2026-05-15T00:00:00+00:00"", ""valid_to"": null, ""confidence"": 1.0}",2026-09-01T12:36:16.035935
edge-19,port:mx960-gldt:et-0/0/1,opt:mx960-gldt:et-0/0/1,HOSTS,"{""source"": ""telemetry"", ""method"": ""snmp"", ""observed_at"": ""2026-05-15T00:00:00+00:00"", ""valid_from"": ""2026-05-15T00:00:00+00:00"", ""valid_to"": null, ""confidence"": 1.0}",2026-09-01T12:36:16.035996
edge-20,site:sang,dev:mx304-sang,CONTAINS,"{""source"": ""inventory_review"", ""method"": ""vendor_export"", ""observed_at"": ""2026-05-15T00:00:00+00:00"", ""valid_from"": ""2026-05-15T00:00:00+00:00"", ""valid_to"": null, ""confidence"": 1.0}",2026-09-01T12:36:16.036054
edge-21,dev:mx304-sang,sw:junos-22.3R3,RUNS,"{""source"": ""inventory_review"", ""method"": ""vendor_export"", ""observed_at"": ""2026-05-15T00:00:00+00:00"", ""valid_from"": ""2026-05-15T00:00:00+00:00"", ""valid_to"": null, ""confidence"": 1.0}",2026-09-01T12:36:16.036108
edge-22,dev:mx304-sang,port:mx304-sang:et-0/0/0,HAS_PORT,"{""source"": ""config_backup"", ""method"": ""config_parse"", ""observed_at"": ""2026-05-15T00:00:00+00:00"", ""valid_from"": ""2026-05-15T00:00:00+00:00"", ""valid_to"": null, ""confidence"": 1.0}",2026-09-01T12:36:16.036169
edge-23,dev:mx304-sang,port:mx304-sang:et-0/0/1,HAS_PORT,"{""source"": ""config_backup"", ""method"": ""config_parse"", ""observed_at"": ""2026-05-15T00:00:00+00:00"", ""valid_from"": ""2026-05-15T00:00:00+00:00"", ""valid_to"": null, ""confidence"": 1.0}",2026-09-01T12:36:16.036233
edge-24,dev:mx304-sang,port:mx304-sang:et-0/0/2,HAS_PORT,"{""source"": ""config_backup"", ""method"": ""config_parse"", ""observed_at"": ""2026-05-15T00:00:00+00:00"", ""valid_from"": ""2026-05-15T00:00:00+00:00"", ""valid_to"": null, ""confidence"": 1.0}",2026-09-01T12:36:16.036295
edge-25,dev:mx304-sang,port:mx304-sang:et-0/0/3,HAS_PORT,"{""source"": ""config_backup"", ""method"": ""config_parse"", ""observed_at"": ""2026-05-15T00:00:00+00:00"", ""valid_from"": ""2026-05-15T00:00:00+00:00"", ""valid_to"": null, ""confidence"": 1.0}",2026-09-01T12:36:16.036352
edge-26,dev:mx304-sang,port:mx304-sang:xe-0/1/0,HAS_PORT,"{""source"": ""config_backup"", ""method"": ""config_parse"", ""observed_at"": ""2026-05-15T00:00:00+00:00"", ""valid_from"": ""2026-05-15T00:00:00+00:00"", ""valid_to"": null, ""confidence"": 1.0}",2026-09-01T12:36:16.036419
edge-27,dev:mx304-sang,port:mx304-sang:xe-0/1/1,HAS_PORT,"{""source"": ""config_backup"", ""method"": ""config_parse"", ""observed_at"": ""2026-05-15T00:00:00+00:00"", ""valid_from"": ""2026-05-15T00:00:00+00:00"", ""valid_to"": null, ""confidence"": 1.0}",2026-09-01T12:36:16.036535
edge-28,dev:mx304-sang,port:mx304-sang:xe-0/1/2,HAS_PORT,"{""source"": ""config_backup"", ""method"": ""config_parse"", ""observed_at"": ""2026-05-15T00:00:00+00:00"", ""valid_from"": ""2026-05-15T00:00:00+00:00"", ""valid_to"": null, ""confidence"": 1.0}",2026-09-01T12:36:16.036612
edge-29,dev:mx304-sang,port:mx304-sang:xe-0/1/3,HAS_PORT,"{""source"": ""config_backup"", ""method"": ""config_parse"", ""observed_at"": ""2026-05-15T00:00:00+00:00"", ""valid_from"": ""2026-05-15T00:00:00+00:00"", ""valid_to"": null, ""confidence"": 1.0}",2026-09-01T12:36:16.036669
edge-30,dev:mx304-sang,port:mx304-sang:xe-0/1/4,HAS_PORT,"{""source"": ""config_backup"", ""method"": ""config_parse"", ""observed_at"": ""2026-05-15T00:00:00+00:00"", ""valid_from"": ""2026-05-15T00:00:00+00:00"", ""valid_to"": null, ""confidence"": 1.0}",2026-09-01T12:36:16.036778
edge-31,dev:mx304-sang,port:mx304-sang:xe-0/1/5,HAS_PORT,"{""source"": ""config_backup"", ""method"": ""config_parse"", ""observed_at"": ""2026-05-15T00:00:00+00:00"", ""valid_from"": ""2026-05-15T00:00:00+00:00"", ""valid_to"": null, ""confidence"": 1.0}",2026-09-01T12:36:16.036826
edge-32,dev:mx304-sang,port:mx304-sang:xe-0/1/6,HAS_PORT,"{""source"": ""config_backup"", ""method"": ""config_parse"", ""observed_at"": ""2026-05-15T00:00:00+00:00"", ""valid_from"": ""2026-05-15T00:00:00+00:00"", ""valid_to"": null, ""confidence"": 1.0}",2026-09-01T12:36:16.037273
edge-33,dev:mx304-sang,port:mx304-sang:xe-0/1/7,HAS_PORT,"{""source"": ""config_backup"", ""method"": ""config_parse"", ""observed_at"": ""2026-05-15T00:00:00+00:00"", ""valid_from"": ""2026-05-15T00:00:00+00:00"", ""valid_to"": null, ""confidence"": 1.0}",2026-09-01T12:36:16.037439
edge-34,port:mx304-sang:et-0/0/0,link:mx304-sang:et-0/0/0--mx960-gldt:et-0/0/0,TERMINATES,"{""link_end"": ""a"", ""source"": ""nms"", ""method"": ""lldp"", ""observed_at"": ""2026-05-15T00:00:00+00:00"", ""valid_from"": ""2026-05-15T00:00:00+00:00"", ""valid_to"": null, ""confidence"": 1.0}",2026-09-01T12:36:16.037520
edge-35,port:mx960-gldt:et-0/0/0,link:mx304-sang:et-0/0/0--mx960-gldt:et-0/0/0,TERMINATES,"{""link_end"": ""z"", ""source"": ""nms"", ""method"": ""lldp"", ""observed_at"": ""2026-05-15T00:00:00+00:00"", ""valid_from"": ""2026-05-15T00:00:00+00:00"", ""valid_to"": null, ""confidence"": 1.0}",2026-09-01T12:36:16.037841
edge-36,site:05,dev:mx304-02,CONTAINS,"{""source"": ""inventory_review"", ""method"": ""vendor_export"", ""observed_at"": ""2026-05-15T00:00:00+00:00"", ""valid_from"": ""2026-05-15T00:00:00+00:00"", ""valid_to"": null, ""confidence"": 1.0}",2026-09-01T12:36:16.038008
edge-37,dev:mx304-02,sw:junos-23.4R2,RUNS,"{""source"": ""inventory_review"", ""method"": ""vendor_export"", ""observed_at"": ""2026-05-15T00:00:00+00:00"", ""valid_from"": ""2026-05-15T00:00:00+00:00"", ""valid_to"": null, ""confidence"": 1.0}",2026-09-01T12:36:16.038074
edge-38,dev:mx304-02,port:mx304-02:et-0/0/0,HAS_PORT,"{""source"": ""config_backup"", ""method"": ""config_parse"", ""observed_at"": ""2026-05-15T00:00:00+00:00"", ""valid_from"": ""2026-05-15T00:00:00+00:00"", ""valid_to"": null, ""confidence"": 1.0}",2026-09-01T12:36:16.038199
edge-39,dev:mx304-02,port:mx304-02:et-0/0/1,HAS_PORT,"{""source"": ""config_backup"", ""method"": ""config_parse"", ""observed_at"": ""2026-05-15T00:00:00+00:00"", ""valid_from"": ""2026-05-15T00:00:00+00:00"", ""valid_to"": null, ""confidence"": 1.0}",2026-09-01T12:36:16.038244
edge-40,dev:mx304-02,port:mx304-02:et-0/0/2,HAS_PORT,"{""source"": ""config_backup"", ""method"": ""config_parse"", ""observed_at"": ""2026-05-15T00:00:00+00:00"", ""valid_from"": ""2026-05-15T00:00:00+00:00"", ""valid_to"": null, ""confidence"": 1.0}",2026-09-01T12:36:16.038294
edge-41,dev:mx304-02,port:mx304-02:et-0/0/3,HAS_PORT,"{""source"": ""config_backup"", ""method"": ""config_parse"", ""observed_at"": ""2026-05-15T00:00:00+00:00"", ""valid_from"": ""2026-05-15T00:00:00+00:00"", ""valid_to"": null, ""confidence"": 1.0}",2026-09-01T12:36:16.038360
edge-42,dev:mx304-02,port:mx304-02:xe-0/1/0,HAS_PORT,"{""source"": ""config_backup"", ""method"": ""config_parse"", ""observed_at"": ""2026-05-15T00:00:00+00:00"", ""valid_from"": ""2026-05-15T00:00:00+00:00"", ""valid_to"": null, ""confidence"": 1.0}",2026-09-01T12:36:16.038473
edge-43,dev:mx304-02,port:mx304-02:xe-0/1/1,HAS_PORT,"{""source"": ""config_backup"", ""method"": ""config_parse"", ""observed_at"": ""2026-05-15T00:00:00+00:00"", ""valid_from"": ""2026-05-15T00:00:00+00:00"", ""valid_to"": null, ""confidence"": 1.0}",2026-09-01T12:36:16.038501
edge-44,dev:mx304-02,port:mx304-02:xe-0/1/2,HAS_PORT,"{""source"": ""config_backup"", ""method"": ""config_parse"", ""observed_at"": ""2026-05-15T00:00:00+00:00"", ""valid_from"": ""2026-05-15T00:00:00+00:00"", ""valid_to"": null, ""confidence"": 1.0}",2026-09-01T12:36:16.038524
edge-45,dev:mx304-02,port:mx304-02:xe-0/1/3,HAS_PORT,"{""source"": ""config_backup"", ""method"": ""config_parse"", ""observed_at"": ""2026-05-15T00:00:00+00:00"", ""valid_from"": ""2026-05-15T00:00:00+00:00"", ""valid_to"": null, ""confidence"": 1.0}",2026-09-01T12:36:16.038593
edge-46,dev:mx304-02,port:mx304-02:xe-0/1/4,HAS_PORT,"{""source"": ""config_backup"", ""method"": ""config_parse"", ""observed_at"": ""2026-05-15T00:00:00+00:00"", ""valid_from"": ""2026-05-15T00:00:00+00:00"", ""valid_to"": null, ""confidence"": 1.0}",2026-09-01T12:36:16.038626
edge-47,dev:mx304-02,port:mx304-02:xe-0/1/5,HAS_PORT,"{""source"": ""config_backup"", ""method"": ""config_parse"", ""observed_at"": ""2026-05-15T00:00:00+00:00"", ""valid_from"": ""2026-05-15T00:00:00+00:00"", ""valid_to"": null, ""confidence"": 1.0}",2026-09-01T12:36:16.038676
edge-48,dev:mx304-02,port:mx304-02:xe-0/1/6,HAS_PORT,"{""source"": ""config_backup"", ""method"": ""config_parse"", ""observed_at"": ""2026-05-15T00:00:00+00:00"", ""valid_from"": ""2026-05-15T00:00:00+00:00"", ""valid_to"": null, ""confidence"": 1.0}",2026-09-01T12:36:16.038735
edge-49,dev:mx304-02,port:mx304-02:xe-0/1/7,HAS_PORT,"{""source"": ""config_backup"", ""method"": ""config_parse"", ""observed_at"": ""2026-05-15T00:00:00+00:00"", ""valid_from"": ""2026-05-15T00:00:00+00:00"", ""valid_to"": null, ""confidence"": 1.0}",2026-09-01T12:36:16.038767
edge-50,port:mx304-02:et-0/0/0,link:mx304-02:et-0/0/0--mx960-gldt:et-0/0/1,TERMINATES,"{""link_end"": ""a"", ""source"": ""nms"", ""method"": ""lldp"", ""observed_at"": ""2026-05-15T00:00:00+00:00"", ""valid_from"": ""2026-05-15T00:00:00+00:00"", ""valid_to"": null, ""confidence"": 1.0}",2026-09-01T12:36:16.038795
edge-51,port:mx960-gldt:et-0/0/1,link:mx304-02:et-0/0/0--mx960-gldt:et-0/0/1,TERMINATES,"{""link_end"": ""z"", ""source"": ""nms"", ""method"": ""lldp"", ""observed_at"": ""2026-05-15T00:00:00+00:00"", ""valid_from"": ""2026-05-15T00:00:00+00:00"", ""valid_to"": null, ""confidence"": 1.0}",2026-09-01T12:36:16.038828
edge-52,site:06,dev:mx304-03,CONTAINS,"{""source"": ""inventory_review"", ""method"": ""vendor_export"", ""observed_at"": ""2026-05-15T00:00:00+00:00"", ""valid_from"": ""2026-05-15T00:00:00+00:00"", ""valid_to"": null, ""confidence"": 1.0}",2026-09-01T12:36:16.038874
edge-53,dev:mx304-03,sw:junos-23.4R2,RUNS,"{""source"": ""inventory_review"", ""method"": ""vendor_export"", ""observed_at"": ""2026-05-15T00:00:00+00:00"", ""valid_from"": ""2026-05-15T00:00:00+00:00"", ""valid_to"": null, ""confidence"": 1.0}",2026-09-01T12:36:16.038922
edge-54,dev:mx304-03,port:mx304-03:et-0/0/0,HAS_PORT,"{""source"": ""config_backup"", ""method"": ""config_parse"", ""observed_at"": ""2026-05-15T00:00:00+00:00"", ""valid_from"": ""2026-05-15T00:00:00+00:00"", ""valid_to"": null, ""confidence"": 1.0}",2026-09-01T12:36:16.039058
edge-55,dev:mx304-03,port:mx304-03:et-0/0/1,HAS_PORT,"{""source"": ""config_backup"", ""method"": ""config_parse"", ""observed_at"": ""2026-05-15T00:00:00+00:00"", ""valid_from"": ""2026-05-15T00:00:00+00:00"", ""valid_to"": null, ""confidence"": 1.0}",2026-09-01T12:36:16.039110
edge-56,dev:mx304-03,port:mx304-03:et-0/0/2,HAS_PORT,"{""source"": ""config_backup"", ""method"": ""config_parse"", ""observed_at"": ""2026-05-15T00:00:00+00:00"", ""valid_from"": ""2026-05-15T00:00:00+00:00"", ""valid_to"": null, ""confidence"": 1.0}",2026-09-01T12:36:16.039237
edge-57,dev:mx304-03,port:mx304-03:et-0/0/3,HAS_PORT,"{""source"": ""config_backup"", ""method"": ""config_parse"", ""observed_at"": ""2026-05-15T00:00:00+00:00"", ""valid_from"": ""2026-05-15T00:00:00+00:00"", ""valid_to"": null, ""confidence"": 1.0}",2026-09-01T12:36:16.039342
edge-58,dev:mx304-03,port:mx304-03:xe-0/1/0,HAS_PORT,"{""source"": ""config_backup"", ""method"": ""config_parse"", ""observed_at"": ""2026-05-15T00:00:00+00:00"", ""valid_from"": ""2026-05-15T00:00:00+00:00"", ""valid_to"": null, ""confidence"": 1.0}",2026-09-01T12:36:16.039404
edge-59,dev:mx304-03,port:mx304-03:xe-0/1/1,HAS_PORT,"{""source"": ""config_backup"", ""method"": ""config_parse"", ""observed_at"": ""2026-05-15T00:00:00+00:00"", ""valid_from"": ""2026-05-15T00:00:00+00:00"", ""valid_to"": null, ""confidence"": 1.0}",2026-09-01T12:36:16.039469
edge-60,dev:mx304-03,port:mx304-03:xe-0/1/2,HAS_PORT,"{""source"": ""config_backup"", ""method"": ""config_parse"", ""observed_at"": ""2026-05-15T00:00:00+00:00"", ""valid_from"": ""2026-05-15T00:00:00+00:00"", ""valid_to"": null, ""confidence"": 1.0}",2026-09-01T12:36:16.039577
edge-61,dev:mx304-03,port:mx304-03:xe-0/1/3,HAS_PORT,"{""source"": ""config_backup"", ""method"": ""config_parse"", ""observed_at"": ""2026-05-15T00:00:00+00:00"", ""valid_from"": ""2026-05-15T00:00:00+00:00"", ""valid_to"": null, ""confidence"": 1.0}",2026-09-01T12:36:16.039626
edge-62,dev:mx304-03,port:mx304-03:xe-0/1/4,HAS_PORT,"{""source"": ""config_backup"", ""method"": ""config_parse"", ""observed_at"": ""2026-05-15T00:00:00+00:00"", ""valid_from"": ""2026-05-15T00:00:00+00:00"", ""valid_to"": null, ""confidence"": 1.0}",2026-09-01T12:36:16.039655
edge-63,dev:mx304-03,port:mx304-03:xe-0/1/5,HAS_PORT,"{""source"": ""config_backup"", ""method"": ""config_parse"", ""observed_at"": ""2026-05-15T00:00:00+00:00"", ""valid_from"": ""2026-05-15T00:00:00+00:00"", ""valid_to"": null, ""confidence"": 1.0}",2026-09-01T12:36:16.039703
edge-64,dev:mx304-03,port:mx304-03:xe-0/1/6,HAS_PORT,"{""source"": ""config_backup"", ""method"": ""config_parse"", ""observed_at"": ""2026-05-15T00:00:00+00:00"", ""valid_from"": ""2026-05-15T00:00:00+00:00"", ""valid_to"": null, ""confidence"": 1.0}",2026-09-01T12:36:16.039749
edge-65,dev:mx304-03,port:mx304-03:xe-0/1/7,HAS_PORT,"{""source"": ""config_backup"", ""method"": ""config_parse"", ""observed_at"": ""2026-05-15T00:00:00+00:00"", ""valid_from"": ""2026-05-15T00:00:00+00:00"", ""valid_to"": null, ""confidence"": 1.0}",2026-09-01T12:36:16.039777
edge-66,port:mx304-03:et-0/0/0,link:mx304-03:et-0/0/0--mx960-gldt:et-0/0/2,TERMINATES,"{""link_end"": ""a"", ""source"": ""nms"", ""method"": ""lldp"", ""observed_at"": ""2026-05-15T00:00:00+00:00"", ""valid_from"": ""2026-05-15T00:00:00+00:00"", ""valid_to"": null, ""confidence"": 1.0}",2026-09-01T12:36:16.039811
edge-67,port:mx960-gldt:et-0/0/2,link:mx304-03:et-0/0/0--mx960-gldt:et-0/0/2,TERMINATES,"{""link_end"": ""z"", ""source"": ""nms"", ""method"": ""lldp"", ""observed_at"": ""2026-05-15T00:00:00+00:00"", ""valid_from"": ""2026-05-15T00:00:00+00:00"", ""valid_to"": null, ""confidence"": 1.0}",2026-09-01T12:36:16.039834
edge-68,site:07,dev:mx304-04,CONTAINS,"{""source"": ""inventory_review"", ""method"": ""vendor_export"", ""observed_at"": ""2026-05-15T00:00:00+00:00"", ""valid_from"": ""2026-05-15T00:00:00+00:00"", ""valid_to"": null, ""confidence"": 1.0}",2026-09-01T12:36:16.039858
edge-69,dev:mx304-04,sw:junos-23.4R2,RUNS,"{""source"": ""inventory_review"", ""method"": ""vendor_export"", ""observed_at"": ""2026-05-15T00:00:00+00:00"", ""valid_from"": ""2026-05-15T00:00:00+00:00"", ""valid_to"": null, ""confidence"": 1.0}",2026-09-01T12:36:16.039881
edge-70,dev:mx304-04,port:mx304-04:et-0/0/0,HAS_PORT,"{""source"": ""config_backup"", ""method"": ""config_parse"", ""observed_at"": ""2026-05-15T00:00:00+00:00"", ""valid_from"": ""2026-05-15T00:00:00+00:00"", ""valid_to"": null, ""confidence"": 1.0}",2026-09-01T12:36:16.039903
edge-71,dev:mx304-04,port:mx304-04:et-0/0/1,HAS_PORT,"{""source"": ""config_backup"", ""method"": ""config_parse"", ""observed_at"": ""2026-05-15T00:00:00+00:00"", ""valid_from"": ""2026-05-15T00:00:00+00:00"", ""valid_to"": null, ""confidence"": 1.0}",2026-09-01T12:36:16.039926
edge-72,dev:mx304-04,port:mx304-04:et-0/0/2,HAS_PORT,"{""source"": ""config_backup"", ""method"": ""config_parse"", ""observed_at"": ""2026-05-15T00:00:00+00:00"", ""valid_from"": ""2026-05-15T00:00:00+00:00"", ""valid_to"": null, ""confidence"": 1.0}",2026-09-01T12:36:16.039969
edge-73,dev:mx304-04,port:mx304-04:et-0/0/3,HAS_PORT,"{""source"": ""config_backup"", ""method"": ""config_parse"", ""observed_at"": ""2026-05-15T00:00:00+00:00"", ""valid_from"": ""2026-05-15T00:00:00+00:00"", ""valid_to"": null, ""confidence"": 1.0}",2026-09-01T12:36:16.040018
edge-74,dev:mx304-04,port:mx304-04:xe-0/1/0,HAS_PORT,"{""source"": ""config_backup"", ""method"": ""config_parse"", ""observed_at"": ""2026-05-15T00:00:00+00:00"", ""valid_from"": ""2026-05-15T00:00:00+00:00"", ""valid_to"": null, ""confidence"": 1.0}",2026-09-01T12:36:16.040046
edge-75,dev:mx304-04,port:mx304-04:xe-0/1/1,HAS_PORT,"{""source"": ""config_backup"", ""method"": ""config_parse"", ""observed_at"": ""2026-05-15T00:00:00+00:00"", ""valid_from"": ""2026-05-15T00:00:00+00:00"", ""valid_to"": null, ""confidence"": 1.0}",2026-09-01T12:36:16.040095
edge-76,dev:mx304-04,port:mx304-04:xe-0/1/2,HAS_PORT,"{""source"": ""config_backup"", ""method"": ""config_parse"", ""observed_at"": ""2026-05-15T00:00:00+00:00"", ""valid_from"": ""2026-05-15T00:00:00+00:00"", ""valid_to"": null, ""confidence"": 1.0}",2026-09-01T12:36:16.040163
edge-77,dev:mx304-04,port:mx304-04:xe-0/1/3,HAS_PORT,"{""source"": ""config_backup"", ""method"": ""config_parse"", ""observed_at"": ""2026-05-15T00:00:00+00:00"", ""valid_from"": ""2026-05-15T00:00:00+00:00"", ""valid_to"": null, ""confidence"": 1.0}",2026-09-01T12:36:16.040217
edge-78,dev:mx304-04,port:mx304-04:xe-0/1/4,HAS_PORT,"{""source"": ""config_backup"", ""method"": ""config_parse"", ""observed_at"": ""2026-05-15T00:00:00+00:00"", ""valid_from"": ""2026-05-15T00:00:00+00:00"", ""valid_to"": null, ""confidence"": 1.0}",2026-09-01T12:36:16.040276
edge-79,dev:mx304-04,port:mx304-04:xe-0/1/5,HAS_PORT,"{""source"": ""config_backup"", ""method"": ""config_parse"", ""observed_at"": ""2026-05-15T00:00:00+00:00"", ""valid_from"": ""2026-05-15T00:00:00+00:00"", ""valid_to"": null, ""confidence"": 1.0}",2026-09-01T12:36:16.040300
edge-80,dev:mx304-04,port:mx304-04:xe-0/1/6,HAS_PORT,"{""source"": ""config_backup"", ""method"": ""config_parse"", ""observed_at"": ""2026-05-15T00:00:00+00:00"", ""valid_from"": ""2026-05-15T00:00:00+00:00"", ""valid_to"": null, ""confidence"": 1.0}",2026-09-01T12:36:16.040327
edge-81,dev:mx304-04,port:mx304-04:xe-0/1/7,HAS_PORT,"{""source"": ""config_backup"", ""method"": ""config_parse"", ""observed_at"": ""2026-05-15T00:00:00+00:00"", ""valid_from"": ""2026-05-15T00:00:00+00:00"", ""valid_to"": null, ""confidence"": 1.0}",2026-09-01T12:36:16.040349
edge-82,port:mx304-04:et-0/0/0,link:mx304-04:et-0/0/0--mx960-gldt:et-0/0/3,TERMINATES,"{""link_end"": ""a"", ""source"": ""nms"", ""method"": ""lldp"", ""observed_at"": ""2026-05-15T00:00:00+00:00"", ""valid_from"": ""2026-05-15T00:00:00+00:00"", ""valid_to"": null, ""confidence"": 1.0}",2026-09-01T12:36:16.040373
edge-83,port:mx960-gldt:et-0/0/3,link:mx304-04:et-0/0/0--mx960-gldt:et-0/0/3,TERMINATES,"{""link_end"": ""z"", ""source"": ""nms"", ""method"": ""lldp"", ""observed_at"": ""2026-05-15T00:00:00+00:00"", ""valid_from"": ""2026-05-15T00:00:00+00:00"", ""valid_to"": null, ""confidence"": 1.0}",2026-09-01T12:36:16.040404
edge-84,site:08,dev:mx304-05,CONTAINS,"{""source"": ""inventory_review"", ""method"": ""vendor_export"", ""observed_at"": ""2026-05-15T00:00:00+00:00"", ""valid_from"": ""2026-05-15T00:00:00+00:00"", ""valid_to"": null, ""confidence"": 1.0}",2026-09-01T12:36:16.040446
edge-85,dev:mx304-05,sw:junos-23.4R2,RUNS,"{""source"": ""inventory_review"", ""method"": ""vendor_export"", ""observed_at"": ""2026-05-15T00:00:00+00:00"", ""valid_from"": ""2026-05-15T00:00:00+00:00"", ""valid_to"": null, ""confidence"": 1.0}",2026-09-01T12:36:16.040513
edge-86,dev:mx304-05,port:mx304-05:et-0/0/0,HAS_PORT,"{""source"": ""config_backup"", ""method"": ""config_parse"", ""observed_at"": ""2026-05-15T00:00:00+00:00"", ""valid_from"": ""2026-05-15T00:00:00+00:00"", ""valid_to"": null, ""confidence"": 1.0}",2026-09-01T12:36:16.040536
edge-87,dev:mx304-05,port:mx304-05:et-0/0/1,HAS_PORT,"{""source"": ""config_backup"", ""method"": ""config_parse"", ""observed_at"": ""2026-05-15T00:00:00+00:00"", ""valid_from"": ""2026-05-15T00:00:00+00:00"", ""valid_to"": null, ""confidence"": 1.0}",2026-09-01T12:36:16.040563
edge-88,dev:mx304-05,port:mx304-05:et-0/0/2,HAS_PORT,"{""source"": ""config_backup"", ""method"": ""config_parse"", ""observed_at"": ""2026-05-15T00:00:00+00:00"", ""valid_from"": ""2026-05-15T00:00:00+00:00"", ""valid_to"": null, ""confidence"": 1.0}",2026-09-01T12:36:16.040605
edge-89,dev:mx304-05,port:mx304-05:et-0/0/3,HAS_PORT,"{""source"": ""config_backup"", ""method"": ""config_parse"", ""observed_at"": ""2026-05-15T00:00:00+00:00"", ""valid_from"": ""2026-05-15T00:00:00+00:00"", ""valid_to"": null, ""confidence"": 1.0}",2026-09-01T12:36:16.040650
edge-90,dev:mx304-05,port:mx304-05:xe-0/1/0,HAS_PORT,"{""source"": ""config_backup"", ""method"": ""config_parse"", ""observed_at"": ""2026-05-15T00:00:00+00:00"", ""valid_from"": ""2026-05-15T00:00:00+00:00"", ""valid_to"": null, ""confidence"": 1.0}",2026-09-01T12:36:16.040689
edge-91,dev:mx304-05,port:mx304-05:xe-0/1/1,HAS_PORT,"{""source"": ""config_backup"", ""method"": ""config_parse"", ""observed_at"": ""2026-05-15T00:00:00+00:00"", ""valid_from"": ""2026-05-15T00:00:00+00:00"", ""valid_to"": null, ""confidence"": 1.0}",2026-09-01T12:36:16.040713
edge-92,dev:mx304-05,port:mx304-05:xe-0/1/2,HAS_PORT,"{""source"": ""config_backup"", ""method"": ""config_parse"", ""observed_at"": ""2026-05-15T00:00:00+00:00"", ""valid_from"": ""2026-05-15T00:00:00+00:00"", ""valid_to"": null, ""confidence"": 1.0}",2026-09-01T12:36:16.040735
edge-93,dev:mx304-05,port:mx304-05:xe-0/1/3,HAS_PORT,"{""source"": ""config_backup"", ""method"": ""config_parse"", ""observed_at"": ""2026-05-15T00:00:00+00:00"", ""valid_from"": ""2026-05-15T00:00:00+00:00"", ""valid_to"": null, ""confidence"": 1.0}",2026-09-01T12:36:16.040758
edge-94,dev:mx304-05,port:mx304-05:xe-0/1/4,HAS_PORT,"{""source"": ""config_backup"", ""method"": ""config_parse"", ""observed_at"": ""2026-05-15T00:00:00+00:00"", ""valid_from"": ""2026-05-15T00:00:00+00:00"", ""valid_to"": null, ""confidence"": 1.0}",2026-09-01T12:36:16.040795
edge-95,dev:mx304-05,port:mx304-05:xe-0/1/5,HAS_PORT,"{""source"": ""config_backup"", ""method"": ""config_parse"", ""observed_at"": ""2026-05-15T00:00:00+00:00"", ""valid_from"": ""2026-05-15T00:00:00+00:00"", ""valid_to"": null, ""confidence"": 1.0}",2026-09-01T12:36:16.040818
edge-96,dev:mx304-05,port:mx304-05:xe-0/1/6,HAS_PORT,"{""source"": ""config_backup"", ""method"": ""config_parse"", ""observed_at"": ""2026-05-15T00:00:00+00:00"", ""valid_from"": ""2026-05-15T00:00:00+00:00"", ""valid_to"": null, ""confidence"": 1.0}",2026-09-01T12:36:16.040840
edge-97,dev:mx304-05,port:mx304-05:xe-0/1/7,HAS_PORT,"{""source"": ""config_backup"", ""method"": ""config_parse"", ""observed_at"": ""2026-05-15T00:00:00+00:00"", ""valid_from"": ""2026-05-15T00:00:00+00:00"", ""valid_to"": null, ""confidence"": 1.0}",2026-09-01T12:36:16.040861
edge-98,port:mx304-05:et-0/0/0,link:mx304-05:et-0/0/0--mx960-gldt:et-0/0/4,TERMINATES,"{""link_end"": ""a"", ""source"": ""nms"", ""method"": ""lldp"", ""observed_at"": ""2026-05-15T00:00:00+00:00"", ""valid_from"": ""2026-05-15T00:00:00+00:00"", ""valid_to"": null, ""confidence"": 1.0}",2026-09-01T12:36:16.040884
edge-99,port:mx960-gldt:et-0/0/4,link:mx304-05:et-0/0/0--mx960-gldt:et-0/0/4,TERMINATES,"{""link_end"": ""z"", ""source"": ""nms"", ""method"": ""lldp"", ""observed_at"": ""2026-05-15T00:00:00+00:00"", ""valid_from"": ""2026-05-15T00:00:00+00:00"", ""valid_to"": null, ""confidence"": 1.0}",2026-09-01T12:36:16.040909
edge-100,site:09,dev:mx304-06,CONTAINS,"{""source"": ""inventory_review"", ""method"": ""vendor_export"", ""observed_at"": ""2026-05-15T00:00:00+00:00"", ""valid_from"": ""2026-05-15T00:00:00+00:00"", ""valid_to"": null, ""confidence"": 1.0}",2026-09-01T12:36:16.040932
edge-101,dev:mx304-06,sw:junos-23.4R2,RUNS,"{""source"": ""inventory_review"", ""method"": ""vendor_export"", ""observed_at"": ""2026-05-15T00:00:00+00:00"", ""valid_from"": ""2026-05-15T00:00:00+00:00"", ""valid_to"": null, ""confidence"": 1.0}",2026-09-01T12:36:16.040968
edge-102,dev:mx304-06,port:mx304-06:et-0/0/0,HAS_PORT,"{""source"": ""config_backup"", ""method"": ""config_parse"", ""observed_at"": ""2026-05-15T00:00:00+00:00"", ""valid_from"": ""2026-05-15T00:00:00+00:00"", ""valid_to"": null, ""confidence"": 1.0}",2026-09-01T12:36:16.040992
edge-103,dev:mx304-06,port:mx304-06:et-0/0/1,HAS_PORT,"{""source"": ""config_backup"", ""method"": ""config_parse"", ""observed_at"": ""2026-05-15T00:00:00+00:00"", ""valid_from"": ""2026-05-15T00:00:00+00:00"", ""valid_to"": null, ""confidence"": 1.0}",2026-09-01T12:36:16.041014
edge-104,dev:mx304-06,port:mx304-06:et-0/0/2,HAS_PORT,"{""source"": ""config_backup"", ""method"": ""config_parse"", ""observed_at"": ""2026-05-15T00:00:00+00:00"", ""valid_from"": ""2026-05-15T00:00:00+00:00"", ""valid_to"": null, ""confidence"": 1.0}",2026-09-01T12:36:16.041037
edge-105,dev:mx304-06,port:mx304-06:et-0/0/3,HAS_PORT,"{""source"": ""config_backup"", ""method"": ""config_parse"", ""observed_at"": ""2026-05-15T00:00:00+00:00"", ""valid_from"": ""2026-05-15T00:00:00+00:00"", ""valid_to"": null, ""confidence"": 1.0}",2026-09-01T12:36:16.041059
edge-106,dev:mx304-06,port:mx304-06:xe-0/1/0,HAS_PORT,"{""source"": ""config_backup"", ""method"": ""config_parse"", ""observed_at"": ""2026-05-15T00:00:00+00:00"", ""valid_from"": ""2026-05-15T00:00:00+00:00"", ""valid_to"": null, ""confidence"": 1.0}",2026-09-01T12:36:16.041081
edge-107,dev:mx304-06,port:mx304-06:xe-0/1/1,HAS_PORT,"{""source"": ""config_backup"", ""method"": ""config_parse"", ""observed_at"": ""2026-05-15T00:00:00+00:00"", ""valid_from"": ""2026-05-15T00:00:00+00:00"", ""valid_to"": null, ""confidence"": 1.0}",2026-09-01T12:36:16.041102
edge-108,dev:mx304-06,port:mx304-06:xe-0/1/2,HAS_PORT,"{""source"": ""config_backup"", ""method"": ""config_parse"", ""observed_at"": ""2026-05-15T00:00:00+00:00"", ""valid_from"": ""2026-05-15T00:00:00+00:00"", ""valid_to"": null, ""confidence"": 1.0}",2026-09-01T12:36:16.041124
edge-109,dev:mx304-06,port:mx304-06:xe-0/1/3,HAS_PORT,"{""source"": ""config_backup"", ""method"": ""config_parse"", ""observed_at"": ""2026-05-15T00:00:00+00:00"", ""valid_from"": ""2026-05-15T00:00:00+00:00"", ""valid_to"": null, ""confidence"": 1.0}",2026-09-01T12:36:16.041146
edge-110,dev:mx304-06,port:mx304-06:xe-0/1/4,HAS_PORT,"{""source"": ""config_backup"", ""method"": ""config_parse"", ""observed_at"": ""2026-05-15T00:00:00+00:00"", ""valid_from"": ""2026-05-15T00:00:00+00:00"", ""valid_to"": null, ""confidence"": 1.0}",2026-09-01T12:36:16.041169
edge-111,dev:mx304-06,port:mx304-06:xe-0/1/5,HAS_PORT,"{""source"": ""config_backup"", ""method"": ""config_parse"", ""observed_at"": ""2026-05-15T00:00:00+00:00"", ""valid_from"": ""2026-05-15T00:00:00+00:00"", ""valid_to"": null, ""confidence"": 1.0}",2026-09-01T12:36:16.041191
edge-112,dev:mx304-06,port:mx304-06:xe-0/1/6,HAS_PORT,"{""source"": ""config_backup"", ""method"": ""config_parse"", ""observed_at"": ""2026-05-15T00:00:00+00:00"", ""valid_from"": ""2026-05-15T00:00:00+00:00"", ""valid_to"": null, ""confidence"": 1.0}",2026-09-01T12:36:16.041212
edge-113,dev:mx304-06,port:mx304-06:xe-0/1/7,HAS_PORT,"{""source"": ""config_backup"", ""method"": ""config_parse"", ""observed_at"": ""2026-05-15T00:00:00+00:00"", ""valid_from"": ""2026-05-15T00:00:00+00:00"", ""valid_to"": null, ""confidence"": 1.0}",2026-09-01T12:36:16.041238
edge-114,port:mx304-06:et-0/0/0,link:mx304-06:et-0/0/0--mx960-gldt:et-0/0/5,TERMINATES,"{""link_end"": ""a"", ""source"": ""nms"", ""method"": ""lldp"", ""observed_at"": ""2026-05-15T00:00:00+00:00"", ""valid_from"": ""2026-05-15T00:00:00+00:00"", ""valid_to"": null, ""confidence"": 1.0}",2026-09-01T12:36:16.041260
edge-115,port:mx960-gldt:et-0/0/5,link:mx304-06:et-0/0/0--mx960-gldt:et-0/0/5,TERMINATES,"{""link_end"": ""z"", ""source"": ""nms"", ""method"": ""lldp"", ""observed_at"": ""2026-05-15T00:00:00+00:00"", ""valid_from"": ""2026-05-15T00:00:00+00:00"", ""valid_to"": null, ""confidence"": 1.0}",2026-09-01T12:36:16.041282
edge-116,site:10,dev:mx304-07,CONTAINS,"{""source"": ""inventory_review"", ""method"": ""vendor_export"", ""observed_at"": ""2026-05-15T00:00:00+00:00"", ""valid_from"": ""2026-05-15T00:00:00+00:00"", ""valid_to"": null, ""confidence"": 1.0}",2026-09-01T12:36:16.041304
edge-117,dev:mx304-07,sw:junos-23.4R2,RUNS,"{""source"": ""inventory_review"", ""method"": ""vendor_export"", ""observed_at"": ""2026-05-15T00:00:00+00:00"", ""valid_from"": ""2026-05-15T00:00:00+00:00"", ""valid_to"": null, ""confidence"": 1.0}",2026-09-01T12:36:16.041326
edge-118,dev:mx304-07,port:mx304-07:et-0/0/0,HAS_PORT,"{""source"": ""config_backup"", ""method"": ""config_parse"", ""observed_at"": ""2026-05-15T00:00:00+00:00"", ""valid_from"": ""2026-05-15T00:00:00+00:00"", ""valid_to"": null, ""confidence"": 1.0}",2026-09-01T12:36:16.041357
edge-119,dev:mx304-07,port:mx304-07:et-0/0/1,HAS_PORT,"{""source"": ""config_backup"", ""method"": ""config_parse"", ""observed_at"": ""2026-05-15T00:00:00+00:00"", ""valid_from"": ""2026-05-15T00:00:00+00:00"", ""valid_to"": null, ""confidence"": 1.0}",2026-09-01T12:36:16.041430
edge-120,dev:mx304-07,port:mx304-07:et-0/0/2,HAS_PORT,"{""source"": ""config_backup"", ""method"": ""config_parse"", ""observed_at"": ""2026-05-15T00:00:00+00:00"", ""valid_from"": ""2026-05-15T00:00:00+00:00"", ""valid_to"": null, ""confidence"": 1.0}",2026-09-01T12:36:16.041536
edge-121,dev:mx304-07,port:mx304-07:et-0/0/3,HAS_PORT,"{""source"": ""config_backup"", ""method"": ""config_parse"", ""observed_at"": ""2026-05-15T00:00:00+00:00"", ""valid_from"": ""2026-05-15T00:00:00+00:00"", ""valid_to"": null, ""confidence"": 1.0}",2026-09-01T12:36:16.041564
edge-122,dev:mx304-07,port:mx304-07:xe-0/1/0,HAS_PORT,"{""source"": ""config_backup"", ""method"": ""config_parse"", ""observed_at"": ""2026-05-15T00:00:00+00:00"", ""valid_from"": ""2026-05-15T00:00:00+00:00"", ""valid_to"": null, ""confidence"": 1.0}",2026-09-01T12:36:16.041586
edge-123,dev:mx304-07,port:mx304-07:xe-0/1/1,HAS_PORT,"{""source"": ""config_backup"", ""method"": ""config_parse"", ""observed_at"": ""2026-05-15T00:00:00+00:00"", ""valid_from"": ""2026-05-15T00:00:00+00:00"", ""valid_to"": null, ""confidence"": 1.0}",2026-09-01T12:36:16.041608
edge-124,dev:mx304-07,port:mx304-07:xe-0/1/2,HAS_PORT,"{""source"": ""config_backup"", ""method"": ""config_parse"", ""observed_at"": ""2026-05-15T00:00:00+00:00"", ""valid_from"": ""2026-05-15T00:00:00+00:00"", ""valid_to"": null, ""confidence"": 1.0}",2026-09-01T12:36:16.041630
edge-125,dev:mx304-07,port:mx304-07:xe-0/1/3,HAS_PORT,"{""source"": ""config_backup"", ""method"": ""config_parse"", ""observed_at"": ""2026-05-15T00:00:00+00:00"", ""valid_from"": ""2026-05-15T00:00:00+00:00"", ""valid_to"": null, ""confidence"": 1.0}",2026-09-01T12:36:16.041651
edge-126,dev:mx304-07,port:mx304-07:xe-0/1/4,HAS_PORT,"{""source"": ""config_backup"", ""method"": ""config_parse"", ""observed_at"": ""2026-05-15T00:00:00+00:00"", ""valid_from"": ""2026-05-15T00:00:00+00:00"", ""valid_to"": null, ""confidence"": 1.0}",2026-09-01T12:36:16.041673
edge-127,dev:mx304-07,port:mx304-07:xe-0/1/5,HAS_PORT,"{""source"": ""config_backup"", ""method"": ""config_parse"", ""observed_at"": ""2026-05-15T00:00:00+00:00"", ""valid_from"": ""2026-05-15T00:00:00+00:00"", ""valid_to"": null, ""confidence"": 1.0}",2026-09-01T12:36:16.041696
edge-128,dev:mx304-07,port:mx304-07:xe-0/1/6,HAS_PORT,"{""source"": ""config_backup"", ""method"": ""config_parse"", ""observed_at"": ""2026-05-15T00:00:00+00:00"", ""valid_from"": ""2026-05-15T00:00:00+00:00"", ""valid_to"": null, ""confidence"": 1.0}",2026-09-01T12:36:16.041718
edge-129,dev:mx304-07,port:mx304-07:xe-0/1/7,HAS_PORT,"{""source"": ""config_backup"", ""method"": ""config_parse"", ""observed_at"": ""2026-05-15T00:00:00+00:00"", ""valid_from"": ""2026-05-15T00:00:00+00:00"", ""valid_to"": null, ""confidence"": 1.0}",2026-09-01T12:36:16.041741
edge-130,port:mx304-07:et-0/0/0,link:mx304-07:et-0/0/0--mx960-gldt:et-0/0/6,TERMINATES,"{""link_end"": ""a"", ""source"": ""nms"", ""method"": ""lldp"", ""observed_at"": ""2026-05-15T00:00:00+00:00"", ""valid_from"": ""2026-05-15T00:00:00+00:00"", ""valid_to"": null, ""confidence"": 1.0}",2026-09-01T12:36:16.041778
edge-131,port:mx960-gldt:et-0/0/6,link:mx304-07:et-0/0/0--mx960-gldt:et-0/0/6,TERMINATES,"{""link_end"": ""z"", ""source"": ""nms"", ""method"": ""lldp"", ""observed_at"": ""2026-05-15T00:00:00+00:00"", ""valid_from"": ""2026-05-15T00:00:00+00:00"", ""valid_to"": null, ""confidence"": 1.0}",2026-09-01T12:36:16.041841
edge-132,site:03,dev:mx304-08,CONTAINS,"{""source"": ""inventory_review"", ""method"": ""vendor_export"", ""observed_at"": ""2026-05-15T00:00:00+00:00"", ""valid_from"": ""2026-05-15T00:00:00+00:00"", ""valid_to"": null, ""confidence"": 1.0}",2026-09-01T12:36:16.041884
edge-133,dev:mx304-08,sw:junos-23.4R2,RUNS,"{""source"": ""inventory_review"", ""method"": ""vendor_export"", ""observed_at"": ""2026-05-15T00:00:00+00:00"", ""valid_from"": ""2026-05-15T00:00:00+00:00"", ""valid_to"": null, ""confidence"": 1.0}",2026-09-01T12:36:16.041916
edge-134,dev:mx304-08,port:mx304-08:et-0/0/0,HAS_PORT,"{""source"": ""config_backup"", ""method"": ""config_parse"", ""observed_at"": ""2026-05-15T00:00:00+00:00"", ""valid_from"": ""2026-05-15T00:00:00+00:00"", ""valid_to"": null, ""confidence"": 1.0}",2026-09-01T12:36:16.041939
edge-135,dev:mx304-08,port:mx304-08:et-0/0/1,HAS_PORT,"{""source"": ""config_backup"", ""method"": ""config_parse"", ""observed_at"": ""2026-05-15T00:00:00+00:00"", ""valid_from"": ""2026-05-15T00:00:00+00:00"", ""valid_to"": null, ""confidence"": 1.0}",2026-09-01T12:36:16.041961
edge-136,dev:mx304-08,port:mx304-08:et-0/0/2,HAS_PORT,"{""source"": ""config_backup"", ""method"": ""config_parse"", ""observed_at"": ""2026-05-15T00:00:00+00:00"", ""valid_from"": ""2026-05-15T00:00:00+00:00"", ""valid_to"": null, ""confidence"": 1.0}",2026-09-01T12:36:16.041983
edge-137,dev:mx304-08,port:mx304-08:et-0/0/3,HAS_PORT,"{""source"": ""config_backup"", ""method"": ""config_parse"", ""observed_at"": ""2026-05-15T00:00:00+00:00"", ""valid_from"": ""2026-05-15T00:00:00+00:00"", ""valid_to"": null, ""confidence"": 1.0}",2026-09-01T12:36:16.042008
edge-138,dev:mx304-08,port:mx304-08:xe-0/1/0,HAS_PORT,"{""source"": ""config_backup"", ""method"": ""config_parse"", ""observed_at"": ""2026-05-15T00:00:00+00:00"", ""valid_from"": ""2026-05-15T00:00:00+00:00"", ""valid_to"": null, ""confidence"": 1.0}",2026-09-01T12:36:16.042030
edge-139,dev:mx304-08,port:mx304-08:xe-0/1/1,HAS_PORT,"{""source"": ""config_backup"", ""method"": ""config_parse"", ""observed_at"": ""2026-05-15T00:00:00+00:00"", ""valid_from"": ""2026-05-15T00:00:00+00:00"", ""valid_to"": null, ""confidence"": 1.0}",2026-09-01T12:36:16.042055
edge-140,dev:mx304-08,port:mx304-08:xe-0/1/2,HAS_PORT,"{""source"": ""config_backup"", ""method"": ""config_parse"", ""observed_at"": ""2026-05-15T00:00:00+00:00"", ""valid_from"": ""2026-05-15T00:00:00+00:00"", ""valid_to"": null, ""confidence"": 1.0}",2026-09-01T12:36:16.042077
edge-141,dev:mx304-08,port:mx304-08:xe-0/1/3,HAS_PORT,"{""source"": ""config_backup"", ""method"": ""config_parse"", ""observed_at"": ""2026-05-15T00:00:00+00:00"", ""valid_from"": ""2026-05-15T00:00:00+00:00"", ""valid_to"": null, ""confidence"": 1.0}",2026-09-01T12:36:16.042099
edge-142,dev:mx304-08,port:mx304-08:xe-0/1/4,HAS_PORT,"{""source"": ""config_backup"", ""method"": ""config_parse"", ""observed_at"": ""2026-05-15T00:00:00+00:00"", ""valid_from"": ""2026-05-15T00:00:00+00:00"", ""valid_to"": null, ""confidence"": 1.0}",2026-09-01T12:36:16.042120
edge-143,dev:mx304-08,port:mx304-08:xe-0/1/5,HAS_PORT,"{""source"": ""config_backup"", ""method"": ""config_parse"", ""observed_at"": ""2026-05-15T00:00:00+00:00"", ""valid_from"": ""2026-05-15T00:00:00+00:00"", ""valid_to"": null, ""confidence"": 1.0}",2026-09-01T12:36:16.042141
edge-144,dev:mx304-08,port:mx304-08:xe-0/1/6,HAS_PORT,"{""source"": ""config_backup"", ""method"": ""config_parse"", ""observed_at"": ""2026-05-15T00:00:00+00:00"", ""valid_from"": ""2026-05-15T00:00:00+00:00"", ""valid_to"": null, ""confidence"": 1.0}",2026-09-01T12:36:16.042166
edge-145,dev:mx304-08,port:mx304-08:xe-0/1/7,HAS_PORT,"{""source"": ""config_backup"", ""method"": ""config_parse"", ""observed_at"": ""2026-05-15T00:00:00+00:00"", ""valid_from"": ""2026-05-15T00:00:00+00:00"", ""valid_to"": null, ""confidence"": 1.0}",2026-09-01T12:36:16.042188
edge-146,port:mx304-08:et-0/0/0,link:mx304-08:et-0/0/0--mx960-gldt:et-0/0/7,TERMINATES,"{""link_end"": ""a"", ""source"": ""nms"", ""method"": ""lldp"", ""observed_at"": ""2026-05-15T00:00:00+00:00"", ""valid_from"": ""2026-05-15T00:00:00+00:00"", ""valid_to"": null, ""confidence"": 1.0}",2026-09-01T12:36:16.042211
edge-147,port:mx960-gldt:et-0/0/7,link:mx304-08:et-0/0/0--mx960-gldt:et-0/0/7,TERMINATES,"{""link_end"": ""z"", ""source"": ""nms"", ""method"": ""lldp"", ""observed_at"": ""2026-05-15T00:00:00+00:00"", ""valid_from"": ""2026-05-15T00:00:00+00:00"", ""valid_to"": null, ""confidence"": 1.0}",2026-09-01T12:36:16.042233
edge-148,site:04,dev:mx304-09,CONTAINS,"{""source"": ""inventory_review"", ""method"": ""vendor_export"", ""observed_at"": ""2026-05-15T00:00:00+00:00"", ""valid_from"": ""2026-05-15T00:00:00+00:00"", ""valid_to"": null, ""confidence"": 1.0}",2026-09-01T12:36:16.042255
edge-149,dev:mx304-09,sw:junos-23.4R2,RUNS,"{""source"": ""inventory_review"", ""method"": ""vendor_export"", ""observed_at"": ""2026-05-15T00:00:00+00:00"", ""valid_from"": ""2026-05-15T00:00:00+00:00"", ""valid_to"": null, ""confidence"": 1.0}",2026-09-01T12:36:16.042276
edge-150,dev:mx304-09,port:mx304-09:et-0/0/0,HAS_PORT,"{""source"": ""config_backup"", ""method"": ""config_parse"", ""observed_at"": ""2026-05-15T00:00:00+00:00"", ""valid_from"": ""2026-05-15T00:00:00+00:00"", ""valid_to"": null, ""confidence"": 1.0}",2026-09-01T12:36:16.042300
edge-151,dev:mx304-09,port:mx304-09:et-0/0/1,HAS_PORT,"{""source"": ""config_backup"", ""method"": ""config_parse"", ""observed_at"": ""2026-05-15T00:00:00+00:00"", ""valid_from"": ""2026-05-15T00:00:00+00:00"", ""valid_to"": null, ""confidence"": 1.0}",2026-09-01T12:36:16.042321
edge-152,dev:mx304-09,port:mx304-09:et-0/0/2,HAS_PORT,"{""source"": ""config_backup"", ""method"": ""config_parse"", ""observed_at"": ""2026-05-15T00:00:00+00:00"", ""valid_from"": ""2026-05-15T00:00:00+00:00"", ""valid_to"": null, ""confidence"": 1.0}",2026-09-01T12:36:16.042348
edge-153,dev:mx304-09,port:mx304-09:et-0/0/3,HAS_PORT,"{""source"": ""config_backup"", ""method"": ""config_parse"", ""observed_at"": ""2026-05-15T00:00:00+00:00"", ""valid_from"": ""2026-05-15T00:00:00+00:00"", ""valid_to"": null, ""confidence"": 1.0}",2026-09-01T12:36:16.042371
edge-154,dev:mx304-09,port:mx304-09:xe-0/1/0,HAS_PORT,"{""source"": ""config_backup"", ""method"": ""config_parse"", ""observed_at"": ""2026-05-15T00:00:00+00:00"", ""valid_from"": ""2026-05-15T00:00:00+00:00"", ""valid_to"": null, ""confidence"": 1.0}",2026-09-01T12:36:16.042392
edge-155,dev:mx304-09,port:mx304-09:xe-0/1/1,HAS_PORT,"{""source"": ""config_backup"", ""method"": ""config_parse"", ""observed_at"": ""2026-05-15T00:00:00+00:00"", ""valid_from"": ""2026-05-15T00:00:00+00:00"", ""valid_to"": null, ""confidence"": 1.0}",2026-09-01T12:36:16.042417
edge-156,dev:mx304-09,port:mx304-09:xe-0/1/2,HAS_PORT,"{""source"": ""config_backup"", ""method"": ""config_parse"", ""observed_at"": ""2026-05-15T00:00:00+00:00"", ""valid_from"": ""2026-05-15T00:00:00+00:00"", ""valid_to"": null, ""confidence"": 1.0}",2026-09-01T12:36:16.042440
edge-157,dev:mx304-09,port:mx304-09:xe-0/1/3,HAS_PORT,"{""source"": ""config_backup"", ""method"": ""config_parse"", ""observed_at"": ""2026-05-15T00:00:00+00:00"", ""valid_from"": ""2026-05-15T00:00:00+00:00"", ""valid_to"": null, ""confidence"": 1.0}",2026-09-01T12:36:16.042500
edge-158,dev:mx304-09,port:mx304-09:xe-0/1/4,HAS_PORT,"{""source"": ""config_backup"", ""method"": ""config_parse"", ""observed_at"": ""2026-05-15T00:00:00+00:00"", ""valid_from"": ""2026-05-15T00:00:00+00:00"", ""valid_to"": null, ""confidence"": 1.0}",2026-09-01T12:36:16.042528
edge-159,dev:mx304-09,port:mx304-09:xe-0/1/5,HAS_PORT,"{""source"": ""config_backup"", ""method"": ""config_parse"", ""observed_at"": ""2026-05-15T00:00:00+00:00"", ""valid_from"": ""2026-05-15T00:00:00+00:00"", ""valid_to"": null, ""confidence"": 1.0}",2026-09-01T12:36:16.042550
edge-160,dev:mx304-09,port:mx304-09:xe-0/1/6,HAS_PORT,"{""source"": ""config_backup"", ""method"": ""config_parse"", ""observed_at"": ""2026-05-15T00:00:00+00:00"", ""valid_from"": ""2026-05-15T00:00:00+00:00"", ""valid_to"": null, ""confidence"": 1.0}",2026-09-01T12:36:16.042571
edge-161,dev:mx304-09,port:mx304-09:xe-0/1/7,HAS_PORT,"{""source"": ""config_backup"", ""method"": ""config_parse"", ""observed_at"": ""2026-05-15T00:00:00+00:00"", ""valid_from"": ""2026-05-15T00:00:00+00:00"", ""valid_to"": null, ""confidence"": 1.0}",2026-09-01T12:36:16.042592
edge-162,port:mx304-09:et-0/0/0,link:mx304-09:et-0/0/0--mx960-gldt:et-0/0/8,TERMINATES,"{""link_end"": ""a"", ""source"": ""nms"", ""method"": ""lldp"", ""observed_at"": ""2026-05-15T00:00:00+00:00"", ""valid_from"": ""2026-05-15T00:00:00+00:00"", ""valid_to"": null, ""confidence"": 1.0}",2026-09-01T12:36:16.042615
edge-163,port:mx960-gldt:et-0/0/8,link:mx304-09:et-0/0/0--mx960-gldt:et-0/0/8,TERMINATES,"{""link_end"": ""z"", ""source"": ""nms"", ""method"": ""lldp"", ""observed_at"": ""2026-05-15T00:00:00+00:00"", ""valid_from"": ""2026-05-15T00:00:00+00:00"", ""valid_to"": null, ""confidence"": 1.0}",2026-09-01T12:36:16.042637
edge-164,chg:sang-downgrade,dev:mx304-sang,TARGETS,"{""source"": ""change_record"", ""method"": ""vendor_export"", ""observed_at"": ""2026-05-15T00:00:00+00:00"", ""valid_from"": ""2026-05-15T00:00:00+00:00"", ""valid_to"": null, ""confidence"": 1.0}",2026-09-01T12:36:16.042658
edge-165,chg:sang-downgrade,def:evpn-qinq,MOTIVATED_BY,"{""source"": ""change_record"", ""method"": ""vendor_export"", ""observed_at"": ""2026-05-15T00:00:00+00:00"", ""valid_from"": ""2026-05-15T00:00:00+00:00"", ""valid_to"": null, ""confidence"": 1.0}",2026-09-01T12:36:16.042679
edge-166,chg:acx-234-attempt,def:acx-234-locker,MOTIVATED_BY,"{""source"": ""change_record"", ""method"": ""vendor_export"", ""observed_at"": ""2026-05-15T00:00:00+00:00"", ""valid_from"": ""2026-05-15T00:00:00+00:00"", ""valid_to"": null, ""confidence"": 1.0}",2026-09-01T12:36:16.042701
edge-167,site:gldt,dev:acx-gldt-a,CONTAINS,"{""source"": ""inventory_review"", ""method"": ""vendor_export"", ""observed_at"": ""2026-05-15T00:00:00+00:00"", ""valid_from"": ""2026-05-15T00:00:00+00:00"", ""valid_to"": null, ""confidence"": 1.0}",2026-09-01T12:36:16.042723
edge-168,dev:acx-gldt-a,sw:junos-21.4R3,RUNS,"{""source"": ""inventory_review"", ""method"": ""vendor_export"", ""observed_at"": ""2026-05-15T00:00:00+00:00"", ""valid_from"": ""2026-05-15T00:00:00+00:00"", ""valid_to"": null, ""confidence"": 1.0}",2026-09-01T12:36:16.042745
edge-169,dev:acx-gldt-a,port:acx-gldt-a:et-0/0/0,HAS_PORT,"{""source"": ""config_backup"", ""method"": ""config_parse"", ""observed_at"": ""2026-05-15T00:00:00+00:00"", ""valid_from"": ""2026-05-15T00:00:00+00:00"", ""valid_to"": null, ""confidence"": 1.0}",2026-09-01T12:36:16.042766
edge-170,dev:acx-gldt-a,port:acx-gldt-a:et-0/0/1,HAS_PORT,"{""source"": ""config_backup"", ""method"": ""config_parse"", ""observed_at"": ""2026-05-15T00:00:00+00:00"", ""valid_from"": ""2026-05-15T00:00:00+00:00"", ""valid_to"": null, ""confidence"": 1.0}",2026-09-01T12:36:16.042788
edge-171,dev:acx-gldt-a,port:acx-gldt-a:xe-0/0/0,HAS_PORT,"{""source"": ""config_backup"", ""method"": ""config_parse"", ""observed_at"": ""2026-05-15T00:00:00+00:00"", ""valid_from"": ""2026-05-15T00:00:00+00:00"", ""valid_to"": null, ""confidence"": 1.0}",2026-09-01T12:36:16.042809
edge-172,dev:acx-gldt-a,port:acx-gldt-a:xe-0/0/1,HAS_PORT,"{""source"": ""config_backup"", ""method"": ""config_parse"", ""observed_at"": ""2026-05-15T00:00:00+00:00"", ""valid_from"": ""2026-05-15T00:00:00+00:00"", ""valid_to"": null, ""confidence"": 1.0}",2026-09-01T12:36:16.042831
edge-173,dev:acx-gldt-a,port:acx-gldt-a:xe-0/0/2,HAS_PORT,"{""source"": ""config_backup"", ""method"": ""config_parse"", ""observed_at"": ""2026-05-15T00:00:00+00:00"", ""valid_from"": ""2026-05-15T00:00:00+00:00"", ""valid_to"": null, ""confidence"": 1.0}",2026-09-01T12:36:16.042859
edge-174,dev:acx-gldt-a,port:acx-gldt-a:xe-0/0/3,HAS_PORT,"{""source"": ""config_backup"", ""method"": ""config_parse"", ""observed_at"": ""2026-05-15T00:00:00+00:00"", ""valid_from"": ""2026-05-15T00:00:00+00:00"", ""valid_to"": null, ""confidence"": 1.0}",2026-09-01T12:36:16.042918
edge-175,port:acx-gldt-a:et-0/0/0,link:acx-gldt-a:et-0/0/0--mx304-sang:xe-0/1/1,TERMINATES,"{""link_end"": ""a"", ""source"": ""nms"", ""method"": ""lldp"", ""observed_at"": ""2026-05-15T00:00:00+00:00"", ""valid_from"": ""2026-05-15T00:00:00+00:00"", ""valid_to"": null, ""confidence"": 1.0}",2026-09-01T12:36:16.042978
edge-176,port:mx304-sang:xe-0/1/1,link:acx-gldt-a:et-0/0/0--mx304-sang:xe-0/1/1,TERMINATES,"{""link_end"": ""z"", ""source"": ""nms"", ""method"": ""lldp"", ""observed_at"": ""2026-05-15T00:00:00+00:00"", ""valid_from"": ""2026-05-15T00:00:00+00:00"", ""valid_to"": null, ""confidence"": 1.0}",2026-09-01T12:36:16.043007
edge-177,chg:acx-234-attempt,dev:acx-gldt-a,TARGETS,"{""source"": ""change_record"", ""method"": ""vendor_export"", ""observed_at"": ""2026-05-15T00:00:00+00:00"", ""valid_from"": ""2026-05-15T00:00:00+00:00"", ""valid_to"": null, ""confidence"": 1.0}",2026-09-01T12:36:16.043030
edge-178,site:sang,dev:acx-sang-a,CONTAINS,"{""source"": ""inventory_review"", ""method"": ""vendor_export"", ""observed_at"": ""2026-05-15T00:00:00+00:00"", ""valid_from"": ""2026-05-15T00:00:00+00:00"", ""valid_to"": null, ""confidence"": 1.0}",2026-09-01T12:36:16.043058
edge-179,dev:acx-sang-a,sw:junos-21.4R3,RUNS,"{""source"": ""inventory_review"", ""method"": ""vendor_export"", ""observed_at"": ""2026-05-15T00:00:00+00:00"", ""valid_from"": ""2026-05-15T00:00:00+00:00"", ""valid_to"": null, ""confidence"": 1.0}",2026-09-01T12:36:16.043080
edge-180,dev:acx-sang-a,port:acx-sang-a:et-0/0/0,HAS_PORT,"{""source"": ""config_backup"", ""method"": ""config_parse"", ""observed_at"": ""2026-05-15T00:00:00+00:00"", ""valid_from"": ""2026-05-15T00:00:00+00:00"", ""valid_to"": null, ""confidence"": 1.0}",2026-09-01T12:36:16.043102
edge-181,dev:acx-sang-a,port:acx-sang-a:et-0/0/1,HAS_PORT,"{""source"": ""config_backup"", ""method"": ""config_parse"", ""observed_at"": ""2026-05-15T00:00:00+00:00"", ""valid_from"": ""2026-05-15T00:00:00+00:00"", ""valid_to"": null, ""confidence"": 1.0}",2026-09-01T12:36:16.043123
edge-182,dev:acx-sang-a,port:acx-sang-a:xe-0/0/0,HAS_PORT,"{""source"": ""config_backup"", ""method"": ""config_parse"", ""observed_at"": ""2026-05-15T00:00:00+00:00"", ""valid_from"": ""2026-05-15T00:00:00+00:00"", ""valid_to"": null, ""confidence"": 1.0}",2026-09-01T12:36:16.043145
edge-183,dev:acx-sang-a,port:acx-sang-a:xe-0/0/1,HAS_PORT,"{""source"": ""config_backup"", ""method"": ""config_parse"", ""observed_at"": ""2026-05-15T00:00:00+00:00"", ""valid_from"": ""2026-05-15T00:00:00+00:00"", ""valid_to"": null, ""confidence"": 1.0}",2026-09-01T12:36:16.043167
edge-184,dev:acx-sang-a,port:acx-sang-a:xe-0/0/2,HAS_PORT,"{""source"": ""config_backup"", ""method"": ""config_parse"", ""observed_at"": ""2026-05-15T00:00:00+00:00"", ""valid_from"": ""2026-05-15T00:00:00+00:00"", ""valid_to"": null, ""confidence"": 1.0}",2026-09-01T12:36:16.043192
edge-185,dev:acx-sang-a,port:acx-sang-a:xe-0/0/3,HAS_PORT,"{""source"": ""config_backup"", ""method"": ""config_parse"", ""observed_at"": ""2026-05-15T00:00:00+00:00"", ""valid_from"": ""2026-05-15T00:00:00+00:00"", ""valid_to"": null, ""confidence"": 1.0}",2026-09-01T12:36:16.043214
edge-186,port:acx-sang-a:et-0/0/0,link:acx-sang-a:et-0/0/0--mx304-sang:xe-0/1/2,TERMINATES,"{""link_end"": ""a"", ""source"": ""nms"", ""method"": ""lldp"", ""observed_at"": ""2026-05-15T00:00:00+00:00"", ""valid_from"": ""2026-05-15T00:00:00+00:00"", ""valid_to"": null, ""confidence"": 1.0}",2026-09-01T12:36:16.043236
edge-187,port:mx304-sang:xe-0/1/2,link:acx-sang-a:et-0/0/0--mx304-sang:xe-0/1/2,TERMINATES,"{""link_end"": ""z"", ""source"": ""nms"", ""method"": ""lldp"", ""observed_at"": ""2026-05-15T00:00:00+00:00"", ""valid_from"": ""2026-05-15T00:00:00+00:00"", ""valid_to"": null, ""confidence"": 1.0}",2026-09-01T12:36:16.043262
edge-188,chg:acx-234-attempt,dev:acx-sang-a,TARGETS,"{""source"": ""change_record"", ""method"": ""vendor_export"", ""observed_at"": ""2026-05-15T00:00:00+00:00"", ""valid_from"": ""2026-05-15T00:00:00+00:00"", ""valid_to"": null, ""confidence"": 1.0}",2026-09-01T12:36:16.043284
edge-189,site:06,dev:acx-03,CONTAINS,"{""source"": ""inventory_review"", ""method"": ""vendor_export"", ""observed_at"": ""2026-05-15T00:00:00+00:00"", ""valid_from"": ""2026-05-15T00:00:00+00:00"", ""valid_to"": null, ""confidence"": 1.0}",2026-09-01T12:36:16.043306
edge-190,dev:acx-03,sw:junos-22.4R3-S7.5,RUNS,"{""source"": ""inventory_review"", ""method"": ""vendor_export"", ""observed_at"": ""2026-05-15T00:00:00+00:00"", ""valid_from"": ""2026-05-15T00:00:00+00:00"", ""valid_to"": null, ""confidence"": 1.0}",2026-09-01T12:36:16.043328
edge-191,dev:acx-03,port:acx-03:et-0/0/0,HAS_PORT,"{""source"": ""config_backup"", ""method"": ""config_parse"", ""observed_at"": ""2026-05-15T00:00:00+00:00"", ""valid_from"": ""2026-05-15T00:00:00+00:00"", ""valid_to"": null, ""confidence"": 1.0}",2026-09-01T12:36:16.043350
edge-192,dev:acx-03,port:acx-03:et-0/0/1,HAS_PORT,"{""source"": ""config_backup"", ""method"": ""config_parse"", ""observed_at"": ""2026-05-15T00:00:00+00:00"", ""valid_from"": ""2026-05-15T00:00:00+00:00"", ""valid_to"": null, ""confidence"": 1.0}",2026-09-01T12:36:16.043372
edge-193,dev:acx-03,port:acx-03:xe-0/0/0,HAS_PORT,"{""source"": ""config_backup"", ""method"": ""config_parse"", ""observed_at"": ""2026-05-15T00:00:00+00:00"", ""valid_from"": ""2026-05-15T00:00:00+00:00"", ""valid_to"": null, ""confidence"": 1.0}",2026-09-01T12:36:16.043393
edge-194,dev:acx-03,port:acx-03:xe-0/0/1,HAS_PORT,"{""source"": ""config_backup"", ""method"": ""config_parse"", ""observed_at"": ""2026-05-15T00:00:00+00:00"", ""valid_from"": ""2026-05-15T00:00:00+00:00"", ""valid_to"": null, ""confidence"": 1.0}",2026-09-01T12:36:16.043415
edge-195,dev:acx-03,port:acx-03:xe-0/0/2,HAS_PORT,"{""source"": ""config_backup"", ""method"": ""config_parse"", ""observed_at"": ""2026-05-15T00:00:00+00:00"", ""valid_from"": ""2026-05-15T00:00:00+00:00"", ""valid_to"": null, ""confidence"": 1.0}",2026-09-01T12:36:16.043441
edge-196,dev:acx-03,port:acx-03:xe-0/0/3,HAS_PORT,"{""source"": ""config_backup"", ""method"": ""config_parse"", ""observed_at"": ""2026-05-15T00:00:00+00:00"", ""valid_from"": ""2026-05-15T00:00:00+00:00"", ""valid_to"": null, ""confidence"": 1.0}",2026-09-01T12:36:16.043498
edge-197,port:acx-03:et-0/0/0,link:acx-03:et-0/0/0--mx304-03:xe-0/1/3,TERMINATES,"{""link_end"": ""a"", ""source"": ""nms"", ""method"": ""lldp"", ""observed_at"": ""2026-05-15T00:00:00+00:00"", ""valid_from"": ""2026-05-15T00:00:00+00:00"", ""valid_to"": null, ""confidence"": 1.0}",2026-09-01T12:36:16.043529
edge-198,port:mx304-03:xe-0/1/3,link:acx-03:et-0/0/0--mx304-03:xe-0/1/3,TERMINATES,"{""link_end"": ""z"", ""source"": ""nms"", ""method"": ""lldp"", ""observed_at"": ""2026-05-15T00:00:00+00:00"", ""valid_from"": ""2026-05-15T00:00:00+00:00"", ""valid_to"": null, ""confidence"": 1.0}",2026-09-01T12:36:16.043551
edge-199,chg:acx-234-attempt,dev:acx-03,TARGETS,"{""source"": ""change_record"", ""method"": ""vendor_export"", ""observed_at"": ""2026-05-15T00:00:00+00:00"", ""valid_from"": ""2026-05-15T00:00:00+00:00"", ""valid_to"": null, ""confidence"": 1.0}",2026-09-01T12:36:16.043577
edge-200,site:07,dev:acx-04,CONTAINS,"{""source"": ""inventory_review"", ""method"": ""vendor_export"", ""observed_at"": ""2026-05-15T00:00:00+00:00"", ""valid_from"": ""2026-05-15T00:00:00+00:00"", ""valid_to"": null, ""confidence"": 1.0}",2026-09-01T12:36:16.043599
edge-201,dev:acx-04,sw:junos-22.4R3-S7.5,RUNS,"{""source"": ""inventory_review"", ""method"": ""vendor_export"", ""observed_at"": ""2026-05-15T00:00:00+00:00"", ""valid_from"": ""2026-05-15T00:00:00+00:00"", ""valid_to"": null, ""confidence"": 1.0}",2026-09-01T12:36:16.043621
edge-202,dev:acx-04,port:acx-04:et-0/0/0,HAS_PORT,"{""source"": ""config_backup"", ""method"": ""config_parse"", ""observed_at"": ""2026-05-15T00:00:00+00:00"", ""valid_from"": ""2026-05-15T00:00:00+00:00"", ""valid_to"": null, ""confidence"": 1.0}",2026-09-01T12:36:16.043645
edge-203,dev:acx-04,port:acx-04:et-0/0/1,HAS_PORT,"{""source"": ""config_backup"", ""method"": ""config_parse"", ""observed_at"": ""2026-05-15T00:00:00+00:00"", ""valid_from"": ""2026-05-15T00:00:00+00:00"", ""valid_to"": null, ""confidence"": 1.0}",2026-09-01T12:36:16.043667
edge-204,dev:acx-04,port:acx-04:xe-0/0/0,HAS_PORT,"{""source"": ""config_backup"", ""method"": ""config_parse"", ""observed_at"": ""2026-05-15T00:00:00+00:00"", ""valid_from"": ""2026-05-15T00:00:00+00:00"", ""valid_to"": null, ""confidence"": 1.0}",2026-09-01T12:36:16.043689
edge-205,dev:acx-04,port:acx-04:xe-0/0/1,HAS_PORT,"{""source"": ""config_backup"", ""method"": ""config_parse"", ""observed_at"": ""2026-05-15T00:00:00+00:00"", ""valid_from"": ""2026-05-15T00:00:00+00:00"", ""valid_to"": null, ""confidence"": 1.0}",2026-09-01T12:36:16.043710
edge-206,dev:acx-04,port:acx-04:xe-0/0/2,HAS_PORT,"{""source"": ""config_backup"", ""method"": ""config_parse"", ""observed_at"": ""2026-05-15T00:00:00+00:00"", ""valid_from"": ""2026-05-15T00:00:00+00:00"", ""valid_to"": null, ""confidence"": 1.0}",2026-09-01T12:36:16.043732
edge-207,dev:acx-04,port:acx-04:xe-0/0/3,HAS_PORT,"{""source"": ""config_backup"", ""method"": ""config_parse"", ""observed_at"": ""2026-05-15T00:00:00+00:00"", ""valid_from"": ""2026-05-15T00:00:00+00:00"", ""valid_to"": null, ""confidence"": 1.0}",2026-09-01T12:36:16.043754
edge-208,port:acx-04:et-0/0/0,link:acx-04:et-0/0/0--mx304-04:xe-0/1/4,TERMINATES,"{""link_end"": ""a"", ""source"": ""nms"", ""method"": ""lldp"", ""observed_at"": ""2026-05-15T00:00:00+00:00"", ""valid_from"": ""2026-05-15T00:00:00+00:00"", ""valid_to"": null, ""confidence"": 1.0}",2026-09-01T12:36:16.043776
edge-209,port:mx304-04:xe-0/1/4,link:acx-04:et-0/0/0--mx304-04:xe-0/1/4,TERMINATES,"{""link_end"": ""z"", ""source"": ""nms"", ""method"": ""lldp"", ""observed_at"": ""2026-05-15T00:00:00+00:00"", ""valid_from"": ""2026-05-15T00:00:00+00:00"", ""valid_to"": null, ""confidence"": 1.0}",2026-09-01T12:36:16.043799
edge-210,chg:acx-234-attempt,dev:acx-04,TARGETS,"{""source"": ""change_record"", ""method"": ""vendor_export"", ""observed_at"": ""2026-05-15T00:00:00+00:00"", ""valid_from"": ""2026-05-15T00:00:00+00:00"", ""valid_to"": null, ""confidence"": 1.0}",2026-09-01T12:36:16.043821
edge-211,site:08,dev:acx-05,CONTAINS,"{""source"": ""inventory_review"", ""method"": ""vendor_export"", ""observed_at"": ""2026-05-15T00:00:00+00:00"", ""valid_from"": ""2026-05-15T00:00:00+00:00"", ""valid_to"": null, ""confidence"": 1.0}",2026-09-01T12:36:16.043842
edge-212,dev:acx-05,sw:junos-22.4R3-S7.5,RUNS,"{""source"": ""inventory_review"", ""method"": ""vendor_export"", ""observed_at"": ""2026-05-15T00:00:00+00:00"", ""valid_from"": ""2026-05-15T00:00:00+00:00"", ""valid_to"": null, ""confidence"": 1.0}",2026-09-01T12:36:16.043864
edge-213,dev:acx-05,port:acx-05:et-0/0/0,HAS_PORT,"{""source"": ""config_backup"", ""method"": ""config_parse"", ""observed_at"": ""2026-05-15T00:00:00+00:00"", ""valid_from"": ""2026-05-15T00:00:00+00:00"", ""valid_to"": null, ""confidence"": 1.0}",2026-09-01T12:36:16.043886
edge-214,dev:acx-05,port:acx-05:et-0/0/1,HAS_PORT,"{""source"": ""config_backup"", ""method"": ""config_parse"", ""observed_at"": ""2026-05-15T00:00:00+00:00"", ""valid_from"": ""2026-05-15T00:00:00+00:00"", ""valid_to"": null, ""confidence"": 1.0}",2026-09-01T12:36:16.043908
edge-215,dev:acx-05,port:acx-05:xe-0/0/0,HAS_PORT,"{""source"": ""config_backup"", ""method"": ""config_parse"", ""observed_at"": ""2026-05-15T00:00:00+00:00"", ""valid_from"": ""2026-05-15T00:00:00+00:00"", ""valid_to"": null, ""confidence"": 1.0}",2026-09-01T12:36:16.043930
edge-216,dev:acx-05,port:acx-05:xe-0/0/1,HAS_PORT,"{""source"": ""config_backup"", ""method"": ""config_parse"", ""observed_at"": ""2026-05-15T00:00:00+00:00"", ""valid_from"": ""2026-05-15T00:00:00+00:00"", ""valid_to"": null, ""confidence"": 1.0}",2026-09-01T12:36:16.043956
edge-217,dev:acx-05,port:acx-05:xe-0/0/2,HAS_PORT,"{""source"": ""config_backup"", ""method"": ""config_parse"", ""observed_at"": ""2026-05-15T00:00:00+00:00"", ""valid_from"": ""2026-05-15T00:00:00+00:00"", ""valid_to"": null, ""confidence"": 1.0}",2026-09-01T12:36:16.043981
edge-218,dev:acx-05,port:acx-05:xe-0/0/3,HAS_PORT,"{""source"": ""config_backup"", ""method"": ""config_parse"", ""observed_at"": ""2026-05-15T00:00:00+00:00"", ""valid_from"": ""2026-05-15T00:00:00+00:00"", ""valid_to"": null, ""confidence"": 1.0}",2026-09-01T12:36:16.044003
edge-219,port:acx-05:et-0/0/0,link:acx-05:et-0/0/0--mx304-05:xe-0/1/5,TERMINATES,"{""link_end"": ""a"", ""source"": ""nms"", ""method"": ""lldp"", ""observed_at"": ""2026-05-15T00:00:00+00:00"", ""valid_from"": ""2026-05-15T00:00:00+00:00"", ""valid_to"": null, ""confidence"": 1.0}",2026-09-01T12:36:16.044025
edge-220,port:mx304-05:xe-0/1/5,link:acx-05:et-0/0/0--mx304-05:xe-0/1/5,TERMINATES,"{""link_end"": ""z"", ""source"": ""nms"", ""method"": ""lldp"", ""observed_at"": ""2026-05-15T00:00:00+00:00"", ""valid_from"": ""2026-05-15T00:00:00+00:00"", ""valid_to"": null, ""confidence"": 1.0}",2026-09-01T12:36:16.044047
edge-221,chg:acx-234-attempt,dev:acx-05,TARGETS,"{""source"": ""change_record"", ""method"": ""vendor_export"", ""observed_at"": ""2026-05-15T00:00:00+00:00"", ""valid_from"": ""2026-05-15T00:00:00+00:00"", ""valid_to"": null, ""confidence"": 1.0}",2026-09-01T12:36:16.044069
edge-222,site:09,dev:acx-06,CONTAINS,"{""source"": ""inventory_review"", ""method"": ""vendor_export"", ""observed_at"": ""2026-05-15T00:00:00+00:00"", ""valid_from"": ""2026-05-15T00:00:00+00:00"", ""valid_to"": null, ""confidence"": 1.0}",2026-09-01T12:36:16.044091
edge-223,dev:acx-06,sw:junos-22.4R3-S7.5,RUNS,"{""source"": ""inventory_review"", ""method"": ""vendor_export"", ""observed_at"": ""2026-05-15T00:00:00+00:00"", ""valid_from"": ""2026-05-15T00:00:00+00:00"", ""valid_to"": null, ""confidence"": 1.0}",2026-09-01T12:36:16.044116
edge-224,dev:acx-06,port:acx-06:et-0/0/0,HAS_PORT,"{""source"": ""config_backup"", ""method"": ""config_parse"", ""observed_at"": ""2026-05-15T00:00:00+00:00"", ""valid_from"": ""2026-05-15T00:00:00+00:00"", ""valid_to"": null, ""confidence"": 1.0}",2026-09-01T12:36:16.044138
edge-225,dev:acx-06,port:acx-06:et-0/0/1,HAS_PORT,"{""source"": ""config_backup"", ""method"": ""config_parse"", ""observed_at"": ""2026-05-15T00:00:00+00:00"", ""valid_from"": ""2026-05-15T00:00:00+00:00"", ""valid_to"": null, ""confidence"": 1.0}",2026-09-01T12:36:16.044163
edge-226,dev:acx-06,port:acx-06:xe-0/0/0,HAS_PORT,"{""source"": ""config_backup"", ""method"": ""config_parse"", ""observed_at"": ""2026-05-15T00:00:00+00:00"", ""valid_from"": ""2026-05-15T00:00:00+00:00"", ""valid_to"": null, ""confidence"": 1.0}",2026-09-01T12:36:16.044185
edge-227,dev:acx-06,port:acx-06:xe-0/0/1,HAS_PORT,"{""source"": ""config_backup"", ""method"": ""config_parse"", ""observed_at"": ""2026-05-15T00:00:00+00:00"", ""valid_from"": ""2026-05-15T00:00:00+00:00"", ""valid_to"": null, ""confidence"": 1.0}",2026-09-01T12:36:16.044207
edge-228,dev:acx-06,port:acx-06:xe-0/0/2,HAS_PORT,"{""source"": ""config_backup"", ""method"": ""config_parse"", ""observed_at"": ""2026-05-15T00:00:00+00:00"", ""valid_from"": ""2026-05-15T00:00:00+00:00"", ""valid_to"": null, ""confidence"": 1.0}",2026-09-01T12:36:16.044228
edge-229,dev:acx-06,port:acx-06:xe-0/0/3,HAS_PORT,"{""source"": ""config_backup"", ""method"": ""config_parse"", ""observed_at"": ""2026-05-15T00:00:00+00:00"", ""valid_from"": ""2026-05-15T00:00:00+00:00"", ""valid_to"": null, ""confidence"": 1.0}",2026-09-01T12:36:16.044250
edge-230,port:acx-06:et-0/0/0,link:acx-06:et-0/0/0--mx304-06:xe-0/1/6,TERMINATES,"{""link_end"": ""a"", ""source"": ""nms"", ""method"": ""lldp"", ""observed_at"": ""2026-05-15T00:00:00+00:00"", ""valid_from"": ""2026-05-15T00:00:00+00:00"", ""valid_to"": null, ""confidence"": 1.0}",2026-09-01T12:36:16.044272
edge-231,port:mx304-06:xe-0/1/6,link:acx-06:et-0/0/0--mx304-06:xe-0/1/6,TERMINATES,"{""link_end"": ""z"", ""source"": ""nms"", ""method"": ""lldp"", ""observed_at"": ""2026-05-15T00:00:00+00:00"", ""valid_from"": ""2026-05-15T00:00:00+00:00"", ""valid_to"": null, ""confidence"": 1.0}",2026-09-01T12:36:16.044294
edge-232,chg:acx-234-attempt,dev:acx-06,TARGETS,"{""source"": ""change_record"", ""method"": ""vendor_export"", ""observed_at"": ""2026-05-15T00:00:00+00:00"", ""valid_from"": ""2026-05-15T00:00:00+00:00"", ""valid_to"": null, ""confidence"": 1.0}",2026-09-01T12:36:16.044316
edge-233,site:10,dev:acx-07,CONTAINS,"{""source"": ""inventory_review"", ""method"": ""vendor_export"", ""observed_at"": ""2026-05-15T00:00:00+00:00"", ""valid_from"": ""2026-05-15T00:00:00+00:00"", ""valid_to"": null, ""confidence"": 1.0}",2026-09-01T12:36:16.044338
edge-234,dev:acx-07,sw:junos-22.4R3-S7.5,RUNS,"{""source"": ""inventory_review"", ""method"": ""vendor_export"", ""observed_at"": ""2026-05-15T00:00:00+00:00"", ""valid_from"": ""2026-05-15T00:00:00+00:00"", ""valid_to"": null, ""confidence"": 1.0}",2026-09-01T12:36:16.044361
edge-235,dev:acx-07,port:acx-07:et-0/0/0,HAS_PORT,"{""source"": ""config_backup"", ""method"": ""config_parse"", ""observed_at"": ""2026-05-15T00:00:00+00:00"", ""valid_from"": ""2026-05-15T00:00:00+00:00"", ""valid_to"": null, ""confidence"": 1.0}",2026-09-01T12:36:16.044383
edge-236,dev:acx-07,port:acx-07:et-0/0/1,HAS_PORT,"{""source"": ""config_backup"", ""method"": ""config_parse"", ""observed_at"": ""2026-05-15T00:00:00+00:00"", ""valid_from"": ""2026-05-15T00:00:00+00:00"", ""valid_to"": null, ""confidence"": 1.0}",2026-09-01T12:36:16.044408
edge-237,dev:acx-07,port:acx-07:xe-0/0/0,HAS_PORT,"{""source"": ""config_backup"", ""method"": ""config_parse"", ""observed_at"": ""2026-05-15T00:00:00+00:00"", ""valid_from"": ""2026-05-15T00:00:00+00:00"", ""valid_to"": null, ""confidence"": 1.0}",2026-09-01T12:36:16.044430
edge-238,dev:acx-07,port:acx-07:xe-0/0/1,HAS_PORT,"{""source"": ""config_backup"", ""method"": ""config_parse"", ""observed_at"": ""2026-05-15T00:00:00+00:00"", ""valid_from"": ""2026-05-15T00:00:00+00:00"", ""valid_to"": null, ""confidence"": 1.0}",2026-09-01T12:36:16.044484
edge-239,dev:acx-07,port:acx-07:xe-0/0/2,HAS_PORT,"{""source"": ""config_backup"", ""method"": ""config_parse"", ""observed_at"": ""2026-05-15T00:00:00+00:00"", ""valid_from"": ""2026-05-15T00:00:00+00:00"", ""valid_to"": null, ""confidence"": 1.0}",2026-09-01T12:36:16.044539
edge-240,dev:acx-07,port:acx-07:xe-0/0/3,HAS_PORT,"{""source"": ""config_backup"", ""method"": ""config_parse"", ""observed_at"": ""2026-05-15T00:00:00+00:00"", ""valid_from"": ""2026-05-15T00:00:00+00:00"", ""valid_to"": null, ""confidence"": 1.0}",2026-09-01T12:36:16.044584
edge-241,port:acx-07:et-0/0/0,link:acx-07:et-0/0/0--mx304-07:xe-0/1/7,TERMINATES,"{""link_end"": ""a"", ""source"": ""nms"", ""method"": ""lldp"", ""observed_at"": ""2026-05-15T00:00:00+00:00"", ""valid_from"": ""2026-05-15T00:00:00+00:00"", ""valid_to"": null, ""confidence"": 1.0}",2026-09-01T12:36:16.044611
edge-242,port:mx304-07:xe-0/1/7,link:acx-07:et-0/0/0--mx304-07:xe-0/1/7,TERMINATES,"{""link_end"": ""z"", ""source"": ""nms"", ""method"": ""lldp"", ""observed_at"": ""2026-05-15T00:00:00+00:00"", ""valid_from"": ""2026-05-15T00:00:00+00:00"", ""valid_to"": null, ""confidence"": 1.0}",2026-09-01T12:36:16.044633
edge-243,chg:acx-234-attempt,dev:acx-07,TARGETS,"{""source"": ""change_record"", ""method"": ""vendor_export"", ""observed_at"": ""2026-05-15T00:00:00+00:00"", ""valid_from"": ""2026-05-15T00:00:00+00:00"", ""valid_to"": null, ""confidence"": 1.0}",2026-09-01T12:36:16.044655
edge-244,site:03,dev:acx-08,CONTAINS,"{""source"": ""inventory_review"", ""method"": ""vendor_export"", ""observed_at"": ""2026-05-15T00:00:00+00:00"", ""valid_from"": ""2026-05-15T00:00:00+00:00"", ""valid_to"": null, ""confidence"": 1.0}",2026-09-01T12:36:16.044677
edge-245,dev:acx-08,sw:junos-22.4R3-S7.5,RUNS,"{""source"": ""inventory_review"", ""method"": ""vendor_export"", ""observed_at"": ""2026-05-15T00:00:00+00:00"", ""valid_from"": ""2026-05-15T00:00:00+00:00"", ""valid_to"": null, ""confidence"": 1.0}",2026-09-01T12:36:16.044698
edge-246,dev:acx-08,port:acx-08:et-0/0/0,HAS_PORT,"{""source"": ""config_backup"", ""method"": ""config_parse"", ""observed_at"": ""2026-05-15T00:00:00+00:00"", ""valid_from"": ""2026-05-15T00:00:00+00:00"", ""valid_to"": null, ""confidence"": 1.0}",2026-09-01T12:36:16.044726
edge-247,dev:acx-08,port:acx-08:et-0/0/1,HAS_PORT,"{""source"": ""config_backup"", ""method"": ""config_parse"", ""observed_at"": ""2026-05-15T00:00:00+00:00"", ""valid_from"": ""2026-05-15T00:00:00+00:00"", ""valid_to"": null, ""confidence"": 1.0}",2026-09-01T12:36:16.044751
edge-248,dev:acx-08,port:acx-08:xe-0/0/0,HAS_PORT,"{""source"": ""config_backup"", ""method"": ""config_parse"", ""observed_at"": ""2026-05-15T00:00:00+00:00"", ""valid_from"": ""2026-05-15T00:00:00+00:00"", ""valid_to"": null, ""confidence"": 1.0}",2026-09-01T12:36:16.044777
edge-249,dev:acx-08,port:acx-08:xe-0/0/1,HAS_PORT,"{""source"": ""config_backup"", ""method"": ""config_parse"", ""observed_at"": ""2026-05-15T00:00:00+00:00"", ""valid_from"": ""2026-05-15T00:00:00+00:00"", ""valid_to"": null, ""confidence"": 1.0}",2026-09-01T12:36:16.044799
edge-250,dev:acx-08,port:acx-08:xe-0/0/2,HAS_PORT,"{""source"": ""config_backup"", ""method"": ""config_parse"", ""observed_at"": ""2026-05-15T00:00:00+00:00"", ""valid_from"": ""2026-05-15T00:00:00+00:00"", ""valid_to"": null, ""confidence"": 1.0}",2026-09-01T12:36:16.044821
edge-251,dev:acx-08,port:acx-08:xe-0/0/3,HAS_PORT,"{""source"": ""config_backup"", ""method"": ""config_parse"", ""observed_at"": ""2026-05-15T00:00:00+00:00"", ""valid_from"": ""2026-05-15T00:00:00+00:00"", ""valid_to"": null, ""confidence"": 1.0}",2026-09-01T12:36:16.044842
edge-252,port:acx-08:et-0/0/0,link:acx-08:et-0/0/0--mx304-08:xe-0/1/0,TERMINATES,"{""link_end"": ""a"", ""source"": ""nms"", ""method"": ""lldp"", ""observed_at"": ""2026-05-15T00:00:00+00:00"", ""valid_from"": ""2026-05-15T00:00:00+00:00"", ""valid_to"": null, ""confidence"": 1.0}",2026-09-01T12:36:16.044864
edge-253,port:mx304-08:xe-0/1/0,link:acx-08:et-0/0/0--mx304-08:xe-0/1/0,TERMINATES,"{""link_end"": ""z"", ""source"": ""nms"", ""method"": ""lldp"", ""observed_at"": ""2026-05-15T00:00:00+00:00"", ""valid_from"": ""2026-05-15T00:00:00+00:00"", ""valid_to"": null, ""confidence"": 1.0}",2026-09-01T12:36:16.044886
edge-254,chg:acx-234-attempt,dev:acx-08,TARGETS,"{""source"": ""change_record"", ""method"": ""vendor_export"", ""observed_at"": ""2026-05-15T00:00:00+00:00"", ""valid_from"": ""2026-05-15T00:00:00+00:00"", ""valid_to"": null, ""confidence"": 1.0}",2026-09-01T12:36:16.044908
edge-255,site:04,dev:acx-09,CONTAINS,"{""source"": ""inventory_review"", ""method"": ""vendor_export"", ""observed_at"": ""2026-05-15T00:00:00+00:00"", ""valid_from"": ""2026-05-15T00:00:00+00:00"", ""valid_to"": null, ""confidence"": 1.0}",2026-09-01T12:36:16.044930
edge-256,dev:acx-09,sw:junos-22.4R3-S7.5,RUNS,"{""source"": ""inventory_review"", ""method"": ""vendor_export"", ""observed_at"": ""2026-05-15T00:00:00+00:00"", ""valid_from"": ""2026-05-15T00:00:00+00:00"", ""valid_to"": null, ""confidence"": 1.0}",2026-09-01T12:36:16.044955
edge-257,dev:acx-09,port:acx-09:et-0/0/0,HAS_PORT,"{""source"": ""config_backup"", ""method"": ""config_parse"", ""observed_at"": ""2026-05-15T00:00:00+00:00"", ""valid_from"": ""2026-05-15T00:00:00+00:00"", ""valid_to"": null, ""confidence"": 1.0}",2026-09-01T12:36:16.044990
edge-258,dev:acx-09,port:acx-09:et-0/0/1,HAS_PORT,"{""source"": ""config_backup"", ""method"": ""config_parse"", ""observed_at"": ""2026-05-15T00:00:00+00:00"", ""valid_from"": ""2026-05-15T00:00:00+00:00"", ""valid_to"": null, ""confidence"": 1.0}",2026-09-01T12:36:16.045013
edge-259,dev:acx-09,port:acx-09:xe-0/0/0,HAS_PORT,"{""source"": ""config_backup"", ""method"": ""config_parse"", ""observed_at"": ""2026-05-15T00:00:00+00:00"", ""valid_from"": ""2026-05-15T00:00:00+00:00"", ""valid_to"": null, ""confidence"": 1.0}",2026-09-01T12:36:16.045035
edge-260,dev:acx-09,port:acx-09:xe-0/0/1,HAS_PORT,"{""source"": ""config_backup"", ""method"": ""config_parse"", ""observed_at"": ""2026-05-15T00:00:00+00:00"", ""valid_from"": ""2026-05-15T00:00:00+00:00"", ""valid_to"": null, ""confidence"": 1.0}",2026-09-01T12:36:16.045057
edge-261,dev:acx-09,port:acx-09:xe-0/0/2,HAS_PORT,"{""source"": ""config_backup"", ""method"": ""config_parse"", ""observed_at"": ""2026-05-15T00:00:00+00:00"", ""valid_from"": ""2026-05-15T00:00:00+00:00"", ""valid_to"": null, ""confidence"": 1.0}",2026-09-01T12:36:16.045078
edge-262,dev:acx-09,port:acx-09:xe-0/0/3,HAS_PORT,"{""source"": ""config_backup"", ""method"": ""config_parse"", ""observed_at"": ""2026-05-15T00:00:00+00:00"", ""valid_from"": ""2026-05-15T00:00:00+00:00"", ""valid_to"": null, ""confidence"": 1.0}",2026-09-01T12:36:16.045100
edge-263,port:acx-09:et-0/0/0,link:acx-09:et-0/0/0--mx304-09:xe-0/1/1,TERMINATES,"{""link_end"": ""a"", ""source"": ""nms"", ""method"": ""lldp"", ""observed_at"": ""2026-05-15T00:00:00+00:00"", ""valid_from"": ""2026-05-15T00:00:00+00:00"", ""valid_to"": null, ""confidence"": 1.0}",2026-09-01T12:36:16.045122
edge-264,port:mx304-09:xe-0/1/1,link:acx-09:et-0/0/0--mx304-09:xe-0/1/1,TERMINATES,"{""link_end"": ""z"", ""source"": ""nms"", ""method"": ""lldp"", ""observed_at"": ""2026-05-15T00:00:00+00:00"", ""valid_from"": ""2026-05-15T00:00:00+00:00"", ""valid_to"": null, ""confidence"": 1.0}",2026-09-01T12:36:16.045143
edge-265,chg:acx-234-attempt,dev:acx-09,TARGETS,"{""source"": ""change_record"", ""method"": ""vendor_export"", ""observed_at"": ""2026-05-15T00:00:00+00:00"", ""valid_from"": ""2026-05-15T00:00:00+00:00"", ""valid_to"": null, ""confidence"": 1.0}",2026-09-01T12:36:16.045165
edge-266,site:05,dev:acx-10,CONTAINS,"{""source"": ""inventory_review"", ""method"": ""vendor_export"", ""observed_at"": ""2026-05-15T00:00:00+00:00"", ""valid_from"": ""2026-05-15T00:00:00+00:00"", ""valid_to"": null, ""confidence"": 1.0}",2026-09-01T12:36:16.045187
edge-267,dev:acx-10,sw:junos-22.4R3-S7.5,RUNS,"{""source"": ""inventory_review"", ""method"": ""vendor_export"", ""observed_at"": ""2026-05-15T00:00:00+00:00"", ""valid_from"": ""2026-05-15T00:00:00+00:00"", ""valid_to"": null, ""confidence"": 1.0}",2026-09-01T12:36:16.045209
edge-268,dev:acx-10,port:acx-10:et-0/0/0,HAS_PORT,"{""source"": ""config_backup"", ""method"": ""config_parse"", ""observed_at"": ""2026-05-15T00:00:00+00:00"", ""valid_from"": ""2026-05-15T00:00:00+00:00"", ""valid_to"": null, ""confidence"": 1.0}",2026-09-01T12:36:16.045230
edge-269,dev:acx-10,port:acx-10:et-0/0/1,HAS_PORT,"{""source"": ""config_backup"", ""method"": ""config_parse"", ""observed_at"": ""2026-05-15T00:00:00+00:00"", ""valid_from"": ""2026-05-15T00:00:00+00:00"", ""valid_to"": null, ""confidence"": 1.0}",2026-09-01T12:36:16.045252
edge-270,dev:acx-10,port:acx-10:xe-0/0/0,HAS_PORT,"{""source"": ""config_backup"", ""method"": ""config_parse"", ""observed_at"": ""2026-05-15T00:00:00+00:00"", ""valid_from"": ""2026-05-15T00:00:00+00:00"", ""valid_to"": null, ""confidence"": 1.0}",2026-09-01T12:36:16.045280
edge-271,dev:acx-10,port:acx-10:xe-0/0/1,HAS_PORT,"{""source"": ""config_backup"", ""method"": ""config_parse"", ""observed_at"": ""2026-05-15T00:00:00+00:00"", ""valid_from"": ""2026-05-15T00:00:00+00:00"", ""valid_to"": null, ""confidence"": 1.0}",2026-09-01T12:36:16.045302
edge-272,dev:acx-10,port:acx-10:xe-0/0/2,HAS_PORT,"{""source"": ""config_backup"", ""method"": ""config_parse"", ""observed_at"": ""2026-05-15T00:00:00+00:00"", ""valid_from"": ""2026-05-15T00:00:00+00:00"", ""valid_to"": null, ""confidence"": 1.0}",2026-09-01T12:36:16.045323
edge-273,dev:acx-10,port:acx-10:xe-0/0/3,HAS_PORT,"{""source"": ""config_backup"", ""method"": ""config_parse"", ""observed_at"": ""2026-05-15T00:00:00+00:00"", ""valid_from"": ""2026-05-15T00:00:00+00:00"", ""valid_to"": null, ""confidence"": 1.0}",2026-09-01T12:36:16.045345
edge-274,port:acx-10:et-0/0/0,link:acx-10:et-0/0/0--mx304-sang:xe-0/1/2,TERMINATES,"{""link_end"": ""a"", ""source"": ""nms"", ""method"": ""lldp"", ""observed_at"": ""2026-05-15T00:00:00+00:00"", ""valid_from"": ""2026-05-15T00:00:00+00:00"", ""valid_to"": null, ""confidence"": 1.0}",2026-09-01T12:36:16.045370
edge-275,port:mx304-sang:xe-0/1/2,link:acx-10:et-0/0/0--mx304-sang:xe-0/1/2,TERMINATES,"{""link_end"": ""z"", ""source"": ""nms"", ""method"": ""lldp"", ""observed_at"": ""2026-05-15T00:00:00+00:00"", ""valid_from"": ""2026-05-15T00:00:00+00:00"", ""valid_to"": null, ""confidence"": 1.0}",2026-09-01T12:36:16.045392
edge-276,chg:acx-234-attempt,dev:acx-10,TARGETS,"{""source"": ""change_record"", ""method"": ""vendor_export"", ""observed_at"": ""2026-05-15T00:00:00+00:00"", ""valid_from"": ""2026-05-15T00:00:00+00:00"", ""valid_to"": null, ""confidence"": 1.0}",2026-09-01T12:36:16.045414
edge-277,site:06,dev:acx-11,CONTAINS,"{""source"": ""inventory_review"", ""method"": ""vendor_export"", ""observed_at"": ""2026-05-15T00:00:00+00:00"", ""valid_from"": ""2026-05-15T00:00:00+00:00"", ""valid_to"": null, ""confidence"": 1.0}",2026-09-01T12:36:16.045435
edge-278,dev:acx-11,sw:junos-22.4R3-S7.5,RUNS,"{""source"": ""inventory_review"", ""method"": ""vendor_export"", ""observed_at"": ""2026-05-15T00:00:00+00:00"", ""valid_from"": ""2026-05-15T00:00:00+00:00"", ""valid_to"": null, ""confidence"": 1.0}",2026-09-01T12:36:16.045489
edge-279,dev:acx-11,port:acx-11:et-0/0/0,HAS_PORT,"{""source"": ""config_backup"", ""method"": ""config_parse"", ""observed_at"": ""2026-05-15T00:00:00+00:00"", ""valid_from"": ""2026-05-15T00:00:00+00:00"", ""valid_to"": null, ""confidence"": 1.0}",2026-09-01T12:36:16.045515
edge-280,dev:acx-11,port:acx-11:et-0/0/1,HAS_PORT,"{""source"": ""config_backup"", ""method"": ""config_parse"", ""observed_at"": ""2026-05-15T00:00:00+00:00"", ""valid_from"": ""2026-05-15T00:00:00+00:00"", ""valid_to"": null, ""confidence"": 1.0}",2026-09-01T12:36:16.045542
edge-281,dev:acx-11,port:acx-11:xe-0/0/0,HAS_PORT,"{""source"": ""config_backup"", ""method"": ""config_parse"", ""observed_at"": ""2026-05-15T00:00:00+00:00"", ""valid_from"": ""2026-05-15T00:00:00+00:00"", ""valid_to"": null, ""confidence"": 1.0}",2026-09-01T12:36:16.045564
edge-282,dev:acx-11,port:acx-11:xe-0/0/1,HAS_PORT,"{""source"": ""config_backup"", ""method"": ""config_parse"", ""observed_at"": ""2026-05-15T00:00:00+00:00"", ""valid_from"": ""2026-05-15T00:00:00+00:00"", ""valid_to"": null, ""confidence"": 1.0}",2026-09-01T12:36:16.045586
edge-283,dev:acx-11,port:acx-11:xe-0/0/2,HAS_PORT,"{""source"": ""config_backup"", ""method"": ""config_parse"", ""observed_at"": ""2026-05-15T00:00:00+00:00"", ""valid_from"": ""2026-05-15T00:00:00+00:00"", ""valid_to"": null, ""confidence"": 1.0}",2026-09-01T12:36:16.045607
edge-284,dev:acx-11,port:acx-11:xe-0/0/3,HAS_PORT,"{""source"": ""config_backup"", ""method"": ""config_parse"", ""observed_at"": ""2026-05-15T00:00:00+00:00"", ""valid_from"": ""2026-05-15T00:00:00+00:00"", ""valid_to"": null, ""confidence"": 1.0}",2026-09-01T12:36:16.045629
edge-285,port:acx-11:et-0/0/0,link:acx-11:et-0/0/0--mx304-02:xe-0/1/3,TERMINATES,"{""link_end"": ""a"", ""source"": ""nms"", ""method"": ""lldp"", ""observed_at"": ""2026-05-15T00:00:00+00:00"", ""valid_from"": ""2026-05-15T00:00:00+00:00"", ""valid_to"": null, ""confidence"": 1.0}",2026-09-01T12:36:16.045661
edge-286,port:mx304-02:xe-0/1/3,link:acx-11:et-0/0/0--mx304-02:xe-0/1/3,TERMINATES,"{""link_end"": ""z"", ""source"": ""nms"", ""method"": ""lldp"", ""observed_at"": ""2026-05-15T00:00:00+00:00"", ""valid_from"": ""2026-05-15T00:00:00+00:00"", ""valid_to"": null, ""confidence"": 1.0}",2026-09-01T12:36:16.045717
edge-287,chg:acx-234-attempt,dev:acx-11,TARGETS,"{""source"": ""change_record"", ""method"": ""vendor_export"", ""observed_at"": ""2026-05-15T00:00:00+00:00"", ""valid_from"": ""2026-05-15T00:00:00+00:00"", ""valid_to"": null, ""confidence"": 1.0}",2026-09-01T12:36:16.045758
edge-288,site:07,dev:acx-12,CONTAINS,"{""source"": ""inventory_review"", ""method"": ""vendor_export"", ""observed_at"": ""2026-05-15T00:00:00+00:00"", ""valid_from"": ""2026-05-15T00:00:00+00:00"", ""valid_to"": null, ""confidence"": 1.0}",2026-09-01T12:36:16.045802
edge-289,dev:acx-12,sw:junos-22.4R3-S7.5,RUNS,"{""source"": ""inventory_review"", ""method"": ""vendor_export"", ""observed_at"": ""2026-05-15T00:00:00+00:00"", ""valid_from"": ""2026-05-15T00:00:00+00:00"", ""valid_to"": null, ""confidence"": 1.0}",2026-09-01T12:36:16.045860
edge-290,dev:acx-12,port:acx-12:et-0/0/0,HAS_PORT,"{""source"": ""config_backup"", ""method"": ""config_parse"", ""observed_at"": ""2026-05-15T00:00:00+00:00"", ""valid_from"": ""2026-05-15T00:00:00+00:00"", ""valid_to"": null, ""confidence"": 1.0}",2026-09-01T12:36:16.045914
edge-291,dev:acx-12,port:acx-12:et-0/0/1,HAS_PORT,"{""source"": ""config_backup"", ""method"": ""config_parse"", ""observed_at"": ""2026-05-15T00:00:00+00:00"", ""valid_from"": ""2026-05-15T00:00:00+00:00"", ""valid_to"": null, ""confidence"": 1.0}",2026-09-01T12:36:16.045971
edge-292,dev:acx-12,port:acx-12:xe-0/0/0,HAS_PORT,"{""source"": ""config_backup"", ""method"": ""config_parse"", ""observed_at"": ""2026-05-15T00:00:00+00:00"", ""valid_from"": ""2026-05-15T00:00:00+00:00"", ""valid_to"": null, ""confidence"": 1.0}",2026-09-01T12:36:16.046028
edge-293,dev:acx-12,port:acx-12:xe-0/0/1,HAS_PORT,"{""source"": ""config_backup"", ""method"": ""config_parse"", ""observed_at"": ""2026-05-15T00:00:00+00:00"", ""valid_from"": ""2026-05-15T00:00:00+00:00"", ""valid_to"": null, ""confidence"": 1.0}",2026-09-01T12:36:16.046091
edge-294,dev:acx-12,port:acx-12:xe-0/0/2,HAS_PORT,"{""source"": ""config_backup"", ""method"": ""config_parse"", ""observed_at"": ""2026-05-15T00:00:00+00:00"", ""valid_from"": ""2026-05-15T00:00:00+00:00"", ""valid_to"": null, ""confidence"": 1.0}",2026-09-01T12:36:16.046141
edge-295,dev:acx-12,port:acx-12:xe-0/0/3,HAS_PORT,"{""source"": ""config_backup"", ""method"": ""config_parse"", ""observed_at"": ""2026-05-15T00:00:00+00:00"", ""valid_from"": ""2026-05-15T00:00:00+00:00"", ""valid_to"": null, ""confidence"": 1.0}",2026-09-01T12:36:16.046197
edge-296,port:acx-12:et-0/0/0,link:acx-12:et-0/0/0--mx304-03:xe-0/1/4,TERMINATES,"{""link_end"": ""a"", ""source"": ""nms"", ""method"": ""lldp"", ""observed_at"": ""2026-05-15T00:00:00+00:00"", ""valid_from"": ""2026-05-15T00:00:00+00:00"", ""valid_to"": null, ""confidence"": 1.0}",2026-09-01T12:36:16.046247
edge-297,port:mx304-03:xe-0/1/4,link:acx-12:et-0/0/0--mx304-03:xe-0/1/4,TERMINATES,"{""link_end"": ""z"", ""source"": ""nms"", ""method"": ""lldp"", ""observed_at"": ""2026-05-15T00:00:00+00:00"", ""valid_from"": ""2026-05-15T00:00:00+00:00"", ""valid_to"": null, ""confidence"": 1.0}",2026-09-01T12:36:16.046322
edge-298,chg:acx-234-attempt,dev:acx-12,TARGETS,"{""source"": ""change_record"", ""method"": ""vendor_export"", ""observed_at"": ""2026-05-15T00:00:00+00:00"", ""valid_from"": ""2026-05-15T00:00:00+00:00"", ""valid_to"": null, ""confidence"": 1.0}",2026-09-01T12:36:16.046386
edge-299,site:08,dev:acx-13,CONTAINS,"{""source"": ""inventory_review"", ""method"": ""vendor_export"", ""observed_at"": ""2026-05-15T00:00:00+00:00"", ""valid_from"": ""2026-05-15T00:00:00+00:00"", ""valid_to"": null, ""confidence"": 1.0}",2026-09-01T12:36:16.046448
edge-300,dev:acx-13,sw:junos-22.4R3-S7.5,RUNS,"{""source"": ""inventory_review"", ""method"": ""vendor_export"", ""observed_at"": ""2026-05-15T00:00:00+00:00"", ""valid_from"": ""2026-05-15T00:00:00+00:00"", ""valid_to"": null, ""confidence"": 1.0}",2026-09-01T12:36:16.046578
edge-301,dev:acx-13,port:acx-13:et-0/0/0,HAS_PORT,"{""source"": ""config_backup"", ""method"": ""config_parse"", ""observed_at"": ""2026-05-15T00:00:00+00:00"", ""valid_from"": ""2026-05-15T00:00:00+00:00"", ""valid_to"": null, ""confidence"": 1.0}",2026-09-01T12:36:16.046628
edge-302,dev:acx-13,port:acx-13:et-0/0/1,HAS_PORT,"{""source"": ""config_backup"", ""method"": ""config_parse"", ""observed_at"": ""2026-05-15T00:00:00+00:00"", ""valid_from"": ""2026-05-15T00:00:00+00:00"", ""valid_to"": null, ""confidence"": 1.0}",2026-09-01T12:36:16.046672
edge-303,dev:acx-13,port:acx-13:xe-0/0/0,HAS_PORT,"{""source"": ""config_backup"", ""method"": ""config_parse"", ""observed_at"": ""2026-05-15T00:00:00+00:00"", ""valid_from"": ""2026-05-15T00:00:00+00:00"", ""valid_to"": null, ""confidence"": 1.0}",2026-09-01T12:36:16.046718
edge-304,dev:acx-13,port:acx-13:xe-0/0/1,HAS_PORT,"{""source"": ""config_backup"", ""method"": ""config_parse"", ""observed_at"": ""2026-05-15T00:00:00+00:00"", ""valid_from"": ""2026-05-15T00:00:00+00:00"", ""valid_to"": null, ""confidence"": 1.0}",2026-09-01T12:36:16.046778
edge-305,dev:acx-13,port:acx-13:xe-0/0/2,HAS_PORT,"{""source"": ""config_backup"", ""method"": ""config_parse"", ""observed_at"": ""2026-05-15T00:00:00+00:00"", ""valid_from"": ""2026-05-15T00:00:00+00:00"", ""valid_to"": null, ""confidence"": 1.0}",2026-09-01T12:36:16.047162
edge-306,dev:acx-13,port:acx-13:xe-0/0/3,HAS_PORT,"{""source"": ""config_backup"", ""method"": ""config_parse"", ""observed_at"": ""2026-05-15T00:00:00+00:00"", ""valid_from"": ""2026-05-15T00:00:00+00:00"", ""valid_to"": null, ""confidence"": 1.0}",2026-09-01T12:36:16.047217
edge-307,port:acx-13:et-0/0/0,link:acx-13:et-0/0/0--mx304-04:xe-0/1/5,TERMINATES,"{""link_end"": ""a"", ""source"": ""nms"", ""method"": ""lldp"", ""observed_at"": ""2026-05-15T00:00:00+00:00"", ""valid_from"": ""2026-05-15T00:00:00+00:00"", ""valid_to"": null, ""confidence"": 1.0}",2026-09-01T12:36:16.047270
edge-308,port:mx304-04:xe-0/1/5,link:acx-13:et-0/0/0--mx304-04:xe-0/1/5,TERMINATES,"{""link_end"": ""z"", ""source"": ""nms"", ""method"": ""lldp"", ""observed_at"": ""2026-05-15T00:00:00+00:00"", ""valid_from"": ""2026-05-15T00:00:00+00:00"", ""valid_to"": null, ""confidence"": 1.0}",2026-09-01T12:36:16.047341
edge-309,chg:acx-234-attempt,dev:acx-13,TARGETS,"{""source"": ""change_record"", ""method"": ""vendor_export"", ""observed_at"": ""2026-05-15T00:00:00+00:00"", ""valid_from"": ""2026-05-15T00:00:00+00:00"", ""valid_to"": null, ""confidence"": 1.0}",2026-09-01T12:36:16.047409
edge-310,site:09,dev:acx-14,CONTAINS,"{""source"": ""inventory_review"", ""method"": ""vendor_export"", ""observed_at"": ""2026-05-15T00:00:00+00:00"", ""valid_from"": ""2026-05-15T00:00:00+00:00"", ""valid_to"": null, ""confidence"": 1.0}",2026-09-01T12:36:16.047462
edge-311,dev:acx-14,sw:junos-22.4R3-S7.5,RUNS,"{""source"": ""inventory_review"", ""method"": ""vendor_export"", ""observed_at"": ""2026-05-15T00:00:00+00:00"", ""valid_from"": ""2026-05-15T00:00:00+00:00"", ""valid_to"": null, ""confidence"": 1.0}",2026-09-01T12:36:16.047518
edge-312,dev:acx-14,port:acx-14:et-0/0/0,HAS_PORT,"{""source"": ""config_backup"", ""method"": ""config_parse"", ""observed_at"": ""2026-05-15T00:00:00+00:00"", ""valid_from"": ""2026-05-15T00:00:00+00:00"", ""valid_to"": null, ""confidence"": 1.0}",2026-09-01T12:36:16.047571
edge-313,dev:acx-14,port:acx-14:et-0/0/1,HAS_PORT,"{""source"": ""config_backup"", ""method"": ""config_parse"", ""observed_at"": ""2026-05-15T00:00:00+00:00"", ""valid_from"": ""2026-05-15T00:00:00+00:00"", ""valid_to"": null, ""confidence"": 1.0}",2026-09-01T12:36:16.047617
edge-314,dev:acx-14,port:acx-14:xe-0/0/0,HAS_PORT,"{""source"": ""config_backup"", ""method"": ""config_parse"", ""observed_at"": ""2026-05-15T00:00:00+00:00"", ""valid_from"": ""2026-05-15T00:00:00+00:00"", ""valid_to"": null, ""confidence"": 1.0}",2026-09-01T12:36:16.047668
edge-315,dev:acx-14,port:acx-14:xe-0/0/1,HAS_PORT,"{""source"": ""config_backup"", ""method"": ""config_parse"", ""observed_at"": ""2026-05-15T00:00:00+00:00"", ""valid_from"": ""2026-05-15T00:00:00+00:00"", ""valid_to"": null, ""confidence"": 1.0}",2026-09-01T12:36:16.047732
edge-316,dev:acx-14,port:acx-14:xe-0/0/2,HAS_PORT,"{""source"": ""config_backup"", ""method"": ""config_parse"", ""observed_at"": ""2026-05-15T00:00:00+00:00"", ""valid_from"": ""2026-05-15T00:00:00+00:00"", ""valid_to"": null, ""confidence"": 1.0}",2026-09-01T12:36:16.047796
edge-317,dev:acx-14,port:acx-14:xe-0/0/3,HAS_PORT,"{""source"": ""config_backup"", ""method"": ""config_parse"", ""observed_at"": ""2026-05-15T00:00:00+00:00"", ""valid_from"": ""2026-05-15T00:00:00+00:00"", ""valid_to"": null, ""confidence"": 1.0}",2026-09-01T12:36:16.047864
edge-318,port:acx-14:et-0/0/0,link:acx-14:et-0/0/0--mx304-05:xe-0/1/6,TERMINATES,"{""link_end"": ""a"", ""source"": ""nms"", ""method"": ""lldp"", ""observed_at"": ""2026-05-15T00:00:00+00:00"", ""valid_from"": ""2026-05-15T00:00:00+00:00"", ""valid_to"": null, ""confidence"": 1.0}",2026-09-01T12:36:16.047926
edge-319,port:mx304-05:xe-0/1/6,link:acx-14:et-0/0/0--mx304-05:xe-0/1/6,TERMINATES,"{""link_end"": ""z"", ""source"": ""nms"", ""method"": ""lldp"", ""observed_at"": ""2026-05-15T00:00:00+00:00"", ""valid_from"": ""2026-05-15T00:00:00+00:00"", ""valid_to"": null, ""confidence"": 1.0}",2026-09-01T12:36:16.047984
edge-320,chg:acx-234-attempt,dev:acx-14,TARGETS,"{""source"": ""change_record"", ""method"": ""vendor_export"", ""observed_at"": ""2026-05-15T00:00:00+00:00"", ""valid_from"": ""2026-05-15T00:00:00+00:00"", ""valid_to"": null, ""confidence"": 1.0}",2026-09-01T12:36:16.048037
edge-321,site:10,dev:acx-15,CONTAINS,"{""source"": ""inventory_review"", ""method"": ""vendor_export"", ""observed_at"": ""2026-05-15T00:00:00+00:00"", ""valid_from"": ""2026-05-15T00:00:00+00:00"", ""valid_to"": null, ""confidence"": 1.0}",2026-09-01T12:36:16.048067
edge-322,dev:acx-15,sw:junos-22.4R3-S7.5,RUNS,"{""source"": ""inventory_review"", ""method"": ""vendor_export"", ""observed_at"": ""2026-05-15T00:00:00+00:00"", ""valid_from"": ""2026-05-15T00:00:00+00:00"", ""valid_to"": null, ""confidence"": 1.0}",2026-09-01T12:36:16.048091
edge-323,dev:acx-15,port:acx-15:et-0/0/0,HAS_PORT,"{""source"": ""config_backup"", ""method"": ""config_parse"", ""observed_at"": ""2026-05-15T00:00:00+00:00"", ""valid_from"": ""2026-05-15T00:00:00+00:00"", ""valid_to"": null, ""confidence"": 1.0}",2026-09-01T12:36:16.048114
edge-324,dev:acx-15,port:acx-15:et-0/0/1,HAS_PORT,"{""source"": ""config_backup"", ""method"": ""config_parse"", ""observed_at"": ""2026-05-15T00:00:00+00:00"", ""valid_from"": ""2026-05-15T00:00:00+00:00"", ""valid_to"": null, ""confidence"": 1.0}",2026-09-01T12:36:16.048183
edge-325,dev:acx-15,port:acx-15:xe-0/0/0,HAS_PORT,"{""source"": ""config_backup"", ""method"": ""config_parse"", ""observed_at"": ""2026-05-15T00:00:00+00:00"", ""valid_from"": ""2026-05-15T00:00:00+00:00"", ""valid_to"": null, ""confidence"": 1.0}",2026-09-01T12:36:16.048206
edge-326,dev:acx-15,port:acx-15:xe-0/0/1,HAS_PORT,"{""source"": ""config_backup"", ""method"": ""config_parse"", ""observed_at"": ""2026-05-15T00:00:00+00:00"", ""valid_from"": ""2026-05-15T00:00:00+00:00"", ""valid_to"": null, ""confidence"": 1.0}",2026-09-01T12:36:16.048228
edge-327,dev:acx-15,port:acx-15:xe-0/0/2,HAS_PORT,"{""source"": ""config_backup"", ""method"": ""config_parse"", ""observed_at"": ""2026-05-15T00:00:00+00:00"", ""valid_from"": ""2026-05-15T00:00:00+00:00"", ""valid_to"": null, ""confidence"": 1.0}",2026-09-01T12:36:16.048251
edge-328,dev:acx-15,port:acx-15:xe-0/0/3,HAS_PORT,"{""source"": ""config_backup"", ""method"": ""config_parse"", ""observed_at"": ""2026-05-15T00:00:00+00:00"", ""valid_from"": ""2026-05-15T00:00:00+00:00"", ""valid_to"": null, ""confidence"": 1.0}",2026-09-01T12:36:16.048273
edge-329,port:acx-15:et-0/0/0,link:acx-15:et-0/0/0--mx304-06:xe-0/1/7,TERMINATES,"{""link_end"": ""a"", ""source"": ""nms"", ""method"": ""lldp"", ""observed_at"": ""2026-05-15T00:00:00+00:00"", ""valid_from"": ""2026-05-15T00:00:00+00:00"", ""valid_to"": null, ""confidence"": 1.0}",2026-09-01T12:36:16.048296
edge-330,port:mx304-06:xe-0/1/7,link:acx-15:et-0/0/0--mx304-06:xe-0/1/7,TERMINATES,"{""link_end"": ""z"", ""source"": ""nms"", ""method"": ""lldp"", ""observed_at"": ""2026-05-15T00:00:00+00:00"", ""valid_from"": ""2026-05-15T00:00:00+00:00"", ""valid_to"": null, ""confidence"": 1.0}",2026-09-01T12:36:16.048325
edge-331,chg:acx-234-attempt,dev:acx-15,TARGETS,"{""source"": ""change_record"", ""method"": ""vendor_export"", ""observed_at"": ""2026-05-15T00:00:00+00:00"", ""valid_from"": ""2026-05-15T00:00:00+00:00"", ""valid_to"": null, ""confidence"": 1.0}",2026-09-01T12:36:16.048385
edge-332,site:03,dev:acx-16,CONTAINS,"{""source"": ""inventory_review"", ""method"": ""vendor_export"", ""observed_at"": ""2026-05-15T00:00:00+00:00"", ""valid_from"": ""2026-05-15T00:00:00+00:00"", ""valid_to"": null, ""confidence"": 1.0}",2026-09-01T12:36:16.048426
edge-333,dev:acx-16,sw:junos-22.4R3-S7.5,RUNS,"{""source"": ""inventory_review"", ""method"": ""vendor_export"", ""observed_at"": ""2026-05-15T00:00:00+00:00"", ""valid_from"": ""2026-05-15T00:00:00+00:00"", ""valid_to"": null, ""confidence"": 1.0}",2026-09-01T12:36:16.048471
edge-334,dev:acx-16,port:acx-16:et-0/0/0,HAS_PORT,"{""source"": ""config_backup"", ""method"": ""config_parse"", ""observed_at"": ""2026-05-15T00:00:00+00:00"", ""valid_from"": ""2026-05-15T00:00:00+00:00"", ""valid_to"": null, ""confidence"": 1.0}",2026-09-01T12:36:16.048527
edge-335,dev:acx-16,port:acx-16:et-0/0/1,HAS_PORT,"{""source"": ""config_backup"", ""method"": ""config_parse"", ""observed_at"": ""2026-05-15T00:00:00+00:00"", ""valid_from"": ""2026-05-15T00:00:00+00:00"", ""valid_to"": null, ""confidence"": 1.0}",2026-09-01T12:36:16.048582
edge-336,dev:acx-16,port:acx-16:xe-0/0/0,HAS_PORT,"{""source"": ""config_backup"", ""method"": ""config_parse"", ""observed_at"": ""2026-05-15T00:00:00+00:00"", ""valid_from"": ""2026-05-15T00:00:00+00:00"", ""valid_to"": null, ""confidence"": 1.0}",2026-09-01T12:36:16.048646
edge-337,dev:acx-16,port:acx-16:xe-0/0/1,HAS_PORT,"{""source"": ""config_backup"", ""method"": ""config_parse"", ""observed_at"": ""2026-05-15T00:00:00+00:00"", ""valid_from"": ""2026-05-15T00:00:00+00:00"", ""valid_to"": null, ""confidence"": 1.0}",2026-09-01T12:36:16.048709
edge-338,dev:acx-16,port:acx-16:xe-0/0/2,HAS_PORT,"{""source"": ""config_backup"", ""method"": ""config_parse"", ""observed_at"": ""2026-05-15T00:00:00+00:00"", ""valid_from"": ""2026-05-15T00:00:00+00:00"", ""valid_to"": null, ""confidence"": 1.0}",2026-09-01T12:36:16.048758
edge-339,dev:acx-16,port:acx-16:xe-0/0/3,HAS_PORT,"{""source"": ""config_backup"", ""method"": ""config_parse"", ""observed_at"": ""2026-05-15T00:00:00+00:00"", ""valid_from"": ""2026-05-15T00:00:00+00:00"", ""valid_to"": null, ""confidence"": 1.0}",2026-09-01T12:36:16.048789
edge-340,port:acx-16:et-0/0/0,link:acx-16:et-0/0/0--mx304-07:xe-0/1/0,TERMINATES,"{""link_end"": ""a"", ""source"": ""nms"", ""method"": ""lldp"", ""observed_at"": ""2026-05-15T00:00:00+00:00"", ""valid_from"": ""2026-05-15T00:00:00+00:00"", ""valid_to"": null, ""confidence"": 1.0}",2026-09-01T12:36:16.048813
edge-341,port:mx304-07:xe-0/1/0,link:acx-16:et-0/0/0--mx304-07:xe-0/1/0,TERMINATES,"{""link_end"": ""z"", ""source"": ""nms"", ""method"": ""lldp"", ""observed_at"": ""2026-05-15T00:00:00+00:00"", ""valid_from"": ""2026-05-15T00:00:00+00:00"", ""valid_to"": null, ""confidence"": 1.0}",2026-09-01T12:36:16.048836
edge-342,chg:acx-234-attempt,dev:acx-16,TARGETS,"{""source"": ""change_record"", ""method"": ""vendor_export"", ""observed_at"": ""2026-05-15T00:00:00+00:00"", ""valid_from"": ""2026-05-15T00:00:00+00:00"", ""valid_to"": null, ""confidence"": 1.0}",2026-09-01T12:36:16.048858
edge-343,site:04,dev:acx-17,CONTAINS,"{""source"": ""inventory_review"", ""method"": ""vendor_export"", ""observed_at"": ""2026-05-15T00:00:00+00:00"", ""valid_from"": ""2026-05-15T00:00:00+00:00"", ""valid_to"": null, ""confidence"": 1.0}",2026-09-01T12:36:16.048895
edge-344,dev:acx-17,sw:junos-22.4R3-S7.5,RUNS,"{""source"": ""inventory_review"", ""method"": ""vendor_export"", ""observed_at"": ""2026-05-15T00:00:00+00:00"", ""valid_from"": ""2026-05-15T00:00:00+00:00"", ""valid_to"": null, ""confidence"": 1.0}",2026-09-01T12:36:16.048947
edge-345,dev:acx-17,port:acx-17:et-0/0/0,HAS_PORT,"{""source"": ""config_backup"", ""method"": ""config_parse"", ""observed_at"": ""2026-05-15T00:00:00+00:00"", ""valid_from"": ""2026-05-15T00:00:00+00:00"", ""valid_to"": null, ""confidence"": 1.0}",2026-09-01T12:36:16.048991
edge-346,dev:acx-17,port:acx-17:et-0/0/1,HAS_PORT,"{""source"": ""config_backup"", ""method"": ""config_parse"", ""observed_at"": ""2026-05-15T00:00:00+00:00"", ""valid_from"": ""2026-05-15T00:00:00+00:00"", ""valid_to"": null, ""confidence"": 1.0}",2026-09-01T12:36:16.049034
edge-347,dev:acx-17,port:acx-17:xe-0/0/0,HAS_PORT,"{""source"": ""config_backup"", ""method"": ""config_parse"", ""observed_at"": ""2026-05-15T00:00:00+00:00"", ""valid_from"": ""2026-05-15T00:00:00+00:00"", ""valid_to"": null, ""confidence"": 1.0}",2026-09-01T12:36:16.049078
edge-348,dev:acx-17,port:acx-17:xe-0/0/1,HAS_PORT,"{""source"": ""config_backup"", ""method"": ""config_parse"", ""observed_at"": ""2026-05-15T00:00:00+00:00"", ""valid_from"": ""2026-05-15T00:00:00+00:00"", ""valid_to"": null, ""confidence"": 1.0}",2026-09-01T12:36:16.049186
edge-349,dev:acx-17,port:acx-17:xe-0/0/2,HAS_PORT,"{""source"": ""config_backup"", ""method"": ""config_parse"", ""observed_at"": ""2026-05-15T00:00:00+00:00"", ""valid_from"": ""2026-05-15T00:00:00+00:00"", ""valid_to"": null, ""confidence"": 1.0}",2026-09-01T12:36:16.049235
edge-350,dev:acx-17,port:acx-17:xe-0/0/3,HAS_PORT,"{""source"": ""config_backup"", ""method"": ""config_parse"", ""observed_at"": ""2026-05-15T00:00:00+00:00"", ""valid_from"": ""2026-05-15T00:00:00+00:00"", ""valid_to"": null, ""confidence"": 1.0}",2026-09-01T12:36:16.049289
edge-351,port:acx-17:et-0/0/0,link:acx-17:et-0/0/0--mx304-08:xe-0/1/1,TERMINATES,"{""link_end"": ""a"", ""source"": ""nms"", ""method"": ""lldp"", ""observed_at"": ""2026-05-15T00:00:00+00:00"", ""valid_from"": ""2026-05-15T00:00:00+00:00"", ""valid_to"": null, ""confidence"": 1.0}",2026-09-01T12:36:16.049340
edge-352,port:mx304-08:xe-0/1/1,link:acx-17:et-0/0/0--mx304-08:xe-0/1/1,TERMINATES,"{""link_end"": ""z"", ""source"": ""nms"", ""method"": ""lldp"", ""observed_at"": ""2026-05-15T00:00:00+00:00"", ""valid_from"": ""2026-05-15T00:00:00+00:00"", ""valid_to"": null, ""confidence"": 1.0}",2026-09-01T12:36:16.049398
edge-353,chg:acx-234-attempt,dev:acx-17,TARGETS,"{""source"": ""change_record"", ""method"": ""vendor_export"", ""observed_at"": ""2026-05-15T00:00:00+00:00"", ""valid_from"": ""2026-05-15T00:00:00+00:00"", ""valid_to"": null, ""confidence"": 1.0}",2026-09-01T12:36:16.049452
edge-354,site:05,dev:acx-18,CONTAINS,"{""source"": ""inventory_review"", ""method"": ""vendor_export"", ""observed_at"": ""2026-05-15T00:00:00+00:00"", ""valid_from"": ""2026-05-15T00:00:00+00:00"", ""valid_to"": null, ""confidence"": 1.0}",2026-09-01T12:36:16.049579
edge-355,dev:acx-18,sw:junos-22.4R3-S7.5,RUNS,"{""source"": ""inventory_review"", ""method"": ""vendor_export"", ""observed_at"": ""2026-05-15T00:00:00+00:00"", ""valid_from"": ""2026-05-15T00:00:00+00:00"", ""valid_to"": null, ""confidence"": 1.0}",2026-09-01T12:36:16.049709
edge-356,dev:acx-18,port:acx-18:et-0/0/0,HAS_PORT,"{""source"": ""config_backup"", ""method"": ""config_parse"", ""observed_at"": ""2026-05-15T00:00:00+00:00"", ""valid_from"": ""2026-05-15T00:00:00+00:00"", ""valid_to"": null, ""confidence"": 1.0}",2026-09-01T12:36:16.049774
edge-357,dev:acx-18,port:acx-18:et-0/0/1,HAS_PORT,"{""source"": ""config_backup"", ""method"": ""config_parse"", ""observed_at"": ""2026-05-15T00:00:00+00:00"", ""valid_from"": ""2026-05-15T00:00:00+00:00"", ""valid_to"": null, ""confidence"": 1.0}",2026-09-01T12:36:16.049831
edge-358,dev:acx-18,port:acx-18:xe-0/0/0,HAS_PORT,"{""source"": ""config_backup"", ""method"": ""config_parse"", ""observed_at"": ""2026-05-15T00:00:00+00:00"", ""valid_from"": ""2026-05-15T00:00:00+00:00"", ""valid_to"": null, ""confidence"": 1.0}",2026-09-01T12:36:16.049886
edge-359,dev:acx-18,port:acx-18:xe-0/0/1,HAS_PORT,"{""source"": ""config_backup"", ""method"": ""config_parse"", ""observed_at"": ""2026-05-15T00:00:00+00:00"", ""valid_from"": ""2026-05-15T00:00:00+00:00"", ""valid_to"": null, ""confidence"": 1.0}",2026-09-01T12:36:16.049948
edge-360,dev:acx-18,port:acx-18:xe-0/0/2,HAS_PORT,"{""source"": ""config_backup"", ""method"": ""config_parse"", ""observed_at"": ""2026-05-15T00:00:00+00:00"", ""valid_from"": ""2026-05-15T00:00:00+00:00"", ""valid_to"": null, ""confidence"": 1.0}",2026-09-01T12:36:16.050008
edge-361,dev:acx-18,port:acx-18:xe-0/0/3,HAS_PORT,"{""source"": ""config_backup"", ""method"": ""config_parse"", ""observed_at"": ""2026-05-15T00:00:00+00:00"", ""valid_from"": ""2026-05-15T00:00:00+00:00"", ""valid_to"": null, ""confidence"": 1.0}",2026-09-01T12:36:16.050073
edge-362,port:acx-18:et-0/0/0,link:acx-18:et-0/0/0--mx304-09:xe-0/1/2,TERMINATES,"{""link_end"": ""a"", ""source"": ""nms"", ""method"": ""lldp"", ""observed_at"": ""2026-05-15T00:00:00+00:00"", ""valid_from"": ""2026-05-15T00:00:00+00:00"", ""valid_to"": null, ""confidence"": 1.0}",2026-09-01T12:36:16.050133
edge-363,port:mx304-09:xe-0/1/2,link:acx-18:et-0/0/0--mx304-09:xe-0/1/2,TERMINATES,"{""link_end"": ""z"", ""source"": ""nms"", ""method"": ""lldp"", ""observed_at"": ""2026-05-15T00:00:00+00:00"", ""valid_from"": ""2026-05-15T00:00:00+00:00"", ""valid_to"": null, ""confidence"": 1.0}",2026-09-01T12:36:16.050167
edge-364,chg:acx-234-attempt,dev:acx-18,TARGETS,"{""source"": ""change_record"", ""method"": ""vendor_export"", ""observed_at"": ""2026-05-15T00:00:00+00:00"", ""valid_from"": ""2026-05-15T00:00:00+00:00"", ""valid_to"": null, ""confidence"": 1.0}",2026-09-01T12:36:16.050257
edge-365,site:06,dev:acx-19,CONTAINS,"{""source"": ""inventory_review"", ""method"": ""vendor_export"", ""observed_at"": ""2026-05-15T00:00:00+00:00"", ""valid_from"": ""2026-05-15T00:00:00+00:00"", ""valid_to"": null, ""confidence"": 1.0}",2026-09-01T12:36:16.050306
edge-366,dev:acx-19,sw:junos-22.4R3-S7.5,RUNS,"{""source"": ""inventory_review"", ""method"": ""vendor_export"", ""observed_at"": ""2026-05-15T00:00:00+00:00"", ""valid_from"": ""2026-05-15T00:00:00+00:00"", ""valid_to"": null, ""confidence"": 1.0}",2026-09-01T12:36:16.050359
edge-367,dev:acx-19,port:acx-19:et-0/0/0,HAS_PORT,"{""source"": ""config_backup"", ""method"": ""config_parse"", ""observed_at"": ""2026-05-15T00:00:00+00:00"", ""valid_from"": ""2026-05-15T00:00:00+00:00"", ""valid_to"": null, ""confidence"": 1.0}",2026-09-01T12:36:16.050411
edge-368,dev:acx-19,port:acx-19:et-0/0/1,HAS_PORT,"{""source"": ""config_backup"", ""method"": ""config_parse"", ""observed_at"": ""2026-05-15T00:00:00+00:00"", ""valid_from"": ""2026-05-15T00:00:00+00:00"", ""valid_to"": null, ""confidence"": 1.0}",2026-09-01T12:36:16.050470
edge-369,dev:acx-19,port:acx-19:xe-0/0/0,HAS_PORT,"{""source"": ""config_backup"", ""method"": ""config_parse"", ""observed_at"": ""2026-05-15T00:00:00+00:00"", ""valid_from"": ""2026-05-15T00:00:00+00:00"", ""valid_to"": null, ""confidence"": 1.0}",2026-09-01T12:36:16.050505
edge-370,dev:acx-19,port:acx-19:xe-0/0/1,HAS_PORT,"{""source"": ""config_backup"", ""method"": ""config_parse"", ""observed_at"": ""2026-05-15T00:00:00+00:00"", ""valid_from"": ""2026-05-15T00:00:00+00:00"", ""valid_to"": null, ""confidence"": 1.0}",2026-09-01T12:36:16.050536
edge-371,dev:acx-19,port:acx-19:xe-0/0/2,HAS_PORT,"{""source"": ""config_backup"", ""method"": ""config_parse"", ""observed_at"": ""2026-05-15T00:00:00+00:00"", ""valid_from"": ""2026-05-15T00:00:00+00:00"", ""valid_to"": null, ""confidence"": 1.0}",2026-09-01T12:36:16.050590
edge-372,dev:acx-19,port:acx-19:xe-0/0/3,HAS_PORT,"{""source"": ""config_backup"", ""method"": ""config_parse"", ""observed_at"": ""2026-05-15T00:00:00+00:00"", ""valid_from"": ""2026-05-15T00:00:00+00:00"", ""valid_to"": null, ""confidence"": 1.0}",2026-09-01T12:36:16.050641
edge-373,port:acx-19:et-0/0/0,link:acx-19:et-0/0/0--mx304-sang:xe-0/1/3,TERMINATES,"{""link_end"": ""a"", ""source"": ""nms"", ""method"": ""lldp"", ""observed_at"": ""2026-05-15T00:00:00+00:00"", ""valid_from"": ""2026-05-15T00:00:00+00:00"", ""valid_to"": null, ""confidence"": 1.0}",2026-09-01T12:36:16.050701
edge-374,port:mx304-sang:xe-0/1/3,link:acx-19:et-0/0/0--mx304-sang:xe-0/1/3,TERMINATES,"{""link_end"": ""z"", ""source"": ""nms"", ""method"": ""lldp"", ""observed_at"": ""2026-05-15T00:00:00+00:00"", ""valid_from"": ""2026-05-15T00:00:00+00:00"", ""valid_to"": null, ""confidence"": 1.0}",2026-09-01T12:36:16.050741
edge-375,chg:acx-234-attempt,dev:acx-19,TARGETS,"{""source"": ""change_record"", ""method"": ""vendor_export"", ""observed_at"": ""2026-05-15T00:00:00+00:00"", ""valid_from"": ""2026-05-15T00:00:00+00:00"", ""valid_to"": null, ""confidence"": 1.0}",2026-09-01T12:36:16.050789
edge-376,site:07,dev:acx-20,CONTAINS,"{""source"": ""inventory_review"", ""method"": ""vendor_export"", ""observed_at"": ""2026-05-15T00:00:00+00:00"", ""valid_from"": ""2026-05-15T00:00:00+00:00"", ""valid_to"": null, ""confidence"": 1.0}",2026-09-01T12:36:16.050838
edge-377,dev:acx-20,sw:junos-22.4R3-S7.5,RUNS,"{""source"": ""inventory_review"", ""method"": ""vendor_export"", ""observed_at"": ""2026-05-15T00:00:00+00:00"", ""valid_from"": ""2026-05-15T00:00:00+00:00"", ""valid_to"": null, ""confidence"": 1.0}",2026-09-01T12:36:16.050884
edge-378,dev:acx-20,port:acx-20:et-0/0/0,HAS_PORT,"{""source"": ""config_backup"", ""method"": ""config_parse"", ""observed_at"": ""2026-05-15T00:00:00+00:00"", ""valid_from"": ""2026-05-15T00:00:00+00:00"", ""valid_to"": null, ""confidence"": 1.0}",2026-09-01T12:36:16.050920
edge-379,dev:acx-20,port:acx-20:et-0/0/1,HAS_PORT,"{""source"": ""config_backup"", ""method"": ""config_parse"", ""observed_at"": ""2026-05-15T00:00:00+00:00"", ""valid_from"": ""2026-05-15T00:00:00+00:00"", ""valid_to"": null, ""confidence"": 1.0}",2026-09-01T12:36:16.050955
edge-380,dev:acx-20,port:acx-20:xe-0/0/0,HAS_PORT,"{""source"": ""config_backup"", ""method"": ""config_parse"", ""observed_at"": ""2026-05-15T00:00:00+00:00"", ""valid_from"": ""2026-05-15T00:00:00+00:00"", ""valid_to"": null, ""confidence"": 1.0}",2026-09-01T12:36:16.050994
edge-381,dev:acx-20,port:acx-20:xe-0/0/1,HAS_PORT,"{""source"": ""config_backup"", ""method"": ""config_parse"", ""observed_at"": ""2026-05-15T00:00:00+00:00"", ""valid_from"": ""2026-05-15T00:00:00+00:00"", ""valid_to"": null, ""confidence"": 1.0}",2026-09-01T12:36:16.051030
edge-382,dev:acx-20,port:acx-20:xe-0/0/2,HAS_PORT,"{""source"": ""config_backup"", ""method"": ""config_parse"", ""observed_at"": ""2026-05-15T00:00:00+00:00"", ""valid_from"": ""2026-05-15T00:00:00+00:00"", ""valid_to"": null, ""confidence"": 1.0}",2026-09-01T12:36:16.051073
edge-383,dev:acx-20,port:acx-20:xe-0/0/3,HAS_PORT,"{""source"": ""config_backup"", ""method"": ""config_parse"", ""observed_at"": ""2026-05-15T00:00:00+00:00"", ""valid_from"": ""2026-05-15T00:00:00+00:00"", ""valid_to"": null, ""confidence"": 1.0}",2026-09-01T12:36:16.051119
edge-384,port:acx-20:et-0/0/0,link:acx-20:et-0/0/0--mx304-02:xe-0/1/4,TERMINATES,"{""link_end"": ""a"", ""source"": ""nms"", ""method"": ""lldp"", ""observed_at"": ""2026-05-15T00:00:00+00:00"", ""valid_from"": ""2026-05-15T00:00:00+00:00"", ""valid_to"": null, ""confidence"": 1.0}",2026-09-01T12:36:16.051243
edge-385,port:mx304-02:xe-0/1/4,link:acx-20:et-0/0/0--mx304-02:xe-0/1/4,TERMINATES,"{""link_end"": ""z"", ""source"": ""nms"", ""method"": ""lldp"", ""observed_at"": ""2026-05-15T00:00:00+00:00"", ""valid_from"": ""2026-05-15T00:00:00+00:00"", ""valid_to"": null, ""confidence"": 1.0}",2026-09-01T12:36:16.051314
edge-386,chg:acx-234-attempt,dev:acx-20,TARGETS,"{""source"": ""change_record"", ""method"": ""vendor_export"", ""observed_at"": ""2026-05-15T00:00:00+00:00"", ""valid_from"": ""2026-05-15T00:00:00+00:00"", ""valid_to"": null, ""confidence"": 1.0}",2026-09-01T12:36:16.051393
edge-387,site:08,dev:acx-21,CONTAINS,"{""source"": ""inventory_review"", ""method"": ""vendor_export"", ""observed_at"": ""2026-05-15T00:00:00+00:00"", ""valid_from"": ""2026-05-15T00:00:00+00:00"", ""valid_to"": null, ""confidence"": 1.0}",2026-09-01T12:36:16.051442
edge-388,dev:acx-21,sw:junos-22.4R3-S7.5,RUNS,"{""source"": ""inventory_review"", ""method"": ""vendor_export"", ""observed_at"": ""2026-05-15T00:00:00+00:00"", ""valid_from"": ""2026-05-15T00:00:00+00:00"", ""valid_to"": null, ""confidence"": 1.0}",2026-09-01T12:36:16.051487
edge-389,dev:acx-21,port:acx-21:et-0/0/0,HAS_PORT,"{""source"": ""config_backup"", ""method"": ""config_parse"", ""observed_at"": ""2026-05-15T00:00:00+00:00"", ""valid_from"": ""2026-05-15T00:00:00+00:00"", ""valid_to"": null, ""confidence"": 1.0}",2026-09-01T12:36:16.051546
edge-390,dev:acx-21,port:acx-21:et-0/0/1,HAS_PORT,"{""source"": ""config_backup"", ""method"": ""config_parse"", ""observed_at"": ""2026-05-15T00:00:00+00:00"", ""valid_from"": ""2026-05-15T00:00:00+00:00"", ""valid_to"": null, ""confidence"": 1.0}",2026-09-01T12:36:16.051596
edge-391,dev:acx-21,port:acx-21:xe-0/0/0,HAS_PORT,"{""source"": ""config_backup"", ""method"": ""config_parse"", ""observed_at"": ""2026-05-15T00:00:00+00:00"", ""valid_from"": ""2026-05-15T00:00:00+00:00"", ""valid_to"": null, ""confidence"": 1.0}",2026-09-01T12:36:16.051642
edge-392,dev:acx-21,port:acx-21:xe-0/0/1,HAS_PORT,"{""source"": ""config_backup"", ""method"": ""config_parse"", ""observed_at"": ""2026-05-15T00:00:00+00:00"", ""valid_from"": ""2026-05-15T00:00:00+00:00"", ""valid_to"": null, ""confidence"": 1.0}",2026-09-01T12:36:16.051696
edge-393,dev:acx-21,port:acx-21:xe-0/0/2,HAS_PORT,"{""source"": ""config_backup"", ""method"": ""config_parse"", ""observed_at"": ""2026-05-15T00:00:00+00:00"", ""valid_from"": ""2026-05-15T00:00:00+00:00"", ""valid_to"": null, ""confidence"": 1.0}",2026-09-01T12:36:16.051745
edge-394,dev:acx-21,port:acx-21:xe-0/0/3,HAS_PORT,"{""source"": ""config_backup"", ""method"": ""config_parse"", ""observed_at"": ""2026-05-15T00:00:00+00:00"", ""valid_from"": ""2026-05-15T00:00:00+00:00"", ""valid_to"": null, ""confidence"": 1.0}",2026-09-01T12:36:16.051792
edge-395,port:acx-21:et-0/0/0,link:acx-21:et-0/0/0--mx304-03:xe-0/1/5,TERMINATES,"{""link_end"": ""a"", ""source"": ""nms"", ""method"": ""lldp"", ""observed_at"": ""2026-05-15T00:00:00+00:00"", ""valid_from"": ""2026-05-15T00:00:00+00:00"", ""valid_to"": null, ""confidence"": 1.0}",2026-09-01T12:36:16.051839
edge-396,port:mx304-03:xe-0/1/5,link:acx-21:et-0/0/0--mx304-03:xe-0/1/5,TERMINATES,"{""link_end"": ""z"", ""source"": ""nms"", ""method"": ""lldp"", ""observed_at"": ""2026-05-15T00:00:00+00:00"", ""valid_from"": ""2026-05-15T00:00:00+00:00"", ""valid_to"": null, ""confidence"": 1.0}",2026-09-01T12:36:16.051887
edge-397,chg:acx-234-attempt,dev:acx-21,TARGETS,"{""source"": ""change_record"", ""method"": ""vendor_export"", ""observed_at"": ""2026-05-15T00:00:00+00:00"", ""valid_from"": ""2026-05-15T00:00:00+00:00"", ""valid_to"": null, ""confidence"": 1.0}",2026-09-01T12:36:16.051934
edge-398,site:09,dev:acx-22,CONTAINS,"{""source"": ""inventory_review"", ""method"": ""vendor_export"", ""observed_at"": ""2026-05-15T00:00:00+00:00"", ""valid_from"": ""2026-05-15T00:00:00+00:00"", ""valid_to"": null, ""confidence"": 1.0}",2026-09-01T12:36:16.051981
edge-399,dev:acx-22,sw:junos-22.4R3-S7.5,RUNS,"{""source"": ""inventory_review"", ""method"": ""vendor_export"", ""observed_at"": ""2026-05-15T00:00:00+00:00"", ""valid_from"": ""2026-05-15T00:00:00+00:00"", ""valid_to"": null, ""confidence"": 1.0}",2026-09-01T12:36:16.052035
edge-400,dev:acx-22,port:acx-22:et-0/0/0,HAS_PORT,"{""source"": ""config_backup"", ""method"": ""config_parse"", ""observed_at"": ""2026-05-15T00:00:00+00:00"", ""valid_from"": ""2026-05-15T00:00:00+00:00"", ""valid_to"": null, ""confidence"": 1.0}",2026-09-01T12:36:16.052081
edge-401,dev:acx-22,port:acx-22:et-0/0/1,HAS_PORT,"{""source"": ""config_backup"", ""method"": ""config_parse"", ""observed_at"": ""2026-05-15T00:00:00+00:00"", ""valid_from"": ""2026-05-15T00:00:00+00:00"", ""valid_to"": null, ""confidence"": 1.0}",2026-09-01T12:36:16.052128
edge-402,dev:acx-22,port:acx-22:xe-0/0/0,HAS_PORT,"{""source"": ""config_backup"", ""method"": ""config_parse"", ""observed_at"": ""2026-05-15T00:00:00+00:00"", ""valid_from"": ""2026-05-15T00:00:00+00:00"", ""valid_to"": null, ""confidence"": 1.0}",2026-09-01T12:36:16.052181
edge-403,dev:acx-22,port:acx-22:xe-0/0/1,HAS_PORT,"{""source"": ""config_backup"", ""method"": ""config_parse"", ""observed_at"": ""2026-05-15T00:00:00+00:00"", ""valid_from"": ""2026-05-15T00:00:00+00:00"", ""valid_to"": null, ""confidence"": 1.0}",2026-09-01T12:36:16.052293
edge-404,dev:acx-22,port:acx-22:xe-0/0/2,HAS_PORT,"{""source"": ""config_backup"", ""method"": ""config_parse"", ""observed_at"": ""2026-05-15T00:00:00+00:00"", ""valid_from"": ""2026-05-15T00:00:00+00:00"", ""valid_to"": null, ""confidence"": 1.0}",2026-09-01T12:36:16.052342
edge-405,dev:acx-22,port:acx-22:xe-0/0/3,HAS_PORT,"{""source"": ""config_backup"", ""method"": ""config_parse"", ""observed_at"": ""2026-05-15T00:00:00+00:00"", ""valid_from"": ""2026-05-15T00:00:00+00:00"", ""valid_to"": null, ""confidence"": 1.0}",2026-09-01T12:36:16.052386
edge-406,port:acx-22:et-0/0/0,link:acx-22:et-0/0/0--mx304-04:xe-0/1/6,TERMINATES,"{""link_end"": ""a"", ""source"": ""nms"", ""method"": ""lldp"", ""observed_at"": ""2026-05-15T00:00:00+00:00"", ""valid_from"": ""2026-05-15T00:00:00+00:00"", ""valid_to"": null, ""confidence"": 1.0}",2026-09-01T12:36:16.052433
edge-407,port:mx304-04:xe-0/1/6,link:acx-22:et-0/0/0--mx304-04:xe-0/1/6,TERMINATES,"{""link_end"": ""z"", ""source"": ""nms"", ""method"": ""lldp"", ""observed_at"": ""2026-05-15T00:00:00+00:00"", ""valid_from"": ""2026-05-15T00:00:00+00:00"", ""valid_to"": null, ""confidence"": 1.0}",2026-09-01T12:36:16.052489
edge-408,chg:acx-234-attempt,dev:acx-22,TARGETS,"{""source"": ""change_record"", ""method"": ""vendor_export"", ""observed_at"": ""2026-05-15T00:00:00+00:00"", ""valid_from"": ""2026-05-15T00:00:00+00:00"", ""valid_to"": null, ""confidence"": 1.0}",2026-09-01T12:36:16.052539
edge-409,site:10,dev:acx-23,CONTAINS,"{""source"": ""inventory_review"", ""method"": ""vendor_export"", ""observed_at"": ""2026-05-15T00:00:00+00:00"", ""valid_from"": ""2026-05-15T00:00:00+00:00"", ""valid_to"": null, ""confidence"": 1.0}",2026-09-01T12:36:16.052586
edge-410,dev:acx-23,sw:junos-22.4R3-S7.5,RUNS,"{""source"": ""inventory_review"", ""method"": ""vendor_export"", ""observed_at"": ""2026-05-15T00:00:00+00:00"", ""valid_from"": ""2026-05-15T00:00:00+00:00"", ""valid_to"": null, ""confidence"": 1.0}",2026-09-01T12:36:16.052631
edge-411,dev:acx-23,port:acx-23:et-0/0/0,HAS_PORT,"{""source"": ""config_backup"", ""method"": ""config_parse"", ""observed_at"": ""2026-05-15T00:00:00+00:00"", ""valid_from"": ""2026-05-15T00:00:00+00:00"", ""valid_to"": null, ""confidence"": 1.0}",2026-09-01T12:36:16.052676
edge-412,dev:acx-23,port:acx-23:et-0/0/1,HAS_PORT,"{""source"": ""config_backup"", ""method"": ""config_parse"", ""observed_at"": ""2026-05-15T00:00:00+00:00"", ""valid_from"": ""2026-05-15T00:00:00+00:00"", ""valid_to"": null, ""confidence"": 1.0}",2026-09-01T12:36:16.052729
edge-413,dev:acx-23,port:acx-23:xe-0/0/0,HAS_PORT,"{""source"": ""config_backup"", ""method"": ""config_parse"", ""observed_at"": ""2026-05-15T00:00:00+00:00"", ""valid_from"": ""2026-05-15T00:00:00+00:00"", ""valid_to"": null, ""confidence"": 1.0}",2026-09-01T12:36:16.052783
edge-414,dev:acx-23,port:acx-23:xe-0/0/1,HAS_PORT,"{""source"": ""config_backup"", ""method"": ""config_parse"", ""observed_at"": ""2026-05-15T00:00:00+00:00"", ""valid_from"": ""2026-05-15T00:00:00+00:00"", ""valid_to"": null, ""confidence"": 1.0}",2026-09-01T12:36:16.052830
edge-415,dev:acx-23,port:acx-23:xe-0/0/2,HAS_PORT,"{""source"": ""config_backup"", ""method"": ""config_parse"", ""observed_at"": ""2026-05-15T00:00:00+00:00"", ""valid_from"": ""2026-05-15T00:00:00+00:00"", ""valid_to"": null, ""confidence"": 1.0}",2026-09-01T12:36:16.052873
edge-416,dev:acx-23,port:acx-23:xe-0/0/3,HAS_PORT,"{""source"": ""config_backup"", ""method"": ""config_parse"", ""observed_at"": ""2026-05-15T00:00:00+00:00"", ""valid_from"": ""2026-05-15T00:00:00+00:00"", ""valid_to"": null, ""confidence"": 1.0}",2026-09-01T12:36:16.052921
edge-417,port:acx-23:et-0/0/0,link:acx-23:et-0/0/0--mx304-05:xe-0/1/7,TERMINATES,"{""link_end"": ""a"", ""source"": ""nms"", ""method"": ""lldp"", ""observed_at"": ""2026-05-15T00:00:00+00:00"", ""valid_from"": ""2026-05-15T00:00:00+00:00"", ""valid_to"": null, ""confidence"": 1.0}",2026-09-01T12:36:16.052970
edge-418,port:mx304-05:xe-0/1/7,link:acx-23:et-0/0/0--mx304-05:xe-0/1/7,TERMINATES,"{""link_end"": ""z"", ""source"": ""nms"", ""method"": ""lldp"", ""observed_at"": ""2026-05-15T00:00:00+00:00"", ""valid_from"": ""2026-05-15T00:00:00+00:00"", ""valid_to"": null, ""confidence"": 1.0}",2026-09-01T12:36:16.053017
edge-419,chg:acx-234-attempt,dev:acx-23,TARGETS,"{""source"": ""change_record"", ""method"": ""vendor_export"", ""observed_at"": ""2026-05-15T00:00:00+00:00"", ""valid_from"": ""2026-05-15T00:00:00+00:00"", ""valid_to"": null, ""confidence"": 1.0}",2026-09-01T12:36:16.053063
edge-420,site:03,dev:acx-24,CONTAINS,"{""source"": ""inventory_review"", ""method"": ""vendor_export"", ""observed_at"": ""2026-05-15T00:00:00+00:00"", ""valid_from"": ""2026-05-15T00:00:00+00:00"", ""valid_to"": null, ""confidence"": 1.0}",2026-09-01T12:36:16.053109
edge-421,dev:acx-24,sw:junos-22.4R3-S7.5,RUNS,"{""source"": ""inventory_review"", ""method"": ""vendor_export"", ""observed_at"": ""2026-05-15T00:00:00+00:00"", ""valid_from"": ""2026-05-15T00:00:00+00:00"", ""valid_to"": null, ""confidence"": 1.0}",2026-09-01T12:36:16.053155
edge-422,dev:acx-24,port:acx-24:et-0/0/0,HAS_PORT,"{""source"": ""config_backup"", ""method"": ""config_parse"", ""observed_at"": ""2026-05-15T00:00:00+00:00"", ""valid_from"": ""2026-05-15T00:00:00+00:00"", ""valid_to"": null, ""confidence"": 1.0}",2026-09-01T12:36:16.053252
edge-423,dev:acx-24,port:acx-24:et-0/0/1,HAS_PORT,"{""source"": ""config_backup"", ""method"": ""config_parse"", ""observed_at"": ""2026-05-15T00:00:00+00:00"", ""valid_from"": ""2026-05-15T00:00:00+00:00"", ""valid_to"": null, ""confidence"": 1.0}",2026-09-01T12:36:16.053304
edge-424,dev:acx-24,port:acx-24:xe-0/0/0,HAS_PORT,"{""source"": ""config_backup"", ""method"": ""config_parse"", ""observed_at"": ""2026-05-15T00:00:00+00:00"", ""valid_from"": ""2026-05-15T00:00:00+00:00"", ""valid_to"": null, ""confidence"": 1.0}",2026-09-01T12:36:16.053349
edge-425,dev:acx-24,port:acx-24:xe-0/0/1,HAS_PORT,"{""source"": ""config_backup"", ""method"": ""config_parse"", ""observed_at"": ""2026-05-15T00:00:00+00:00"", ""valid_from"": ""2026-05-15T00:00:00+00:00"", ""valid_to"": null, ""confidence"": 1.0}",2026-09-01T12:36:16.053416
edge-426,dev:acx-24,port:acx-24:xe-0/0/2,HAS_PORT,"{""source"": ""config_backup"", ""method"": ""config_parse"", ""observed_at"": ""2026-05-15T00:00:00+00:00"", ""valid_from"": ""2026-05-15T00:00:00+00:00"", ""valid_to"": null, ""confidence"": 1.0}",2026-09-01T12:36:16.053507
edge-427,dev:acx-24,port:acx-24:xe-0/0/3,HAS_PORT,"{""source"": ""config_backup"", ""method"": ""config_parse"", ""observed_at"": ""2026-05-15T00:00:00+00:00"", ""valid_from"": ""2026-05-15T00:00:00+00:00"", ""valid_to"": null, ""confidence"": 1.0}",2026-09-01T12:36:16.053590
edge-428,port:acx-24:et-0/0/0,link:acx-24:et-0/0/0--mx304-06:xe-0/1/0,TERMINATES,"{""link_end"": ""a"", ""source"": ""nms"", ""method"": ""lldp"", ""observed_at"": ""2026-05-15T00:00:00+00:00"", ""valid_from"": ""2026-05-15T00:00:00+00:00"", ""valid_to"": null, ""confidence"": 1.0}",2026-09-01T12:36:16.053658
edge-429,port:mx304-06:xe-0/1/0,link:acx-24:et-0/0/0--mx304-06:xe-0/1/0,TERMINATES,"{""link_end"": ""z"", ""source"": ""nms"", ""method"": ""lldp"", ""observed_at"": ""2026-05-15T00:00:00+00:00"", ""valid_from"": ""2026-05-15T00:00:00+00:00"", ""valid_to"": null, ""confidence"": 1.0}",2026-09-01T12:36:16.054001
edge-430,chg:acx-234-attempt,dev:acx-24,TARGETS,"{""source"": ""change_record"", ""method"": ""vendor_export"", ""observed_at"": ""2026-05-15T00:00:00+00:00"", ""valid_from"": ""2026-05-15T00:00:00+00:00"", ""valid_to"": null, ""confidence"": 1.0}",2026-09-01T12:36:16.054130
edge-431,site:04,dev:acx-25,CONTAINS,"{""source"": ""inventory_review"", ""method"": ""vendor_export"", ""observed_at"": ""2026-05-15T00:00:00+00:00"", ""valid_from"": ""2026-05-15T00:00:00+00:00"", ""valid_to"": null, ""confidence"": 1.0}",2026-09-01T12:36:16.054237
edge-432,dev:acx-25,sw:junos-22.4R3-S7.5,RUNS,"{""source"": ""inventory_review"", ""method"": ""vendor_export"", ""observed_at"": ""2026-05-15T00:00:00+00:00"", ""valid_from"": ""2026-05-15T00:00:00+00:00"", ""valid_to"": null, ""confidence"": 1.0}",2026-09-01T12:36:16.054304
edge-433,dev:acx-25,port:acx-25:et-0/0/0,HAS_PORT,"{""source"": ""config_backup"", ""method"": ""config_parse"", ""observed_at"": ""2026-05-15T00:00:00+00:00"", ""valid_from"": ""2026-05-15T00:00:00+00:00"", ""valid_to"": null, ""confidence"": 1.0}",2026-09-01T12:36:16.054359
edge-434,dev:acx-25,port:acx-25:et-0/0/1,HAS_PORT,"{""source"": ""config_backup"", ""method"": ""config_parse"", ""observed_at"": ""2026-05-15T00:00:00+00:00"", ""valid_from"": ""2026-05-15T00:00:00+00:00"", ""valid_to"": null, ""confidence"": 1.0}",2026-09-01T12:36:16.054465
edge-435,dev:acx-25,port:acx-25:xe-0/0/0,HAS_PORT,"{""source"": ""config_backup"", ""method"": ""config_parse"", ""observed_at"": ""2026-05-15T00:00:00+00:00"", ""valid_from"": ""2026-05-15T00:00:00+00:00"", ""valid_to"": null, ""confidence"": 1.0}",2026-09-01T12:36:16.054525
edge-436,dev:acx-25,port:acx-25:xe-0/0/1,HAS_PORT,"{""source"": ""config_backup"", ""method"": ""config_parse"", ""observed_at"": ""2026-05-15T00:00:00+00:00"", ""valid_from"": ""2026-05-15T00:00:00+00:00"", ""valid_to"": null, ""confidence"": 1.0}",2026-09-01T12:36:16.054574
edge-437,dev:acx-25,port:acx-25:xe-0/0/2,HAS_PORT,"{""source"": ""config_backup"", ""method"": ""config_parse"", ""observed_at"": ""2026-05-15T00:00:00+00:00"", ""valid_from"": ""2026-05-15T00:00:00+00:00"", ""valid_to"": null, ""confidence"": 1.0}",2026-09-01T12:36:16.054620
edge-438,dev:acx-25,port:acx-25:xe-0/0/3,HAS_PORT,"{""source"": ""config_backup"", ""method"": ""config_parse"", ""observed_at"": ""2026-05-15T00:00:00+00:00"", ""valid_from"": ""2026-05-15T00:00:00+00:00"", ""valid_to"": null, ""confidence"": 1.0}",2026-09-01T12:36:16.054665
edge-439,port:acx-25:et-0/0/0,link:acx-25:et-0/0/0--mx304-07:xe-0/1/1,TERMINATES,"{""link_end"": ""a"", ""source"": ""nms"", ""method"": ""lldp"", ""observed_at"": ""2026-05-15T00:00:00+00:00"", ""valid_from"": ""2026-05-15T00:00:00+00:00"", ""valid_to"": null, ""confidence"": 1.0}",2026-09-01T12:36:16.054771
edge-440,port:mx304-07:xe-0/1/1,link:acx-25:et-0/0/0--mx304-07:xe-0/1/1,TERMINATES,"{""link_end"": ""z"", ""source"": ""nms"", ""method"": ""lldp"", ""observed_at"": ""2026-05-15T00:00:00+00:00"", ""valid_from"": ""2026-05-15T00:00:00+00:00"", ""valid_to"": null, ""confidence"": 1.0}",2026-09-01T12:36:16.054848
edge-441,chg:acx-234-attempt,dev:acx-25,TARGETS,"{""source"": ""change_record"", ""method"": ""vendor_export"", ""observed_at"": ""2026-05-15T00:00:00+00:00"", ""valid_from"": ""2026-05-15T00:00:00+00:00"", ""valid_to"": null, ""confidence"": 1.0}",2026-09-01T12:36:16.054905
edge-442,site:05,dev:acx-26,CONTAINS,"{""source"": ""inventory_review"", ""method"": ""vendor_export"", ""observed_at"": ""2026-05-15T00:00:00+00:00"", ""valid_from"": ""2026-05-15T00:00:00+00:00"", ""valid_to"": null, ""confidence"": 1.0}",2026-09-01T12:36:16.054958
edge-443,dev:acx-26,sw:junos-22.4R3-S7.5,RUNS,"{""source"": ""inventory_review"", ""method"": ""vendor_export"", ""observed_at"": ""2026-05-15T00:00:00+00:00"", ""valid_from"": ""2026-05-15T00:00:00+00:00"", ""valid_to"": null, ""confidence"": 1.0}",2026-09-01T12:36:16.055007
edge-444,dev:acx-26,port:acx-26:et-0/0/0,HAS_PORT,"{""source"": ""config_backup"", ""method"": ""config_parse"", ""observed_at"": ""2026-05-15T00:00:00+00:00"", ""valid_from"": ""2026-05-15T00:00:00+00:00"", ""valid_to"": null, ""confidence"": 1.0}",2026-09-01T12:36:16.055102
edge-445,dev:acx-26,port:acx-26:et-0/0/1,HAS_PORT,"{""source"": ""config_backup"", ""method"": ""config_parse"", ""observed_at"": ""2026-05-15T00:00:00+00:00"", ""valid_from"": ""2026-05-15T00:00:00+00:00"", ""valid_to"": null, ""confidence"": 1.0}",2026-09-01T12:36:16.055273
edge-446,dev:acx-26,port:acx-26:xe-0/0/0,HAS_PORT,"{""source"": ""config_backup"", ""method"": ""config_parse"", ""observed_at"": ""2026-05-15T00:00:00+00:00"", ""valid_from"": ""2026-05-15T00:00:00+00:00"", ""valid_to"": null, ""confidence"": 1.0}",2026-09-01T12:36:16.055557
edge-447,dev:acx-26,port:acx-26:xe-0/0/1,HAS_PORT,"{""source"": ""config_backup"", ""method"": ""config_parse"", ""observed_at"": ""2026-05-15T00:00:00+00:00"", ""valid_from"": ""2026-05-15T00:00:00+00:00"", ""valid_to"": null, ""confidence"": 1.0}",2026-09-01T12:36:16.055611
edge-448,dev:acx-26,port:acx-26:xe-0/0/2,HAS_PORT,"{""source"": ""config_backup"", ""method"": ""config_parse"", ""observed_at"": ""2026-05-15T00:00:00+00:00"", ""valid_from"": ""2026-05-15T00:00:00+00:00"", ""valid_to"": null, ""confidence"": 1.0}",2026-09-01T12:36:16.055656
edge-449,dev:acx-26,port:acx-26:xe-0/0/3,HAS_PORT,"{""source"": ""config_backup"", ""method"": ""config_parse"", ""observed_at"": ""2026-05-15T00:00:00+00:00"", ""valid_from"": ""2026-05-15T00:00:00+00:00"", ""valid_to"": null, ""confidence"": 1.0}",2026-09-01T12:36:16.055706
edge-450,port:acx-26:et-0/0/0,link:acx-26:et-0/0/0--mx304-08:xe-0/1/2,TERMINATES,"{""link_end"": ""a"", ""source"": ""nms"", ""method"": ""lldp"", ""observed_at"": ""2026-05-15T00:00:00+00:00"", ""valid_from"": ""2026-05-15T00:00:00+00:00"", ""valid_to"": null, ""confidence"": 1.0}",2026-09-01T12:36:16.055771
edge-451,port:mx304-08:xe-0/1/2,link:acx-26:et-0/0/0--mx304-08:xe-0/1/2,TERMINATES,"{""link_end"": ""z"", ""source"": ""nms"", ""method"": ""lldp"", ""observed_at"": ""2026-05-15T00:00:00+00:00"", ""valid_from"": ""2026-05-15T00:00:00+00:00"", ""valid_to"": null, ""confidence"": 1.0}",2026-09-01T12:36:16.055892
edge-452,chg:acx-234-attempt,dev:acx-26,TARGETS,"{""source"": ""change_record"", ""method"": ""vendor_export"", ""observed_at"": ""2026-05-15T00:00:00+00:00"", ""valid_from"": ""2026-05-15T00:00:00+00:00"", ""valid_to"": null, ""confidence"": 1.0}",2026-09-01T12:36:16.056149
edge-453,site:06,dev:acx-27,CONTAINS,"{""source"": ""inventory_review"", ""method"": ""vendor_export"", ""observed_at"": ""2026-05-15T00:00:00+00:00"", ""valid_from"": ""2026-05-15T00:00:00+00:00"", ""valid_to"": null, ""confidence"": 1.0}",2026-09-01T12:36:16.056481
edge-454,dev:acx-27,sw:junos-22.4R3-S7.5,RUNS,"{""source"": ""inventory_review"", ""method"": ""vendor_export"", ""observed_at"": ""2026-05-15T00:00:00+00:00"", ""valid_from"": ""2026-05-15T00:00:00+00:00"", ""valid_to"": null, ""confidence"": 1.0}",2026-09-01T12:36:16.056733
edge-455,dev:acx-27,port:acx-27:et-0/0/0,HAS_PORT,"{""source"": ""config_backup"", ""method"": ""config_parse"", ""observed_at"": ""2026-05-15T00:00:00+00:00"", ""valid_from"": ""2026-05-15T00:00:00+00:00"", ""valid_to"": null, ""confidence"": 1.0}",2026-09-01T12:36:16.056948
edge-456,dev:acx-27,port:acx-27:et-0/0/1,HAS_PORT,"{""source"": ""config_backup"", ""method"": ""config_parse"", ""observed_at"": ""2026-05-15T00:00:00+00:00"", ""valid_from"": ""2026-05-15T00:00:00+00:00"", ""valid_to"": null, ""confidence"": 1.0}",2026-09-01T12:36:16.057087
edge-457,dev:acx-27,port:acx-27:xe-0/0/0,HAS_PORT,"{""source"": ""config_backup"", ""method"": ""config_parse"", ""observed_at"": ""2026-05-15T00:00:00+00:00"", ""valid_from"": ""2026-05-15T00:00:00+00:00"", ""valid_to"": null, ""confidence"": 1.0}",2026-09-01T12:36:16.057164
edge-458,dev:acx-27,port:acx-27:xe-0/0/1,HAS_PORT,"{""source"": ""config_backup"", ""method"": ""config_parse"", ""observed_at"": ""2026-05-15T00:00:00+00:00"", ""valid_from"": ""2026-05-15T00:00:00+00:00"", ""valid_to"": null, ""confidence"": 1.0}",2026-09-01T12:36:16.057235
edge-459,dev:acx-27,port:acx-27:xe-0/0/2,HAS_PORT,"{""source"": ""config_backup"", ""method"": ""config_parse"", ""observed_at"": ""2026-05-15T00:00:00+00:00"", ""valid_from"": ""2026-05-15T00:00:00+00:00"", ""valid_to"": null, ""confidence"": 1.0}",2026-09-01T12:36:16.057306
edge-460,dev:acx-27,port:acx-27:xe-0/0/3,HAS_PORT,"{""source"": ""config_backup"", ""method"": ""config_parse"", ""observed_at"": ""2026-05-15T00:00:00+00:00"", ""valid_from"": ""2026-05-15T00:00:00+00:00"", ""valid_to"": null, ""confidence"": 1.0}",2026-09-01T12:36:16.057368
edge-461,port:acx-27:et-0/0/0,link:acx-27:et-0/0/0--mx304-09:xe-0/1/3,TERMINATES,"{""link_end"": ""a"", ""source"": ""nms"", ""method"": ""lldp"", ""observed_at"": ""2026-05-15T00:00:00+00:00"", ""valid_from"": ""2026-05-15T00:00:00+00:00"", ""valid_to"": null, ""confidence"": 1.0}",2026-09-01T12:36:16.057427
edge-462,port:mx304-09:xe-0/1/3,link:acx-27:et-0/0/0--mx304-09:xe-0/1/3,TERMINATES,"{""link_end"": ""z"", ""source"": ""nms"", ""method"": ""lldp"", ""observed_at"": ""2026-05-15T00:00:00+00:00"", ""valid_from"": ""2026-05-15T00:00:00+00:00"", ""valid_to"": null, ""confidence"": 1.0}",2026-09-01T12:36:16.057492
edge-463,chg:acx-234-attempt,dev:acx-27,TARGETS,"{""source"": ""change_record"", ""method"": ""vendor_export"", ""observed_at"": ""2026-05-15T00:00:00+00:00"", ""valid_from"": ""2026-05-15T00:00:00+00:00"", ""valid_to"": null, ""confidence"": 1.0}",2026-09-01T12:36:16.057598
edge-464,site:07,dev:acx-28,CONTAINS,"{""source"": ""inventory_review"", ""method"": ""vendor_export"", ""observed_at"": ""2026-05-15T00:00:00+00:00"", ""valid_from"": ""2026-05-15T00:00:00+00:00"", ""valid_to"": null, ""confidence"": 1.0}",2026-09-01T12:36:16.057640
edge-465,dev:acx-28,sw:junos-22.4R3-S7.5,RUNS,"{""source"": ""inventory_review"", ""method"": ""vendor_export"", ""observed_at"": ""2026-05-15T00:00:00+00:00"", ""valid_from"": ""2026-05-15T00:00:00+00:00"", ""valid_to"": null, ""confidence"": 1.0}",2026-09-01T12:36:16.057686
edge-466,dev:acx-28,port:acx-28:et-0/0/0,HAS_PORT,"{""source"": ""config_backup"", ""method"": ""config_parse"", ""observed_at"": ""2026-05-15T00:00:00+00:00"", ""valid_from"": ""2026-05-15T00:00:00+00:00"", ""valid_to"": null, ""confidence"": 1.0}",2026-09-01T12:36:16.057741
edge-467,dev:acx-28,port:acx-28:et-0/0/1,HAS_PORT,"{""source"": ""config_backup"", ""method"": ""config_parse"", ""observed_at"": ""2026-05-15T00:00:00+00:00"", ""valid_from"": ""2026-05-15T00:00:00+00:00"", ""valid_to"": null, ""confidence"": 1.0}",2026-09-01T12:36:16.057810
edge-468,dev:acx-28,port:acx-28:xe-0/0/0,HAS_PORT,"{""source"": ""config_backup"", ""method"": ""config_parse"", ""observed_at"": ""2026-05-15T00:00:00+00:00"", ""valid_from"": ""2026-05-15T00:00:00+00:00"", ""valid_to"": null, ""confidence"": 1.0}",2026-09-01T12:36:16.057865
edge-469,dev:acx-28,port:acx-28:xe-0/0/1,HAS_PORT,"{""source"": ""config_backup"", ""method"": ""config_parse"", ""observed_at"": ""2026-05-15T00:00:00+00:00"", ""valid_from"": ""2026-05-15T00:00:00+00:00"", ""valid_to"": null, ""confidence"": 1.0}",2026-09-01T12:36:16.057922
edge-470,dev:acx-28,port:acx-28:xe-0/0/2,HAS_PORT,"{""source"": ""config_backup"", ""method"": ""config_parse"", ""observed_at"": ""2026-05-15T00:00:00+00:00"", ""valid_from"": ""2026-05-15T00:00:00+00:00"", ""valid_to"": null, ""confidence"": 1.0}",2026-09-01T12:36:16.057973
edge-471,dev:acx-28,port:acx-28:xe-0/0/3,HAS_PORT,"{""source"": ""config_backup"", ""method"": ""config_parse"", ""observed_at"": ""2026-05-15T00:00:00+00:00"", ""valid_from"": ""2026-05-15T00:00:00+00:00"", ""valid_to"": null, ""confidence"": 1.0}",2026-09-01T12:36:16.058019
edge-472,port:acx-28:et-0/0/0,link:acx-28:et-0/0/0--mx304-sang:xe-0/1/4,TERMINATES,"{""link_end"": ""a"", ""source"": ""nms"", ""method"": ""lldp"", ""observed_at"": ""2026-05-15T00:00:00+00:00"", ""valid_from"": ""2026-05-15T00:00:00+00:00"", ""valid_to"": null, ""confidence"": 1.0}",2026-09-01T12:36:16.058059
edge-473,port:mx304-sang:xe-0/1/4,link:acx-28:et-0/0/0--mx304-sang:xe-0/1/4,TERMINATES,"{""link_end"": ""z"", ""source"": ""nms"", ""method"": ""lldp"", ""observed_at"": ""2026-05-15T00:00:00+00:00"", ""valid_from"": ""2026-05-15T00:00:00+00:00"", ""valid_to"": null, ""confidence"": 1.0}",2026-09-01T12:36:16.058105
edge-474,chg:acx-234-attempt,dev:acx-28,TARGETS,"{""source"": ""change_record"", ""method"": ""vendor_export"", ""observed_at"": ""2026-05-15T00:00:00+00:00"", ""valid_from"": ""2026-05-15T00:00:00+00:00"", ""valid_to"": null, ""confidence"": 1.0}",2026-09-01T12:36:16.058163
edge-475,site:08,dev:acx-29,CONTAINS,"{""source"": ""inventory_review"", ""method"": ""vendor_export"", ""observed_at"": ""2026-05-15T00:00:00+00:00"", ""valid_from"": ""2026-05-15T00:00:00+00:00"", ""valid_to"": null, ""confidence"": 1.0}",2026-09-01T12:36:16.058213
edge-476,dev:acx-29,sw:junos-22.4R3-S7.5,RUNS,"{""source"": ""inventory_review"", ""method"": ""vendor_export"", ""observed_at"": ""2026-05-15T00:00:00+00:00"", ""valid_from"": ""2026-05-15T00:00:00+00:00"", ""valid_to"": null, ""confidence"": 1.0}",2026-09-01T12:36:16.058315
edge-477,dev:acx-29,port:acx-29:et-0/0/0,HAS_PORT,"{""source"": ""config_backup"", ""method"": ""config_parse"", ""observed_at"": ""2026-05-15T00:00:00+00:00"", ""valid_from"": ""2026-05-15T00:00:00+00:00"", ""valid_to"": null, ""confidence"": 1.0}",2026-09-01T12:36:16.058354
edge-478,dev:acx-29,port:acx-29:et-0/0/1,HAS_PORT,"{""source"": ""config_backup"", ""method"": ""config_parse"", ""observed_at"": ""2026-05-15T00:00:00+00:00"", ""valid_from"": ""2026-05-15T00:00:00+00:00"", ""valid_to"": null, ""confidence"": 1.0}",2026-09-01T12:36:16.058381
edge-479,dev:acx-29,port:acx-29:xe-0/0/0,HAS_PORT,"{""source"": ""config_backup"", ""method"": ""config_parse"", ""observed_at"": ""2026-05-15T00:00:00+00:00"", ""valid_from"": ""2026-05-15T00:00:00+00:00"", ""valid_to"": null, ""confidence"": 1.0}",2026-09-01T12:36:16.058407
edge-480,dev:acx-29,port:acx-29:xe-0/0/1,HAS_PORT,"{""source"": ""config_backup"", ""method"": ""config_parse"", ""observed_at"": ""2026-05-15T00:00:00+00:00"", ""valid_from"": ""2026-05-15T00:00:00+00:00"", ""valid_to"": null, ""confidence"": 1.0}",2026-09-01T12:36:16.058433
edge-481,dev:acx-29,port:acx-29:xe-0/0/2,HAS_PORT,"{""source"": ""config_backup"", ""method"": ""config_parse"", ""observed_at"": ""2026-05-15T00:00:00+00:00"", ""valid_from"": ""2026-05-15T00:00:00+00:00"", ""valid_to"": null, ""confidence"": 1.0}",2026-09-01T12:36:16.058464
edge-482,dev:acx-29,port:acx-29:xe-0/0/3,HAS_PORT,"{""source"": ""config_backup"", ""method"": ""config_parse"", ""observed_at"": ""2026-05-15T00:00:00+00:00"", ""valid_from"": ""2026-05-15T00:00:00+00:00"", ""valid_to"": null, ""confidence"": 1.0}",2026-09-01T12:36:16.058486
edge-483,port:acx-29:et-0/0/0,link:acx-29:et-0/0/0--mx304-02:xe-0/1/5,TERMINATES,"{""link_end"": ""a"", ""source"": ""nms"", ""method"": ""lldp"", ""observed_at"": ""2026-05-15T00:00:00+00:00"", ""valid_from"": ""2026-05-15T00:00:00+00:00"", ""valid_to"": null, ""confidence"": 1.0}",2026-09-01T12:36:16.058510
edge-484,port:mx304-02:xe-0/1/5,link:acx-29:et-0/0/0--mx304-02:xe-0/1/5,TERMINATES,"{""link_end"": ""z"", ""source"": ""nms"", ""method"": ""lldp"", ""observed_at"": ""2026-05-15T00:00:00+00:00"", ""valid_from"": ""2026-05-15T00:00:00+00:00"", ""valid_to"": null, ""confidence"": 1.0}",2026-09-01T12:36:16.058536
edge-485,chg:acx-234-attempt,dev:acx-29,TARGETS,"{""source"": ""change_record"", ""method"": ""vendor_export"", ""observed_at"": ""2026-05-15T00:00:00+00:00"", ""valid_from"": ""2026-05-15T00:00:00+00:00"", ""valid_to"": null, ""confidence"": 1.0}",2026-09-01T12:36:16.058558
edge-486,site:09,dev:acx-30,CONTAINS,"{""source"": ""inventory_review"", ""method"": ""vendor_export"", ""observed_at"": ""2026-05-15T00:00:00+00:00"", ""valid_from"": ""2026-05-15T00:00:00+00:00"", ""valid_to"": null, ""confidence"": 1.0}",2026-09-01T12:36:16.058581
edge-487,dev:acx-30,sw:junos-22.4R3-S7.5,RUNS,"{""source"": ""inventory_review"", ""method"": ""vendor_export"", ""observed_at"": ""2026-05-15T00:00:00+00:00"", ""valid_from"": ""2026-05-15T00:00:00+00:00"", ""valid_to"": null, ""confidence"": 1.0}",2026-09-01T12:36:16.058603
edge-488,dev:acx-30,port:acx-30:et-0/0/0,HAS_PORT,"{""source"": ""config_backup"", ""method"": ""config_parse"", ""observed_at"": ""2026-05-15T00:00:00+00:00"", ""valid_from"": ""2026-05-15T00:00:00+00:00"", ""valid_to"": null, ""confidence"": 1.0}",2026-09-01T12:36:16.058625
edge-489,dev:acx-30,port:acx-30:et-0/0/1,HAS_PORT,"{""source"": ""config_backup"", ""method"": ""config_parse"", ""observed_at"": ""2026-05-15T00:00:00+00:00"", ""valid_from"": ""2026-05-15T00:00:00+00:00"", ""valid_to"": null, ""confidence"": 1.0}",2026-09-01T12:36:16.058647
edge-490,dev:acx-30,port:acx-30:xe-0/0/0,HAS_PORT,"{""source"": ""config_backup"", ""method"": ""config_parse"", ""observed_at"": ""2026-05-15T00:00:00+00:00"", ""valid_from"": ""2026-05-15T00:00:00+00:00"", ""valid_to"": null, ""confidence"": 1.0}",2026-09-01T12:36:16.058672
edge-491,dev:acx-30,port:acx-30:xe-0/0/1,HAS_PORT,"{""source"": ""config_backup"", ""method"": ""config_parse"", ""observed_at"": ""2026-05-15T00:00:00+00:00"", ""valid_from"": ""2026-05-15T00:00:00+00:00"", ""valid_to"": null, ""confidence"": 1.0}",2026-09-01T12:36:16.058694
edge-492,dev:acx-30,port:acx-30:xe-0/0/2,HAS_PORT,"{""source"": ""config_backup"", ""method"": ""config_parse"", ""observed_at"": ""2026-05-15T00:00:00+00:00"", ""valid_from"": ""2026-05-15T00:00:00+00:00"", ""valid_to"": null, ""confidence"": 1.0}",2026-09-01T12:36:16.058716
edge-493,dev:acx-30,port:acx-30:xe-0/0/3,HAS_PORT,"{""source"": ""config_backup"", ""method"": ""config_parse"", ""observed_at"": ""2026-05-15T00:00:00+00:00"", ""valid_from"": ""2026-05-15T00:00:00+00:00"", ""valid_to"": null, ""confidence"": 1.0}",2026-09-01T12:36:16.058738
edge-494,port:acx-30:et-0/0/0,link:acx-30:et-0/0/0--mx304-03:xe-0/1/6,TERMINATES,"{""link_end"": ""a"", ""source"": ""nms"", ""method"": ""lldp"", ""observed_at"": ""2026-05-15T00:00:00+00:00"", ""valid_from"": ""2026-05-15T00:00:00+00:00"", ""valid_to"": null, ""confidence"": 1.0}",2026-09-01T12:36:16.058775
edge-495,port:mx304-03:xe-0/1/6,link:acx-30:et-0/0/0--mx304-03:xe-0/1/6,TERMINATES,"{""link_end"": ""z"", ""source"": ""nms"", ""method"": ""lldp"", ""observed_at"": ""2026-05-15T00:00:00+00:00"", ""valid_from"": ""2026-05-15T00:00:00+00:00"", ""valid_to"": null, ""confidence"": 1.0}",2026-09-01T12:36:16.058808
edge-496,chg:acx-234-attempt,dev:acx-30,TARGETS,"{""source"": ""change_record"", ""method"": ""vendor_export"", ""observed_at"": ""2026-05-15T00:00:00+00:00"", ""valid_from"": ""2026-05-15T00:00:00+00:00"", ""valid_to"": null, ""confidence"": 1.0}",2026-09-01T12:36:16.058844
edge-497,site:10,dev:acx-31,CONTAINS,"{""source"": ""inventory_review"", ""method"": ""vendor_export"", ""observed_at"": ""2026-05-15T00:00:00+00:00"", ""valid_from"": ""2026-05-15T00:00:00+00:00"", ""valid_to"": null, ""confidence"": 1.0}",2026-09-01T12:36:16.058890
edge-498,dev:acx-31,sw:junos-22.4R3-S7.5,RUNS,"{""source"": ""inventory_review"", ""method"": ""vendor_export"", ""observed_at"": ""2026-05-15T00:00:00+00:00"", ""valid_from"": ""2026-05-15T00:00:00+00:00"", ""valid_to"": null, ""confidence"": 1.0}",2026-09-01T12:36:16.058951
edge-499,dev:acx-31,port:acx-31:et-0/0/0,HAS_PORT,"{""source"": ""config_backup"", ""method"": ""config_parse"", ""observed_at"": ""2026-05-15T00:00:00+00:00"", ""valid_from"": ""2026-05-15T00:00:00+00:00"", ""valid_to"": null, ""confidence"": 1.0}",2026-09-01T12:36:16.058992
edge-500,dev:acx-31,port:acx-31:et-0/0/1,HAS_PORT,"{""source"": ""config_backup"", ""method"": ""config_parse"", ""observed_at"": ""2026-05-15T00:00:00+00:00"", ""valid_from"": ""2026-05-15T00:00:00+00:00"", ""valid_to"": null, ""confidence"": 1.0}",2026-09-01T12:36:16.059033
edge-501,dev:acx-31,port:acx-31:xe-0/0/0,HAS_PORT,"{""source"": ""config_backup"", ""method"": ""config_parse"", ""observed_at"": ""2026-05-15T00:00:00+00:00"", ""valid_from"": ""2026-05-15T00:00:00+00:00"", ""valid_to"": null, ""confidence"": 1.0}",2026-09-01T12:36:16.059062
edge-502,dev:acx-31,port:acx-31:xe-0/0/1,HAS_PORT,"{""source"": ""config_backup"", ""method"": ""config_parse"", ""observed_at"": ""2026-05-15T00:00:00+00:00"", ""valid_from"": ""2026-05-15T00:00:00+00:00"", ""valid_to"": null, ""confidence"": 1.0}",2026-09-01T12:36:16.059093
edge-503,dev:acx-31,port:acx-31:xe-0/0/2,HAS_PORT,"{""source"": ""config_backup"", ""method"": ""config_parse"", ""observed_at"": ""2026-05-15T00:00:00+00:00"", ""valid_from"": ""2026-05-15T00:00:00+00:00"", ""valid_to"": null, ""confidence"": 1.0}",2026-09-01T12:36:16.059122
edge-504,dev:acx-31,port:acx-31:xe-0/0/3,HAS_PORT,"{""source"": ""config_backup"", ""method"": ""config_parse"", ""observed_at"": ""2026-05-15T00:00:00+00:00"", ""valid_from"": ""2026-05-15T00:00:00+00:00"", ""valid_to"": null, ""confidence"": 1.0}",2026-09-01T12:36:16.059144
edge-505,port:acx-31:et-0/0/0,link:acx-31:et-0/0/0--mx304-04:xe-0/1/7,TERMINATES,"{""link_end"": ""a"", ""source"": ""nms"", ""method"": ""lldp"", ""observed_at"": ""2026-05-15T00:00:00+00:00"", ""valid_from"": ""2026-05-15T00:00:00+00:00"", ""valid_to"": null, ""confidence"": 1.0}",2026-09-01T12:36:16.059172
edge-506,port:mx304-04:xe-0/1/7,link:acx-31:et-0/0/0--mx304-04:xe-0/1/7,TERMINATES,"{""link_end"": ""z"", ""source"": ""nms"", ""method"": ""lldp"", ""observed_at"": ""2026-05-15T00:00:00+00:00"", ""valid_from"": ""2026-05-15T00:00:00+00:00"", ""valid_to"": null, ""confidence"": 1.0}",2026-09-01T12:36:16.059222
edge-507,chg:acx-234-attempt,dev:acx-31,TARGETS,"{""source"": ""change_record"", ""method"": ""vendor_export"", ""observed_at"": ""2026-05-15T00:00:00+00:00"", ""valid_from"": ""2026-05-15T00:00:00+00:00"", ""valid_to"": null, ""confidence"": 1.0}",2026-09-01T12:36:16.059337
edge-508,site:03,dev:acx-32,CONTAINS,"{""source"": ""inventory_review"", ""method"": ""vendor_export"", ""observed_at"": ""2026-05-15T00:00:00+00:00"", ""valid_from"": ""2026-05-15T00:00:00+00:00"", ""valid_to"": null, ""confidence"": 1.0}",2026-09-01T12:36:16.059393
edge-509,dev:acx-32,sw:junos-22.4R3-S7.5,RUNS,"{""source"": ""inventory_review"", ""method"": ""vendor_export"", ""observed_at"": ""2026-05-15T00:00:00+00:00"", ""valid_from"": ""2026-05-15T00:00:00+00:00"", ""valid_to"": null, ""confidence"": 1.0}",2026-09-01T12:36:16.059441
edge-510,dev:acx-32,port:acx-32:et-0/0/0,HAS_PORT,"{""source"": ""config_backup"", ""method"": ""config_parse"", ""observed_at"": ""2026-05-15T00:00:00+00:00"", ""valid_from"": ""2026-05-15T00:00:00+00:00"", ""valid_to"": null, ""confidence"": 1.0}",2026-09-01T12:36:16.059467
edge-511,dev:acx-32,port:acx-32:et-0/0/1,HAS_PORT,"{""source"": ""config_backup"", ""method"": ""config_parse"", ""observed_at"": ""2026-05-15T00:00:00+00:00"", ""valid_from"": ""2026-05-15T00:00:00+00:00"", ""valid_to"": null, ""confidence"": 1.0}",2026-09-01T12:36:16.059495
edge-512,dev:acx-32,port:acx-32:xe-0/0/0,HAS_PORT,"{""source"": ""config_backup"", ""method"": ""config_parse"", ""observed_at"": ""2026-05-15T00:00:00+00:00"", ""valid_from"": ""2026-05-15T00:00:00+00:00"", ""valid_to"": null, ""confidence"": 1.0}",2026-09-01T12:36:16.059532
edge-513,dev:acx-32,port:acx-32:xe-0/0/1,HAS_PORT,"{""source"": ""config_backup"", ""method"": ""config_parse"", ""observed_at"": ""2026-05-15T00:00:00+00:00"", ""valid_from"": ""2026-05-15T00:00:00+00:00"", ""valid_to"": null, ""confidence"": 1.0}",2026-09-01T12:36:16.059570
edge-514,dev:acx-32,port:acx-32:xe-0/0/2,HAS_PORT,"{""source"": ""config_backup"", ""method"": ""config_parse"", ""observed_at"": ""2026-05-15T00:00:00+00:00"", ""valid_from"": ""2026-05-15T00:00:00+00:00"", ""valid_to"": null, ""confidence"": 1.0}",2026-09-01T12:36:16.059593
edge-515,dev:acx-32,port:acx-32:xe-0/0/3,HAS_PORT,"{""source"": ""config_backup"", ""method"": ""config_parse"", ""observed_at"": ""2026-05-15T00:00:00+00:00"", ""valid_from"": ""2026-05-15T00:00:00+00:00"", ""valid_to"": null, ""confidence"": 1.0}",2026-09-01T12:36:16.059615
edge-516,port:acx-32:et-0/0/0,link:acx-32:et-0/0/0--mx304-05:xe-0/1/0,TERMINATES,"{""link_end"": ""a"", ""source"": ""nms"", ""method"": ""lldp"", ""observed_at"": ""2026-05-15T00:00:00+00:00"", ""valid_from"": ""2026-05-15T00:00:00+00:00"", ""valid_to"": null, ""confidence"": 1.0}",2026-09-01T12:36:16.059638
edge-517,port:mx304-05:xe-0/1/0,link:acx-32:et-0/0/0--mx304-05:xe-0/1/0,TERMINATES,"{""link_end"": ""z"", ""source"": ""nms"", ""method"": ""lldp"", ""observed_at"": ""2026-05-15T00:00:00+00:00"", ""valid_from"": ""2026-05-15T00:00:00+00:00"", ""valid_to"": null, ""confidence"": 1.0}",2026-09-01T12:36:16.059663
edge-518,chg:acx-234-attempt,dev:acx-32,TARGETS,"{""source"": ""change_record"", ""method"": ""vendor_export"", ""observed_at"": ""2026-05-15T00:00:00+00:00"", ""valid_from"": ""2026-05-15T00:00:00+00:00"", ""valid_to"": null, ""confidence"": 1.0}",2026-09-01T12:36:16.059713
edge-519,site:04,dev:acx-33,CONTAINS,"{""source"": ""inventory_review"", ""method"": ""vendor_export"", ""observed_at"": ""2026-05-15T00:00:00+00:00"", ""valid_from"": ""2026-05-15T00:00:00+00:00"", ""valid_to"": null, ""confidence"": 1.0}",2026-09-01T12:36:16.059763
edge-520,dev:acx-33,sw:junos-22.4R3-S7.5,RUNS,"{""source"": ""inventory_review"", ""method"": ""vendor_export"", ""observed_at"": ""2026-05-15T00:00:00+00:00"", ""valid_from"": ""2026-05-15T00:00:00+00:00"", ""valid_to"": null, ""confidence"": 1.0}",2026-09-01T12:36:16.059795
edge-521,dev:acx-33,port:acx-33:et-0/0/0,HAS_PORT,"{""source"": ""config_backup"", ""method"": ""config_parse"", ""observed_at"": ""2026-05-15T00:00:00+00:00"", ""valid_from"": ""2026-05-15T00:00:00+00:00"", ""valid_to"": null, ""confidence"": 1.0}",2026-09-01T12:36:16.059852
edge-522,dev:acx-33,port:acx-33:et-0/0/1,HAS_PORT,"{""source"": ""config_backup"", ""method"": ""config_parse"", ""observed_at"": ""2026-05-15T00:00:00+00:00"", ""valid_from"": ""2026-05-15T00:00:00+00:00"", ""valid_to"": null, ""confidence"": 1.0}",2026-09-01T12:36:16.059909
edge-523,dev:acx-33,port:acx-33:xe-0/0/0,HAS_PORT,"{""source"": ""config_backup"", ""method"": ""config_parse"", ""observed_at"": ""2026-05-15T00:00:00+00:00"", ""valid_from"": ""2026-05-15T00:00:00+00:00"", ""valid_to"": null, ""confidence"": 1.0}",2026-09-01T12:36:16.059970
edge-524,dev:acx-33,port:acx-33:xe-0/0/1,HAS_PORT,"{""source"": ""config_backup"", ""method"": ""config_parse"", ""observed_at"": ""2026-05-15T00:00:00+00:00"", ""valid_from"": ""2026-05-15T00:00:00+00:00"", ""valid_to"": null, ""confidence"": 1.0}",2026-09-01T12:36:16.060032
edge-525,dev:acx-33,port:acx-33:xe-0/0/2,HAS_PORT,"{""source"": ""config_backup"", ""method"": ""config_parse"", ""observed_at"": ""2026-05-15T00:00:00+00:00"", ""valid_from"": ""2026-05-15T00:00:00+00:00"", ""valid_to"": null, ""confidence"": 1.0}",2026-09-01T12:36:16.060077
edge-526,dev:acx-33,port:acx-33:xe-0/0/3,HAS_PORT,"{""source"": ""config_backup"", ""method"": ""config_parse"", ""observed_at"": ""2026-05-15T00:00:00+00:00"", ""valid_from"": ""2026-05-15T00:00:00+00:00"", ""valid_to"": null, ""confidence"": 1.0}",2026-09-01T12:36:16.060122
edge-527,port:acx-33:et-0/0/0,link:acx-33:et-0/0/0--mx304-06:xe-0/1/1,TERMINATES,"{""link_end"": ""a"", ""source"": ""nms"", ""method"": ""lldp"", ""observed_at"": ""2026-05-15T00:00:00+00:00"", ""valid_from"": ""2026-05-15T00:00:00+00:00"", ""valid_to"": null, ""confidence"": 1.0}",2026-09-01T12:36:16.060170
edge-528,port:mx304-06:xe-0/1/1,link:acx-33:et-0/0/0--mx304-06:xe-0/1/1,TERMINATES,"{""link_end"": ""z"", ""source"": ""nms"", ""method"": ""lldp"", ""observed_at"": ""2026-05-15T00:00:00+00:00"", ""valid_from"": ""2026-05-15T00:00:00+00:00"", ""valid_to"": null, ""confidence"": 1.0}",2026-09-01T12:36:16.060234
edge-529,chg:acx-234-attempt,dev:acx-33,TARGETS,"{""source"": ""change_record"", ""method"": ""vendor_export"", ""observed_at"": ""2026-05-15T00:00:00+00:00"", ""valid_from"": ""2026-05-15T00:00:00+00:00"", ""valid_to"": null, ""confidence"": 1.0}",2026-09-01T12:36:16.060335
edge-530,site:05,dev:acx-34,CONTAINS,"{""source"": ""inventory_review"", ""method"": ""vendor_export"", ""observed_at"": ""2026-05-15T00:00:00+00:00"", ""valid_from"": ""2026-05-15T00:00:00+00:00"", ""valid_to"": null, ""confidence"": 1.0}",2026-09-01T12:36:16.060389
edge-531,dev:acx-34,sw:junos-22.4R3-S7.5,RUNS,"{""source"": ""inventory_review"", ""method"": ""vendor_export"", ""observed_at"": ""2026-05-15T00:00:00+00:00"", ""valid_from"": ""2026-05-15T00:00:00+00:00"", ""valid_to"": null, ""confidence"": 1.0}",2026-09-01T12:36:16.060450
edge-532,dev:acx-34,port:acx-34:et-0/0/0,HAS_PORT,"{""source"": ""config_backup"", ""method"": ""config_parse"", ""observed_at"": ""2026-05-15T00:00:00+00:00"", ""valid_from"": ""2026-05-15T00:00:00+00:00"", ""valid_to"": null, ""confidence"": 1.0}",2026-09-01T12:36:16.060494
edge-533,dev:acx-34,port:acx-34:et-0/0/1,HAS_PORT,"{""source"": ""config_backup"", ""method"": ""config_parse"", ""observed_at"": ""2026-05-15T00:00:00+00:00"", ""valid_from"": ""2026-05-15T00:00:00+00:00"", ""valid_to"": null, ""confidence"": 1.0}",2026-09-01T12:36:16.060553
edge-534,dev:acx-34,port:acx-34:xe-0/0/0,HAS_PORT,"{""source"": ""config_backup"", ""method"": ""config_parse"", ""observed_at"": ""2026-05-15T00:00:00+00:00"", ""valid_from"": ""2026-05-15T00:00:00+00:00"", ""valid_to"": null, ""confidence"": 1.0}",2026-09-01T12:36:16.060611
edge-535,dev:acx-34,port:acx-34:xe-0/0/1,HAS_PORT,"{""source"": ""config_backup"", ""method"": ""config_parse"", ""observed_at"": ""2026-05-15T00:00:00+00:00"", ""valid_from"": ""2026-05-15T00:00:00+00:00"", ""valid_to"": null, ""confidence"": 1.0}",2026-09-01T12:36:16.060666
edge-536,dev:acx-34,port:acx-34:xe-0/0/2,HAS_PORT,"{""source"": ""config_backup"", ""method"": ""config_parse"", ""observed_at"": ""2026-05-15T00:00:00+00:00"", ""valid_from"": ""2026-05-15T00:00:00+00:00"", ""valid_to"": null, ""confidence"": 1.0}",2026-09-01T12:36:16.060732
edge-537,dev:acx-34,port:acx-34:xe-0/0/3,HAS_PORT,"{""source"": ""config_backup"", ""method"": ""config_parse"", ""observed_at"": ""2026-05-15T00:00:00+00:00"", ""valid_from"": ""2026-05-15T00:00:00+00:00"", ""valid_to"": null, ""confidence"": 1.0}",2026-09-01T12:36:16.060787
edge-538,port:acx-34:et-0/0/0,link:acx-34:et-0/0/0--mx304-07:xe-0/1/2,TERMINATES,"{""link_end"": ""a"", ""source"": ""nms"", ""method"": ""lldp"", ""observed_at"": ""2026-05-15T00:00:00+00:00"", ""valid_from"": ""2026-05-15T00:00:00+00:00"", ""valid_to"": null, ""confidence"": 1.0}",2026-09-01T12:36:16.060949
edge-539,port:mx304-07:xe-0/1/2,link:acx-34:et-0/0/0--mx304-07:xe-0/1/2,TERMINATES,"{""link_end"": ""z"", ""source"": ""nms"", ""method"": ""lldp"", ""observed_at"": ""2026-05-15T00:00:00+00:00"", ""valid_from"": ""2026-05-15T00:00:00+00:00"", ""valid_to"": null, ""confidence"": 1.0}",2026-09-01T12:36:16.061032
edge-540,chg:acx-234-attempt,dev:acx-34,TARGETS,"{""source"": ""change_record"", ""method"": ""vendor_export"", ""observed_at"": ""2026-05-15T00:00:00+00:00"", ""valid_from"": ""2026-05-15T00:00:00+00:00"", ""valid_to"": null, ""confidence"": 1.0}",2026-09-01T12:36:16.061103
edge-541,site:06,dev:acx-35,CONTAINS,"{""source"": ""inventory_review"", ""method"": ""vendor_export"", ""observed_at"": ""2026-05-15T00:00:00+00:00"", ""valid_from"": ""2026-05-15T00:00:00+00:00"", ""valid_to"": null, ""confidence"": 1.0}",2026-09-01T12:36:16.061163
edge-542,dev:acx-35,sw:junos-22.4R3-S7.5,RUNS,"{""source"": ""inventory_review"", ""method"": ""vendor_export"", ""observed_at"": ""2026-05-15T00:00:00+00:00"", ""valid_from"": ""2026-05-15T00:00:00+00:00"", ""valid_to"": null, ""confidence"": 1.0}",2026-09-01T12:36:16.061217
edge-543,dev:acx-35,port:acx-35:et-0/0/0,HAS_PORT,"{""source"": ""config_backup"", ""method"": ""config_parse"", ""observed_at"": ""2026-05-15T00:00:00+00:00"", ""valid_from"": ""2026-05-15T00:00:00+00:00"", ""valid_to"": null, ""confidence"": 1.0}",2026-09-01T12:36:16.061263
edge-544,dev:acx-35,port:acx-35:et-0/0/1,HAS_PORT,"{""source"": ""config_backup"", ""method"": ""config_parse"", ""observed_at"": ""2026-05-15T00:00:00+00:00"", ""valid_from"": ""2026-05-15T00:00:00+00:00"", ""valid_to"": null, ""confidence"": 1.0}",2026-09-01T12:36:16.061311
edge-545,dev:acx-35,port:acx-35:xe-0/0/0,HAS_PORT,"{""source"": ""config_backup"", ""method"": ""config_parse"", ""observed_at"": ""2026-05-15T00:00:00+00:00"", ""valid_from"": ""2026-05-15T00:00:00+00:00"", ""valid_to"": null, ""confidence"": 1.0}",2026-09-01T12:36:16.061647
edge-546,dev:acx-35,port:acx-35:xe-0/0/1,HAS_PORT,"{""source"": ""config_backup"", ""method"": ""config_parse"", ""observed_at"": ""2026-05-15T00:00:00+00:00"", ""valid_from"": ""2026-05-15T00:00:00+00:00"", ""valid_to"": null, ""confidence"": 1.0}",2026-09-01T12:36:16.061729
edge-547,dev:acx-35,port:acx-35:xe-0/0/2,HAS_PORT,"{""source"": ""config_backup"", ""method"": ""config_parse"", ""observed_at"": ""2026-05-15T00:00:00+00:00"", ""valid_from"": ""2026-05-15T00:00:00+00:00"", ""valid_to"": null, ""confidence"": 1.0}",2026-09-01T12:36:16.061852
edge-548,dev:acx-35,port:acx-35:xe-0/0/3,HAS_PORT,"{""source"": ""config_backup"", ""method"": ""config_parse"", ""observed_at"": ""2026-05-15T00:00:00+00:00"", ""valid_from"": ""2026-05-15T00:00:00+00:00"", ""valid_to"": null, ""confidence"": 1.0}",2026-09-01T12:36:16.061943
edge-549,port:acx-35:et-0/0/0,link:acx-35:et-0/0/0--mx304-08:xe-0/1/3,TERMINATES,"{""link_end"": ""a"", ""source"": ""nms"", ""method"": ""lldp"", ""observed_at"": ""2026-05-15T00:00:00+00:00"", ""valid_from"": ""2026-05-15T00:00:00+00:00"", ""valid_to"": null, ""confidence"": 1.0}",2026-09-01T12:36:16.062233
edge-550,port:mx304-08:xe-0/1/3,link:acx-35:et-0/0/0--mx304-08:xe-0/1/3,TERMINATES,"{""link_end"": ""z"", ""source"": ""nms"", ""method"": ""lldp"", ""observed_at"": ""2026-05-15T00:00:00+00:00"", ""valid_from"": ""2026-05-15T00:00:00+00:00"", ""valid_to"": null, ""confidence"": 1.0}",2026-09-01T12:36:16.062328
edge-551,chg:acx-234-attempt,dev:acx-35,TARGETS,"{""source"": ""change_record"", ""method"": ""vendor_export"", ""observed_at"": ""2026-05-15T00:00:00+00:00"", ""valid_from"": ""2026-05-15T00:00:00+00:00"", ""valid_to"": null, ""confidence"": 1.0}",2026-09-01T12:36:16.062479
edge-552,site:07,dev:acx-36,CONTAINS,"{""source"": ""inventory_review"", ""method"": ""vendor_export"", ""observed_at"": ""2026-05-15T00:00:00+00:00"", ""valid_from"": ""2026-05-15T00:00:00+00:00"", ""valid_to"": null, ""confidence"": 1.0}",2026-09-01T12:36:16.062562
edge-553,dev:acx-36,sw:junos-22.4R3-S7.5,RUNS,"{""source"": ""inventory_review"", ""method"": ""vendor_export"", ""observed_at"": ""2026-05-15T00:00:00+00:00"", ""valid_from"": ""2026-05-15T00:00:00+00:00"", ""valid_to"": null, ""confidence"": 1.0}",2026-09-01T12:36:16.062621
edge-554,dev:acx-36,port:acx-36:et-0/0/0,HAS_PORT,"{""source"": ""config_backup"", ""method"": ""config_parse"", ""observed_at"": ""2026-05-15T00:00:00+00:00"", ""valid_from"": ""2026-05-15T00:00:00+00:00"", ""valid_to"": null, ""confidence"": 1.0}",2026-09-01T12:36:16.062685
edge-555,dev:acx-36,port:acx-36:et-0/0/1,HAS_PORT,"{""source"": ""config_backup"", ""method"": ""config_parse"", ""observed_at"": ""2026-05-15T00:00:00+00:00"", ""valid_from"": ""2026-05-15T00:00:00+00:00"", ""valid_to"": null, ""confidence"": 1.0}",2026-09-01T12:36:16.062747
edge-556,dev:acx-36,port:acx-36:xe-0/0/0,HAS_PORT,"{""source"": ""config_backup"", ""method"": ""config_parse"", ""observed_at"": ""2026-05-15T00:00:00+00:00"", ""valid_from"": ""2026-05-15T00:00:00+00:00"", ""valid_to"": null, ""confidence"": 1.0}",2026-09-01T12:36:16.062861
edge-557,dev:acx-36,port:acx-36:xe-0/0/1,HAS_PORT,"{""source"": ""config_backup"", ""method"": ""config_parse"", ""observed_at"": ""2026-05-15T00:00:00+00:00"", ""valid_from"": ""2026-05-15T00:00:00+00:00"", ""valid_to"": null, ""confidence"": 1.0}",2026-09-01T12:36:16.062912
edge-558,dev:acx-36,port:acx-36:xe-0/0/2,HAS_PORT,"{""source"": ""config_backup"", ""method"": ""config_parse"", ""observed_at"": ""2026-05-15T00:00:00+00:00"", ""valid_from"": ""2026-05-15T00:00:00+00:00"", ""valid_to"": null, ""confidence"": 1.0}",2026-09-01T12:36:16.062963
edge-559,dev:acx-36,port:acx-36:xe-0/0/3,HAS_PORT,"{""source"": ""config_backup"", ""method"": ""config_parse"", ""observed_at"": ""2026-05-15T00:00:00+00:00"", ""valid_from"": ""2026-05-15T00:00:00+00:00"", ""valid_to"": null, ""confidence"": 1.0}",2026-09-01T12:36:16.063031
edge-560,port:acx-36:et-0/0/0,link:acx-36:et-0/0/0--mx304-09:xe-0/1/4,TERMINATES,"{""link_end"": ""a"", ""source"": ""nms"", ""method"": ""lldp"", ""observed_at"": ""2026-05-15T00:00:00+00:00"", ""valid_from"": ""2026-05-15T00:00:00+00:00"", ""valid_to"": null, ""confidence"": 1.0}",2026-09-01T12:36:16.063096
edge-561,port:mx304-09:xe-0/1/4,link:acx-36:et-0/0/0--mx304-09:xe-0/1/4,TERMINATES,"{""link_end"": ""z"", ""source"": ""nms"", ""method"": ""lldp"", ""observed_at"": ""2026-05-15T00:00:00+00:00"", ""valid_from"": ""2026-05-15T00:00:00+00:00"", ""valid_to"": null, ""confidence"": 1.0}",2026-09-01T12:36:16.063147
edge-562,chg:acx-234-attempt,dev:acx-36,TARGETS,"{""source"": ""change_record"", ""method"": ""vendor_export"", ""observed_at"": ""2026-05-15T00:00:00+00:00"", ""valid_from"": ""2026-05-15T00:00:00+00:00"", ""valid_to"": null, ""confidence"": 1.0}",2026-09-01T12:36:16.063205
edge-563,site:08,dev:acx-37,CONTAINS,"{""source"": ""inventory_review"", ""method"": ""vendor_export"", ""observed_at"": ""2026-05-15T00:00:00+00:00"", ""valid_from"": ""2026-05-15T00:00:00+00:00"", ""valid_to"": null, ""confidence"": 1.0}",2026-09-01T12:36:16.063262
edge-564,dev:acx-37,sw:junos-22.4R3-S7.5,RUNS,"{""source"": ""inventory_review"", ""method"": ""vendor_export"", ""observed_at"": ""2026-05-15T00:00:00+00:00"", ""valid_from"": ""2026-05-15T00:00:00+00:00"", ""valid_to"": null, ""confidence"": 1.0}",2026-09-01T12:36:16.063504
edge-565,dev:acx-37,port:acx-37:et-0/0/0,HAS_PORT,"{""source"": ""config_backup"", ""method"": ""config_parse"", ""observed_at"": ""2026-05-15T00:00:00+00:00"", ""valid_from"": ""2026-05-15T00:00:00+00:00"", ""valid_to"": null, ""confidence"": 1.0}",2026-09-01T12:36:16.063599
edge-566,dev:acx-37,port:acx-37:et-0/0/1,HAS_PORT,"{""source"": ""config_backup"", ""method"": ""config_parse"", ""observed_at"": ""2026-05-15T00:00:00+00:00"", ""valid_from"": ""2026-05-15T00:00:00+00:00"", ""valid_to"": null, ""confidence"": 1.0}",2026-09-01T12:36:16.063802
edge-567,dev:acx-37,port:acx-37:xe-0/0/0,HAS_PORT,"{""source"": ""config_backup"", ""method"": ""config_parse"", ""observed_at"": ""2026-05-15T00:00:00+00:00"", ""valid_from"": ""2026-05-15T00:00:00+00:00"", ""valid_to"": null, ""confidence"": 1.0}",2026-09-01T12:36:16.063923
edge-568,dev:acx-37,port:acx-37:xe-0/0/1,HAS_PORT,"{""source"": ""config_backup"", ""method"": ""config_parse"", ""observed_at"": ""2026-05-15T00:00:00+00:00"", ""valid_from"": ""2026-05-15T00:00:00+00:00"", ""valid_to"": null, ""confidence"": 1.0}",2026-09-01T12:36:16.064006
edge-569,dev:acx-37,port:acx-37:xe-0/0/2,HAS_PORT,"{""source"": ""config_backup"", ""method"": ""config_parse"", ""observed_at"": ""2026-05-15T00:00:00+00:00"", ""valid_from"": ""2026-05-15T00:00:00+00:00"", ""valid_to"": null, ""confidence"": 1.0}",2026-09-01T12:36:16.064061
edge-570,dev:acx-37,port:acx-37:xe-0/0/3,HAS_PORT,"{""source"": ""config_backup"", ""method"": ""config_parse"", ""observed_at"": ""2026-05-15T00:00:00+00:00"", ""valid_from"": ""2026-05-15T00:00:00+00:00"", ""valid_to"": null, ""confidence"": 1.0}",2026-09-01T12:36:16.064114
edge-571,port:acx-37:et-0/0/0,link:acx-37:et-0/0/0--mx304-sang:xe-0/1/5,TERMINATES,"{""link_end"": ""a"", ""source"": ""nms"", ""method"": ""lldp"", ""observed_at"": ""2026-05-15T00:00:00+00:00"", ""valid_from"": ""2026-05-15T00:00:00+00:00"", ""valid_to"": null, ""confidence"": 1.0}",2026-09-01T12:36:16.064171
edge-572,port:mx304-sang:xe-0/1/5,link:acx-37:et-0/0/0--mx304-sang:xe-0/1/5,TERMINATES,"{""link_end"": ""z"", ""source"": ""nms"", ""method"": ""lldp"", ""observed_at"": ""2026-05-15T00:00:00+00:00"", ""valid_from"": ""2026-05-15T00:00:00+00:00"", ""valid_to"": null, ""confidence"": 1.0}",2026-09-01T12:36:16.064226
edge-573,chg:acx-234-attempt,dev:acx-37,TARGETS,"{""source"": ""change_record"", ""method"": ""vendor_export"", ""observed_at"": ""2026-05-15T00:00:00+00:00"", ""valid_from"": ""2026-05-15T00:00:00+00:00"", ""valid_to"": null, ""confidence"": 1.0}",2026-09-01T12:36:16.064290
edge-574,site:09,dev:acx-38,CONTAINS,"{""source"": ""inventory_review"", ""method"": ""vendor_export"", ""observed_at"": ""2026-05-15T00:00:00+00:00"", ""valid_from"": ""2026-05-15T00:00:00+00:00"", ""valid_to"": null, ""confidence"": 1.0}",2026-09-01T12:36:16.064344
edge-575,dev:acx-38,sw:junos-22.4R3-S7.5,RUNS,"{""source"": ""inventory_review"", ""method"": ""vendor_export"", ""observed_at"": ""2026-05-15T00:00:00+00:00"", ""valid_from"": ""2026-05-15T00:00:00+00:00"", ""valid_to"": null, ""confidence"": 1.0}",2026-09-01T12:36:16.064409
edge-576,dev:acx-38,port:acx-38:et-0/0/0,HAS_PORT,"{""source"": ""config_backup"", ""method"": ""config_parse"", ""observed_at"": ""2026-05-15T00:00:00+00:00"", ""valid_from"": ""2026-05-15T00:00:00+00:00"", ""valid_to"": null, ""confidence"": 1.0}",2026-09-01T12:36:16.064472
edge-577,dev:acx-38,port:acx-38:et-0/0/1,HAS_PORT,"{""source"": ""config_backup"", ""method"": ""config_parse"", ""observed_at"": ""2026-05-15T00:00:00+00:00"", ""valid_from"": ""2026-05-15T00:00:00+00:00"", ""valid_to"": null, ""confidence"": 1.0}",2026-09-01T12:36:16.064577
edge-578,dev:acx-38,port:acx-38:xe-0/0/0,HAS_PORT,"{""source"": ""config_backup"", ""method"": ""config_parse"", ""observed_at"": ""2026-05-15T00:00:00+00:00"", ""valid_from"": ""2026-05-15T00:00:00+00:00"", ""valid_to"": null, ""confidence"": 1.0}",2026-09-01T12:36:16.064626
edge-579,dev:acx-38,port:acx-38:xe-0/0/1,HAS_PORT,"{""source"": ""config_backup"", ""method"": ""config_parse"", ""observed_at"": ""2026-05-15T00:00:00+00:00"", ""valid_from"": ""2026-05-15T00:00:00+00:00"", ""valid_to"": null, ""confidence"": 1.0}",2026-09-01T12:36:16.064673
edge-580,dev:acx-38,port:acx-38:xe-0/0/2,HAS_PORT,"{""source"": ""config_backup"", ""method"": ""config_parse"", ""observed_at"": ""2026-05-15T00:00:00+00:00"", ""valid_from"": ""2026-05-15T00:00:00+00:00"", ""valid_to"": null, ""confidence"": 1.0}",2026-09-01T12:36:16.064730
edge-581,dev:acx-38,port:acx-38:xe-0/0/3,HAS_PORT,"{""source"": ""config_backup"", ""method"": ""config_parse"", ""observed_at"": ""2026-05-15T00:00:00+00:00"", ""valid_from"": ""2026-05-15T00:00:00+00:00"", ""valid_to"": null, ""confidence"": 1.0}",2026-09-01T12:36:16.064781
edge-582,port:acx-38:et-0/0/0,link:acx-38:et-0/0/0--mx304-02:xe-0/1/6,TERMINATES,"{""link_end"": ""a"", ""source"": ""nms"", ""method"": ""lldp"", ""observed_at"": ""2026-05-15T00:00:00+00:00"", ""valid_from"": ""2026-05-15T00:00:00+00:00"", ""valid_to"": null, ""confidence"": 1.0}",2026-09-01T12:36:16.064840
edge-583,port:mx304-02:xe-0/1/6,link:acx-38:et-0/0/0--mx304-02:xe-0/1/6,TERMINATES,"{""link_end"": ""z"", ""source"": ""nms"", ""method"": ""lldp"", ""observed_at"": ""2026-05-15T00:00:00+00:00"", ""valid_from"": ""2026-05-15T00:00:00+00:00"", ""valid_to"": null, ""confidence"": 1.0}",2026-09-01T12:36:16.064898
edge-584,chg:acx-234-attempt,dev:acx-38,TARGETS,"{""source"": ""change_record"", ""method"": ""vendor_export"", ""observed_at"": ""2026-05-15T00:00:00+00:00"", ""valid_from"": ""2026-05-15T00:00:00+00:00"", ""valid_to"": null, ""confidence"": 1.0}",2026-09-01T12:36:16.064929
edge-585,site:10,dev:acx-39,CONTAINS,"{""source"": ""inventory_review"", ""method"": ""vendor_export"", ""observed_at"": ""2026-05-15T00:00:00+00:00"", ""valid_from"": ""2026-05-15T00:00:00+00:00"", ""valid_to"": null, ""confidence"": 1.0}",2026-09-01T12:36:16.064967
edge-586,dev:acx-39,sw:junos-22.4R3-S7.5,RUNS,"{""source"": ""inventory_review"", ""method"": ""vendor_export"", ""observed_at"": ""2026-05-15T00:00:00+00:00"", ""valid_from"": ""2026-05-15T00:00:00+00:00"", ""valid_to"": null, ""confidence"": 1.0}",2026-09-01T12:36:16.065013
edge-587,dev:acx-39,port:acx-39:et-0/0/0,HAS_PORT,"{""source"": ""config_backup"", ""method"": ""config_parse"", ""observed_at"": ""2026-05-15T00:00:00+00:00"", ""valid_from"": ""2026-05-15T00:00:00+00:00"", ""valid_to"": null, ""confidence"": 1.0}",2026-09-01T12:36:16.065045
edge-588,dev:acx-39,port:acx-39:et-0/0/1,HAS_PORT,"{""source"": ""config_backup"", ""method"": ""config_parse"", ""observed_at"": ""2026-05-15T00:00:00+00:00"", ""valid_from"": ""2026-05-15T00:00:00+00:00"", ""valid_to"": null, ""confidence"": 1.0}",2026-09-01T12:36:16.065067
edge-589,dev:acx-39,port:acx-39:xe-0/0/0,HAS_PORT,"{""source"": ""config_backup"", ""method"": ""config_parse"", ""observed_at"": ""2026-05-15T00:00:00+00:00"", ""valid_from"": ""2026-05-15T00:00:00+00:00"", ""valid_to"": null, ""confidence"": 1.0}",2026-09-01T12:36:16.065090
edge-590,dev:acx-39,port:acx-39:xe-0/0/1,HAS_PORT,"{""source"": ""config_backup"", ""method"": ""config_parse"", ""observed_at"": ""2026-05-15T00:00:00+00:00"", ""valid_from"": ""2026-05-15T00:00:00+00:00"", ""valid_to"": null, ""confidence"": 1.0}",2026-09-01T12:36:16.065112
edge-591,dev:acx-39,port:acx-39:xe-0/0/2,HAS_PORT,"{""source"": ""config_backup"", ""method"": ""config_parse"", ""observed_at"": ""2026-05-15T00:00:00+00:00"", ""valid_from"": ""2026-05-15T00:00:00+00:00"", ""valid_to"": null, ""confidence"": 1.0}",2026-09-01T12:36:16.065134
edge-592,dev:acx-39,port:acx-39:xe-0/0/3,HAS_PORT,"{""source"": ""config_backup"", ""method"": ""config_parse"", ""observed_at"": ""2026-05-15T00:00:00+00:00"", ""valid_from"": ""2026-05-15T00:00:00+00:00"", ""valid_to"": null, ""confidence"": 1.0}",2026-09-01T12:36:16.065156
edge-593,port:acx-39:et-0/0/0,link:acx-39:et-0/0/0--mx304-03:xe-0/1/7,TERMINATES,"{""link_end"": ""a"", ""source"": ""nms"", ""method"": ""lldp"", ""observed_at"": ""2026-05-15T00:00:00+00:00"", ""valid_from"": ""2026-05-15T00:00:00+00:00"", ""valid_to"": null, ""confidence"": 1.0}",2026-09-01T12:36:16.065179
edge-594,port:mx304-03:xe-0/1/7,link:acx-39:et-0/0/0--mx304-03:xe-0/1/7,TERMINATES,"{""link_end"": ""z"", ""source"": ""nms"", ""method"": ""lldp"", ""observed_at"": ""2026-05-15T00:00:00+00:00"", ""valid_from"": ""2026-05-15T00:00:00+00:00"", ""valid_to"": null, ""confidence"": 1.0}",2026-09-01T12:36:16.065207
edge-595,chg:acx-234-attempt,dev:acx-39,TARGETS,"{""source"": ""change_record"", ""method"": ""vendor_export"", ""observed_at"": ""2026-05-15T00:00:00+00:00"", ""valid_from"": ""2026-05-15T00:00:00+00:00"", ""valid_to"": null, ""confidence"": 1.0}",2026-09-01T12:36:16.065230
edge-596,site:03,dev:acx-40,CONTAINS,"{""source"": ""inventory_review"", ""method"": ""vendor_export"", ""observed_at"": ""2026-05-15T00:00:00+00:00"", ""valid_from"": ""2026-05-15T00:00:00+00:00"", ""valid_to"": null, ""confidence"": 1.0}",2026-09-01T12:36:16.065261
edge-597,dev:acx-40,sw:junos-22.4R3-S7.5,RUNS,"{""source"": ""inventory_review"", ""method"": ""vendor_export"", ""observed_at"": ""2026-05-15T00:00:00+00:00"", ""valid_from"": ""2026-05-15T00:00:00+00:00"", ""valid_to"": null, ""confidence"": 1.0}",2026-09-01T12:36:16.065318
edge-598,dev:acx-40,port:acx-40:et-0/0/0,HAS_PORT,"{""source"": ""config_backup"", ""method"": ""config_parse"", ""observed_at"": ""2026-05-15T00:00:00+00:00"", ""valid_from"": ""2026-05-15T00:00:00+00:00"", ""valid_to"": null, ""confidence"": 1.0}",2026-09-01T12:36:16.065379
edge-599,dev:acx-40,port:acx-40:et-0/0/1,HAS_PORT,"{""source"": ""config_backup"", ""method"": ""config_parse"", ""observed_at"": ""2026-05-15T00:00:00+00:00"", ""valid_from"": ""2026-05-15T00:00:00+00:00"", ""valid_to"": null, ""confidence"": 1.0}",2026-09-01T12:36:16.065486
edge-600,dev:acx-40,port:acx-40:xe-0/0/0,HAS_PORT,"{""source"": ""config_backup"", ""method"": ""config_parse"", ""observed_at"": ""2026-05-15T00:00:00+00:00"", ""valid_from"": ""2026-05-15T00:00:00+00:00"", ""valid_to"": null, ""confidence"": 1.0}",2026-09-01T12:36:16.065532
edge-601,dev:acx-40,port:acx-40:xe-0/0/1,HAS_PORT,"{""source"": ""config_backup"", ""method"": ""config_parse"", ""observed_at"": ""2026-05-15T00:00:00+00:00"", ""valid_from"": ""2026-05-15T00:00:00+00:00"", ""valid_to"": null, ""confidence"": 1.0}",2026-09-01T12:36:16.065563
edge-602,dev:acx-40,port:acx-40:xe-0/0/2,HAS_PORT,"{""source"": ""config_backup"", ""method"": ""config_parse"", ""observed_at"": ""2026-05-15T00:00:00+00:00"", ""valid_from"": ""2026-05-15T00:00:00+00:00"", ""valid_to"": null, ""confidence"": 1.0}",2026-09-01T12:36:16.065586
edge-603,dev:acx-40,port:acx-40:xe-0/0/3,HAS_PORT,"{""source"": ""config_backup"", ""method"": ""config_parse"", ""observed_at"": ""2026-05-15T00:00:00+00:00"", ""valid_from"": ""2026-05-15T00:00:00+00:00"", ""valid_to"": null, ""confidence"": 1.0}",2026-09-01T12:36:16.065612
edge-604,port:acx-40:et-0/0/0,link:acx-40:et-0/0/0--mx304-04:xe-0/1/0,TERMINATES,"{""link_end"": ""a"", ""source"": ""nms"", ""method"": ""lldp"", ""observed_at"": ""2026-05-15T00:00:00+00:00"", ""valid_from"": ""2026-05-15T00:00:00+00:00"", ""valid_to"": null, ""confidence"": 1.0}",2026-09-01T12:36:16.065635
edge-605,port:mx304-04:xe-0/1/0,link:acx-40:et-0/0/0--mx304-04:xe-0/1/0,TERMINATES,"{""link_end"": ""z"", ""source"": ""nms"", ""method"": ""lldp"", ""observed_at"": ""2026-05-15T00:00:00+00:00"", ""valid_from"": ""2026-05-15T00:00:00+00:00"", ""valid_to"": null, ""confidence"": 1.0}",2026-09-01T12:36:16.065658
edge-606,chg:acx-234-attempt,dev:acx-40,TARGETS,"{""source"": ""change_record"", ""method"": ""vendor_export"", ""observed_at"": ""2026-05-15T00:00:00+00:00"", ""valid_from"": ""2026-05-15T00:00:00+00:00"", ""valid_to"": null, ""confidence"": 1.0}",2026-09-01T12:36:16.065682
edge-607,site:07,dev:olt-xg01,CONTAINS,"{""source"": ""inventory_review"", ""method"": ""vendor_export"", ""observed_at"": ""2026-05-15T00:00:00+00:00"", ""valid_from"": ""2026-05-15T00:00:00+00:00"", ""valid_to"": null, ""confidence"": 1.0}",2026-09-01T12:36:16.065733
edge-608,dev:olt-xg01,sw:axos-R26.1.0,RUNS,"{""source"": ""inventory_review"", ""method"": ""vendor_export"", ""observed_at"": ""2026-05-15T00:00:00+00:00"", ""valid_from"": ""2026-05-15T00:00:00+00:00"", ""valid_to"": null, ""confidence"": 1.0}",2026-09-01T12:36:16.065800
edge-609,dev:olt-xg01,port:olt-xg01:x1/0,HAS_PORT,"{""source"": ""config_backup"", ""method"": ""config_parse"", ""observed_at"": ""2026-05-15T00:00:00+00:00"", ""valid_from"": ""2026-05-15T00:00:00+00:00"", ""valid_to"": null, ""confidence"": 1.0}",2026-09-01T12:36:16.065839
edge-610,dev:olt-xg01,port:olt-xg01:x1/1,HAS_PORT,"{""source"": ""config_backup"", ""method"": ""config_parse"", ""observed_at"": ""2026-05-15T00:00:00+00:00"", ""valid_from"": ""2026-05-15T00:00:00+00:00"", ""valid_to"": null, ""confidence"": 1.0}",2026-09-01T12:36:16.065879
edge-611,dev:olt-xg01,port:olt-xg01:p1/0,HAS_PORT,"{""source"": ""config_backup"", ""method"": ""config_parse"", ""observed_at"": ""2026-05-15T00:00:00+00:00"", ""valid_from"": ""2026-05-15T00:00:00+00:00"", ""valid_to"": null, ""confidence"": 1.0}",2026-09-01T12:36:16.065923
edge-612,dev:olt-xg01,port:olt-xg01:p1/1,HAS_PORT,"{""source"": ""config_backup"", ""method"": ""config_parse"", ""observed_at"": ""2026-05-15T00:00:00+00:00"", ""valid_from"": ""2026-05-15T00:00:00+00:00"", ""valid_to"": null, ""confidence"": 1.0}",2026-09-01T12:36:16.065959
edge-613,dev:olt-xg01,port:olt-xg01:p1/2,HAS_PORT,"{""source"": ""config_backup"", ""method"": ""config_parse"", ""observed_at"": ""2026-05-15T00:00:00+00:00"", ""valid_from"": ""2026-05-15T00:00:00+00:00"", ""valid_to"": null, ""confidence"": 1.0}",2026-09-01T12:36:16.065995
edge-614,dev:olt-xg01,port:olt-xg01:p1/3,HAS_PORT,"{""source"": ""config_backup"", ""method"": ""config_parse"", ""observed_at"": ""2026-05-15T00:00:00+00:00"", ""valid_from"": ""2026-05-15T00:00:00+00:00"", ""valid_to"": null, ""confidence"": 1.0}",2026-09-01T12:36:16.066033
edge-615,port:olt-xg01:x1/0,link:olt-xg01:x1/0--acx-04:xe-0/0/1,TERMINATES,"{""link_end"": ""a"", ""source"": ""nms"", ""method"": ""lldp"", ""observed_at"": ""2026-05-15T00:00:00+00:00"", ""valid_from"": ""2026-05-15T00:00:00+00:00"", ""valid_to"": null, ""confidence"": 1.0}",2026-09-01T12:36:16.066071
edge-616,port:acx-04:xe-0/0/1,link:olt-xg01:x1/0--acx-04:xe-0/0/1,TERMINATES,"{""link_end"": ""z"", ""source"": ""nms"", ""method"": ""lldp"", ""observed_at"": ""2026-05-15T00:00:00+00:00"", ""valid_from"": ""2026-05-15T00:00:00+00:00"", ""valid_to"": null, ""confidence"": 1.0}",2026-09-01T12:36:16.066111
edge-617,port:olt-xg01:p1/0,pon:olt-xg01-0,SERVES,"{""source"": ""calix_export"", ""method"": ""vendor_export"", ""observed_at"": ""2026-05-15T00:00:00+00:00"", ""valid_from"": ""2026-05-15T00:00:00+00:00"", ""valid_to"": null, ""confidence"": 1.0}",2026-09-01T12:36:16.066150
edge-618,pon:olt-xg01-0,spl:olt-xg01-0,FEEDS,"{""source"": ""osp_records"", ""method"": ""manual"", ""observed_at"": ""2026-05-15T00:00:00+00:00"", ""valid_from"": ""2026-05-15T00:00:00+00:00"", ""valid_to"": null, ""confidence"": 0.8}",2026-09-01T12:36:16.066194
edge-619,port:olt-xg01:p1/1,pon:olt-xg01-1,SERVES,"{""source"": ""calix_export"", ""method"": ""vendor_export"", ""observed_at"": ""2026-05-15T00:00:00+00:00"", ""valid_from"": ""2026-05-15T00:00:00+00:00"", ""valid_to"": null, ""confidence"": 1.0}",2026-09-01T12:36:16.066235
edge-620,pon:olt-xg01-1,spl:olt-xg01-1,FEEDS,"{""source"": ""osp_records"", ""method"": ""manual"", ""observed_at"": ""2026-05-15T00:00:00+00:00"", ""valid_from"": ""2026-05-15T00:00:00+00:00"", ""valid_to"": null, ""confidence"": 0.8}",2026-09-01T12:36:16.066275
edge-621,port:olt-xg01:p1/2,pon:olt-xg01-2,SERVES,"{""source"": ""calix_export"", ""method"": ""vendor_export"", ""observed_at"": ""2026-05-15T00:00:00+00:00"", ""valid_from"": ""2026-05-15T00:00:00+00:00"", ""valid_to"": null, ""confidence"": 1.0}",2026-09-01T12:36:16.066315
edge-622,pon:olt-xg01-2,spl:olt-xg01-2,FEEDS,"{""source"": ""osp_records"", ""method"": ""manual"", ""observed_at"": ""2026-05-15T00:00:00+00:00"", ""valid_from"": ""2026-05-15T00:00:00+00:00"", ""valid_to"": null, ""confidence"": 0.8}",2026-09-01T12:36:16.066355
edge-623,port:olt-xg01:p1/3,pon:olt-xg01-3,SERVES,"{""source"": ""calix_export"", ""method"": ""vendor_export"", ""observed_at"": ""2026-05-15T00:00:00+00:00"", ""valid_from"": ""2026-05-15T00:00:00+00:00"", ""valid_to"": null, ""confidence"": 1.0}",2026-09-01T12:36:16.066455
edge-624,pon:olt-xg01-3,spl:olt-xg01-3,FEEDS,"{""source"": ""osp_records"", ""method"": ""manual"", ""observed_at"": ""2026-05-15T00:00:00+00:00"", ""valid_from"": ""2026-05-15T00:00:00+00:00"", ""valid_to"": null, ""confidence"": 0.8}",2026-09-01T12:36:16.066516
edge-625,site:10,dev:olt-xg02,CONTAINS,"{""source"": ""inventory_review"", ""method"": ""vendor_export"", ""observed_at"": ""2026-05-15T00:00:00+00:00"", ""valid_from"": ""2026-05-15T00:00:00+00:00"", ""valid_to"": null, ""confidence"": 1.0}",2026-09-01T12:36:16.066562
edge-626,dev:olt-xg02,sw:axos-R26.1.0,RUNS,"{""source"": ""inventory_review"", ""method"": ""vendor_export"", ""observed_at"": ""2026-05-15T00:00:00+00:00"", ""valid_from"": ""2026-05-15T00:00:00+00:00"", ""valid_to"": null, ""confidence"": 1.0}",2026-09-01T12:36:16.066616
edge-627,dev:olt-xg02,port:olt-xg02:x1/0,HAS_PORT,"{""source"": ""config_backup"", ""method"": ""config_parse"", ""observed_at"": ""2026-05-15T00:00:00+00:00"", ""valid_from"": ""2026-05-15T00:00:00+00:00"", ""valid_to"": null, ""confidence"": 1.0}",2026-09-01T12:36:16.066664
edge-628,dev:olt-xg02,port:olt-xg02:x1/1,HAS_PORT,"{""source"": ""config_backup"", ""method"": ""config_parse"", ""observed_at"": ""2026-05-15T00:00:00+00:00"", ""valid_from"": ""2026-05-15T00:00:00+00:00"", ""valid_to"": null, ""confidence"": 1.0}",2026-09-01T12:36:16.066706
edge-629,dev:olt-xg02,port:olt-xg02:p1/0,HAS_PORT,"{""source"": ""config_backup"", ""method"": ""config_parse"", ""observed_at"": ""2026-05-15T00:00:00+00:00"", ""valid_from"": ""2026-05-15T00:00:00+00:00"", ""valid_to"": null, ""confidence"": 1.0}",2026-09-01T12:36:16.066749
edge-630,dev:olt-xg02,port:olt-xg02:p1/1,HAS_PORT,"{""source"": ""config_backup"", ""method"": ""config_parse"", ""observed_at"": ""2026-05-15T00:00:00+00:00"", ""valid_from"": ""2026-05-15T00:00:00+00:00"", ""valid_to"": null, ""confidence"": 1.0}",2026-09-01T12:36:16.066799
edge-631,dev:olt-xg02,port:olt-xg02:p1/2,HAS_PORT,"{""source"": ""config_backup"", ""method"": ""config_parse"", ""observed_at"": ""2026-05-15T00:00:00+00:00"", ""valid_from"": ""2026-05-15T00:00:00+00:00"", ""valid_to"": null, ""confidence"": 1.0}",2026-09-01T12:36:16.066842
edge-632,dev:olt-xg02,port:olt-xg02:p1/3,HAS_PORT,"{""source"": ""config_backup"", ""method"": ""config_parse"", ""observed_at"": ""2026-05-15T00:00:00+00:00"", ""valid_from"": ""2026-05-15T00:00:00+00:00"", ""valid_to"": null, ""confidence"": 1.0}",2026-09-01T12:36:16.066902
edge-633,port:olt-xg02:x1/0,link:olt-xg02:x1/0--acx-07:xe-0/0/2,TERMINATES,"{""link_end"": ""a"", ""source"": ""nms"", ""method"": ""lldp"", ""observed_at"": ""2026-05-15T00:00:00+00:00"", ""valid_from"": ""2026-05-15T00:00:00+00:00"", ""valid_to"": null, ""confidence"": 1.0}",2026-09-01T12:36:16.066954
edge-634,port:acx-07:xe-0/0/2,link:olt-xg02:x1/0--acx-07:xe-0/0/2,TERMINATES,"{""link_end"": ""z"", ""source"": ""nms"", ""method"": ""lldp"", ""observed_at"": ""2026-05-15T00:00:00+00:00"", ""valid_from"": ""2026-05-15T00:00:00+00:00"", ""valid_to"": null, ""confidence"": 1.0}",2026-09-01T12:36:16.067000
edge-635,port:olt-xg02:p1/0,pon:olt-xg02-0,SERVES,"{""source"": ""calix_export"", ""method"": ""vendor_export"", ""observed_at"": ""2026-05-15T00:00:00+00:00"", ""valid_from"": ""2026-05-15T00:00:00+00:00"", ""valid_to"": null, ""confidence"": 1.0}",2026-09-01T12:36:16.067042
edge-636,pon:olt-xg02-0,spl:olt-xg02-0,FEEDS,"{""source"": ""osp_records"", ""method"": ""manual"", ""observed_at"": ""2026-05-15T00:00:00+00:00"", ""valid_from"": ""2026-05-15T00:00:00+00:00"", ""valid_to"": null, ""confidence"": 0.8}",2026-09-01T12:36:16.067086
edge-637,port:olt-xg02:p1/1,pon:olt-xg02-1,SERVES,"{""source"": ""calix_export"", ""method"": ""vendor_export"", ""observed_at"": ""2026-05-15T00:00:00+00:00"", ""valid_from"": ""2026-05-15T00:00:00+00:00"", ""valid_to"": null, ""confidence"": 1.0}",2026-09-01T12:36:16.067127
edge-638,pon:olt-xg02-1,spl:olt-xg02-1,FEEDS,"{""source"": ""osp_records"", ""method"": ""manual"", ""observed_at"": ""2026-05-15T00:00:00+00:00"", ""valid_from"": ""2026-05-15T00:00:00+00:00"", ""valid_to"": null, ""confidence"": 0.8}",2026-09-01T12:36:16.067168
edge-639,port:olt-xg02:p1/2,pon:olt-xg02-2,SERVES,"{""source"": ""calix_export"", ""method"": ""vendor_export"", ""observed_at"": ""2026-05-15T00:00:00+00:00"", ""valid_from"": ""2026-05-15T00:00:00+00:00"", ""valid_to"": null, ""confidence"": 1.0}",2026-09-01T12:36:16.067209
edge-640,pon:olt-xg02-2,spl:olt-xg02-2,FEEDS,"{""source"": ""osp_records"", ""method"": ""manual"", ""observed_at"": ""2026-05-15T00:00:00+00:00"", ""valid_from"": ""2026-05-15T00:00:00+00:00"", ""valid_to"": null, ""confidence"": 0.8}",2026-09-01T12:36:16.067250
edge-641,port:olt-xg02:p1/3,pon:olt-xg02-3,SERVES,"{""source"": ""calix_export"", ""method"": ""vendor_export"", ""observed_at"": ""2026-05-15T00:00:00+00:00"", ""valid_from"": ""2026-05-15T00:00:00+00:00"", ""valid_to"": null, ""confidence"": 1.0}",2026-09-01T12:36:16.067295
edge-642,pon:olt-xg02-3,spl:olt-xg02-3,FEEDS,"{""source"": ""osp_records"", ""method"": ""manual"", ""observed_at"": ""2026-05-15T00:00:00+00:00"", ""valid_from"": ""2026-05-15T00:00:00+00:00"", ""valid_to"": null, ""confidence"": 0.8}",2026-09-01T12:36:16.067338
edge-643,site:05,dev:olt-xg03,CONTAINS,"{""source"": ""inventory_review"", ""method"": ""vendor_export"", ""observed_at"": ""2026-05-15T00:00:00+00:00"", ""valid_from"": ""2026-05-15T00:00:00+00:00"", ""valid_to"": null, ""confidence"": 1.0}",2026-09-01T12:36:16.067381
edge-644,dev:olt-xg03,sw:axos-R26.1.0,RUNS,"{""source"": ""inventory_review"", ""method"": ""vendor_export"", ""observed_at"": ""2026-05-15T00:00:00+00:00"", ""valid_from"": ""2026-05-15T00:00:00+00:00"", ""valid_to"": null, ""confidence"": 1.0}",2026-09-01T12:36:16.067497
edge-645,dev:olt-xg03,port:olt-xg03:x1/0,HAS_PORT,"{""source"": ""config_backup"", ""method"": ""config_parse"", ""observed_at"": ""2026-05-15T00:00:00+00:00"", ""valid_from"": ""2026-05-15T00:00:00+00:00"", ""valid_to"": null, ""confidence"": 1.0}",2026-09-01T12:36:16.067556
edge-646,dev:olt-xg03,port:olt-xg03:x1/1,HAS_PORT,"{""source"": ""config_backup"", ""method"": ""config_parse"", ""observed_at"": ""2026-05-15T00:00:00+00:00"", ""valid_from"": ""2026-05-15T00:00:00+00:00"", ""valid_to"": null, ""confidence"": 1.0}",2026-09-01T12:36:16.067618
edge-647,dev:olt-xg03,port:olt-xg03:p1/0,HAS_PORT,"{""source"": ""config_backup"", ""method"": ""config_parse"", ""observed_at"": ""2026-05-15T00:00:00+00:00"", ""valid_from"": ""2026-05-15T00:00:00+00:00"", ""valid_to"": null, ""confidence"": 1.0}",2026-09-01T12:36:16.067668
edge-648,dev:olt-xg03,port:olt-xg03:p1/1,HAS_PORT,"{""source"": ""config_backup"", ""method"": ""config_parse"", ""observed_at"": ""2026-05-15T00:00:00+00:00"", ""valid_from"": ""2026-05-15T00:00:00+00:00"", ""valid_to"": null, ""confidence"": 1.0}",2026-09-01T12:36:16.067709
edge-649,dev:olt-xg03,port:olt-xg03:p1/2,HAS_PORT,"{""source"": ""config_backup"", ""method"": ""config_parse"", ""observed_at"": ""2026-05-15T00:00:00+00:00"", ""valid_from"": ""2026-05-15T00:00:00+00:00"", ""valid_to"": null, ""confidence"": 1.0}",2026-09-01T12:36:16.067750
edge-650,dev:olt-xg03,port:olt-xg03:p1/3,HAS_PORT,"{""source"": ""config_backup"", ""method"": ""config_parse"", ""observed_at"": ""2026-05-15T00:00:00+00:00"", ""valid_from"": ""2026-05-15T00:00:00+00:00"", ""valid_to"": null, ""confidence"": 1.0}",2026-09-01T12:36:16.067805
edge-651,port:olt-xg03:x1/0,link:olt-xg03:x1/0--acx-10:xe-0/0/3,TERMINATES,"{""link_end"": ""a"", ""source"": ""nms"", ""method"": ""lldp"", ""observed_at"": ""2026-05-15T00:00:00+00:00"", ""valid_from"": ""2026-05-15T00:00:00+00:00"", ""valid_to"": null, ""confidence"": 1.0}",2026-09-01T12:36:16.067855
edge-652,port:acx-10:xe-0/0/3,link:olt-xg03:x1/0--acx-10:xe-0/0/3,TERMINATES,"{""link_end"": ""z"", ""source"": ""nms"", ""method"": ""lldp"", ""observed_at"": ""2026-05-15T00:00:00+00:00"", ""valid_from"": ""2026-05-15T00:00:00+00:00"", ""valid_to"": null, ""confidence"": 1.0}",2026-09-01T12:36:16.067898
edge-653,port:olt-xg03:p1/0,pon:olt-xg03-0,SERVES,"{""source"": ""calix_export"", ""method"": ""vendor_export"", ""observed_at"": ""2026-05-15T00:00:00+00:00"", ""valid_from"": ""2026-05-15T00:00:00+00:00"", ""valid_to"": null, ""confidence"": 1.0}",2026-09-01T12:36:16.067942
edge-654,pon:olt-xg03-0,spl:olt-xg03-0,FEEDS,"{""source"": ""osp_records"", ""method"": ""manual"", ""observed_at"": ""2026-05-15T00:00:00+00:00"", ""valid_from"": ""2026-05-15T00:00:00+00:00"", ""valid_to"": null, ""confidence"": 0.8}",2026-09-01T12:36:16.068028
edge-655,port:olt-xg03:p1/1,pon:olt-xg03-1,SERVES,"{""source"": ""calix_export"", ""method"": ""vendor_export"", ""observed_at"": ""2026-05-15T00:00:00+00:00"", ""valid_from"": ""2026-05-15T00:00:00+00:00"", ""valid_to"": null, ""confidence"": 1.0}",2026-09-01T12:36:16.068105
edge-656,pon:olt-xg03-1,spl:olt-xg03-1,FEEDS,"{""source"": ""osp_records"", ""method"": ""manual"", ""observed_at"": ""2026-05-15T00:00:00+00:00"", ""valid_from"": ""2026-05-15T00:00:00+00:00"", ""valid_to"": null, ""confidence"": 0.8}",2026-09-01T12:36:16.068172
edge-657,port:olt-xg03:p1/2,pon:olt-xg03-2,SERVES,"{""source"": ""calix_export"", ""method"": ""vendor_export"", ""observed_at"": ""2026-05-15T00:00:00+00:00"", ""valid_from"": ""2026-05-15T00:00:00+00:00"", ""valid_to"": null, ""confidence"": 1.0}",2026-09-01T12:36:16.068350
edge-658,pon:olt-xg03-2,spl:olt-xg03-2,FEEDS,"{""source"": ""osp_records"", ""method"": ""manual"", ""observed_at"": ""2026-05-15T00:00:00+00:00"", ""valid_from"": ""2026-05-15T00:00:00+00:00"", ""valid_to"": null, ""confidence"": 0.8}",2026-09-01T12:36:16.068439
edge-659,port:olt-xg03:p1/3,pon:olt-xg03-3,SERVES,"{""source"": ""calix_export"", ""method"": ""vendor_export"", ""observed_at"": ""2026-05-15T00:00:00+00:00"", ""valid_from"": ""2026-05-15T00:00:00+00:00"", ""valid_to"": null, ""confidence"": 1.0}",2026-09-01T12:36:16.068502
edge-660,pon:olt-xg03-3,spl:olt-xg03-3,FEEDS,"{""source"": ""osp_records"", ""method"": ""manual"", ""observed_at"": ""2026-05-15T00:00:00+00:00"", ""valid_from"": ""2026-05-15T00:00:00+00:00"", ""valid_to"": null, ""confidence"": 0.8}",2026-09-01T12:36:16.068545
edge-661,site:08,dev:olt-xg04,CONTAINS,"{""source"": ""inventory_review"", ""method"": ""vendor_export"", ""observed_at"": ""2026-05-15T00:00:00+00:00"", ""valid_from"": ""2026-05-15T00:00:00+00:00"", ""valid_to"": null, ""confidence"": 1.0}",2026-09-01T12:36:16.068600
edge-662,dev:olt-xg04,sw:axos-R26.1.0,RUNS,"{""source"": ""inventory_review"", ""method"": ""vendor_export"", ""observed_at"": ""2026-05-15T00:00:00+00:00"", ""valid_from"": ""2026-05-15T00:00:00+00:00"", ""valid_to"": null, ""confidence"": 1.0}",2026-09-01T12:36:16.068665
edge-663,dev:olt-xg04,port:olt-xg04:x1/0,HAS_PORT,"{""source"": ""config_backup"", ""method"": ""config_parse"", ""observed_at"": ""2026-05-15T00:00:00+00:00"", ""valid_from"": ""2026-05-15T00:00:00+00:00"", ""valid_to"": null, ""confidence"": 1.0}",2026-09-01T12:36:16.068727
edge-664,dev:olt-xg04,port:olt-xg04:x1/1,HAS_PORT,"{""source"": ""config_backup"", ""method"": ""config_parse"", ""observed_at"": ""2026-05-15T00:00:00+00:00"", ""valid_from"": ""2026-05-15T00:00:00+00:00"", ""valid_to"": null, ""confidence"": 1.0}",2026-09-01T12:36:16.068795
edge-665,dev:olt-xg04,port:olt-xg04:p1/0,HAS_PORT,"{""source"": ""config_backup"", ""method"": ""config_parse"", ""observed_at"": ""2026-05-15T00:00:00+00:00"", ""valid_from"": ""2026-05-15T00:00:00+00:00"", ""valid_to"": null, ""confidence"": 1.0}",2026-09-01T12:36:16.068867
edge-666,dev:olt-xg04,port:olt-xg04:p1/1,HAS_PORT,"{""source"": ""config_backup"", ""method"": ""config_parse"", ""observed_at"": ""2026-05-15T00:00:00+00:00"", ""valid_from"": ""2026-05-15T00:00:00+00:00"", ""valid_to"": null, ""confidence"": 1.0}",2026-09-01T12:36:16.068926
edge-667,dev:olt-xg04,port:olt-xg04:p1/2,HAS_PORT,"{""source"": ""config_backup"", ""method"": ""config_parse"", ""observed_at"": ""2026-05-15T00:00:00+00:00"", ""valid_from"": ""2026-05-15T00:00:00+00:00"", ""valid_to"": null, ""confidence"": 1.0}",2026-09-01T12:36:16.068980
edge-668,dev:olt-xg04,port:olt-xg04:p1/3,HAS_PORT,"{""source"": ""config_backup"", ""method"": ""config_parse"", ""observed_at"": ""2026-05-15T00:00:00+00:00"", ""valid_from"": ""2026-05-15T00:00:00+00:00"", ""valid_to"": null, ""confidence"": 1.0}",2026-09-01T12:36:16.069083
edge-669,port:olt-xg04:x1/0,link:olt-xg04:x1/0--acx-13:xe-0/0/0,TERMINATES,"{""link_end"": ""a"", ""source"": ""nms"", ""method"": ""lldp"", ""observed_at"": ""2026-05-15T00:00:00+00:00"", ""valid_from"": ""2026-05-15T00:00:00+00:00"", ""valid_to"": null, ""confidence"": 1.0}",2026-09-01T12:36:16.069258
edge-670,port:acx-13:xe-0/0/0,link:olt-xg04:x1/0--acx-13:xe-0/0/0,TERMINATES,"{""link_end"": ""z"", ""source"": ""nms"", ""method"": ""lldp"", ""observed_at"": ""2026-05-15T00:00:00+00:00"", ""valid_from"": ""2026-05-15T00:00:00+00:00"", ""valid_to"": null, ""confidence"": 1.0}",2026-09-01T12:36:16.069322
edge-671,port:olt-xg04:p1/0,pon:olt-xg04-0,SERVES,"{""source"": ""calix_export"", ""method"": ""vendor_export"", ""observed_at"": ""2026-05-15T00:00:00+00:00"", ""valid_from"": ""2026-05-15T00:00:00+00:00"", ""valid_to"": null, ""confidence"": 1.0}",2026-09-01T12:36:16.069378
edge-672,pon:olt-xg04-0,spl:olt-xg04-0,FEEDS,"{""source"": ""osp_records"", ""method"": ""manual"", ""observed_at"": ""2026-05-15T00:00:00+00:00"", ""valid_from"": ""2026-05-15T00:00:00+00:00"", ""valid_to"": null, ""confidence"": 0.8}",2026-09-01T12:36:16.069433
edge-673,port:olt-xg04:p1/1,pon:olt-xg04-1,SERVES,"{""source"": ""calix_export"", ""method"": ""vendor_export"", ""observed_at"": ""2026-05-15T00:00:00+00:00"", ""valid_from"": ""2026-05-15T00:00:00+00:00"", ""valid_to"": null, ""confidence"": 1.0}",2026-09-01T12:36:16.069624
edge-674,pon:olt-xg04-1,spl:olt-xg04-1,FEEDS,"{""source"": ""osp_records"", ""method"": ""manual"", ""observed_at"": ""2026-05-15T00:00:00+00:00"", ""valid_from"": ""2026-05-15T00:00:00+00:00"", ""valid_to"": null, ""confidence"": 0.8}",2026-09-01T12:36:16.069710
edge-675,port:olt-xg04:p1/2,pon:olt-xg04-2,SERVES,"{""source"": ""calix_export"", ""method"": ""vendor_export"", ""observed_at"": ""2026-05-15T00:00:00+00:00"", ""valid_from"": ""2026-05-15T00:00:00+00:00"", ""valid_to"": null, ""confidence"": 1.0}",2026-09-01T12:36:16.069825
edge-676,pon:olt-xg04-2,spl:olt-xg04-2,FEEDS,"{""source"": ""osp_records"", ""method"": ""manual"", ""observed_at"": ""2026-05-15T00:00:00+00:00"", ""valid_from"": ""2026-05-15T00:00:00+00:00"", ""valid_to"": null, ""confidence"": 0.8}",2026-09-01T12:36:16.069891
edge-677,port:olt-xg04:p1/3,pon:olt-xg04-3,SERVES,"{""source"": ""calix_export"", ""method"": ""vendor_export"", ""observed_at"": ""2026-05-15T00:00:00+00:00"", ""valid_from"": ""2026-05-15T00:00:00+00:00"", ""valid_to"": null, ""confidence"": 1.0}",2026-09-01T12:36:16.069940
edge-678,pon:olt-xg04-3,spl:olt-xg04-3,FEEDS,"{""source"": ""osp_records"", ""method"": ""manual"", ""observed_at"": ""2026-05-15T00:00:00+00:00"", ""valid_from"": ""2026-05-15T00:00:00+00:00"", ""valid_to"": null, ""confidence"": 0.8}",2026-09-01T12:36:16.069993
edge-679,site:03,dev:olt-xg05,CONTAINS,"{""source"": ""inventory_review"", ""method"": ""vendor_export"", ""observed_at"": ""2026-05-15T00:00:00+00:00"", ""valid_from"": ""2026-05-15T00:00:00+00:00"", ""valid_to"": null, ""confidence"": 1.0}",2026-09-01T12:36:16.070039
edge-680,dev:olt-xg05,sw:axos-R26.1.0,RUNS,"{""source"": ""inventory_review"", ""method"": ""vendor_export"", ""observed_at"": ""2026-05-15T00:00:00+00:00"", ""valid_from"": ""2026-05-15T00:00:00+00:00"", ""valid_to"": null, ""confidence"": 1.0}",2026-09-01T12:36:16.070084
edge-681,dev:olt-xg05,port:olt-xg05:x1/0,HAS_PORT,"{""source"": ""config_backup"", ""method"": ""config_parse"", ""observed_at"": ""2026-05-15T00:00:00+00:00"", ""valid_from"": ""2026-05-15T00:00:00+00:00"", ""valid_to"": null, ""confidence"": 1.0}",2026-09-01T12:36:16.070140
edge-682,dev:olt-xg05,port:olt-xg05:x1/1,HAS_PORT,"{""source"": ""config_backup"", ""method"": ""config_parse"", ""observed_at"": ""2026-05-15T00:00:00+00:00"", ""valid_from"": ""2026-05-15T00:00:00+00:00"", ""valid_to"": null, ""confidence"": 1.0}",2026-09-01T12:36:16.070188
edge-683,dev:olt-xg05,port:olt-xg05:p1/0,HAS_PORT,"{""source"": ""config_backup"", ""method"": ""config_parse"", ""observed_at"": ""2026-05-15T00:00:00+00:00"", ""valid_from"": ""2026-05-15T00:00:00+00:00"", ""valid_to"": null, ""confidence"": 1.0}",2026-09-01T12:36:16.070232
edge-684,dev:olt-xg05,port:olt-xg05:p1/1,HAS_PORT,"{""source"": ""config_backup"", ""method"": ""config_parse"", ""observed_at"": ""2026-05-15T00:00:00+00:00"", ""valid_from"": ""2026-05-15T00:00:00+00:00"", ""valid_to"": null, ""confidence"": 1.0}",2026-09-01T12:36:16.070278
edge-685,dev:olt-xg05,port:olt-xg05:p1/2,HAS_PORT,"{""source"": ""config_backup"", ""method"": ""config_parse"", ""observed_at"": ""2026-05-15T00:00:00+00:00"", ""valid_from"": ""2026-05-15T00:00:00+00:00"", ""valid_to"": null, ""confidence"": 1.0}",2026-09-01T12:36:16.070333
edge-686,dev:olt-xg05,port:olt-xg05:p1/3,HAS_PORT,"{""source"": ""config_backup"", ""method"": ""config_parse"", ""observed_at"": ""2026-05-15T00:00:00+00:00"", ""valid_from"": ""2026-05-15T00:00:00+00:00"", ""valid_to"": null, ""confidence"": 1.0}",2026-09-01T12:36:16.070381
edge-687,port:olt-xg05:x1/0,link:olt-xg05:x1/0--acx-16:xe-0/0/1,TERMINATES,"{""link_end"": ""a"", ""source"": ""nms"", ""method"": ""lldp"", ""observed_at"": ""2026-05-15T00:00:00+00:00"", ""valid_from"": ""2026-05-15T00:00:00+00:00"", ""valid_to"": null, ""confidence"": 1.0}",2026-09-01T12:36:16.070445
edge-688,port:acx-16:xe-0/0/1,link:olt-xg05:x1/0--acx-16:xe-0/0/1,TERMINATES,"{""link_end"": ""z"", ""source"": ""nms"", ""method"": ""lldp"", ""observed_at"": ""2026-05-15T00:00:00+00:00"", ""valid_from"": ""2026-05-15T00:00:00+00:00"", ""valid_to"": null, ""confidence"": 1.0}",2026-09-01T12:36:16.070589
edge-689,port:olt-xg05:p1/0,pon:olt-xg05-0,SERVES,"{""source"": ""calix_export"", ""method"": ""vendor_export"", ""observed_at"": ""2026-05-15T00:00:00+00:00"", ""valid_from"": ""2026-05-15T00:00:00+00:00"", ""valid_to"": null, ""confidence"": 1.0}",2026-09-01T12:36:16.070767
edge-690,pon:olt-xg05-0,spl:olt-xg05-0,FEEDS,"{""source"": ""osp_records"", ""method"": ""manual"", ""observed_at"": ""2026-05-15T00:00:00+00:00"", ""valid_from"": ""2026-05-15T00:00:00+00:00"", ""valid_to"": null, ""confidence"": 0.8}",2026-09-01T12:36:16.070839
edge-691,port:olt-xg05:p1/1,pon:olt-xg05-1,SERVES,"{""source"": ""calix_export"", ""method"": ""vendor_export"", ""observed_at"": ""2026-05-15T00:00:00+00:00"", ""valid_from"": ""2026-05-15T00:00:00+00:00"", ""valid_to"": null, ""confidence"": 1.0}",2026-09-01T12:36:16.070894
edge-692,pon:olt-xg05-1,spl:olt-xg05-1,FEEDS,"{""source"": ""osp_records"", ""method"": ""manual"", ""observed_at"": ""2026-05-15T00:00:00+00:00"", ""valid_from"": ""2026-05-15T00:00:00+00:00"", ""valid_to"": null, ""confidence"": 0.8}",2026-09-01T12:36:16.070978
edge-693,port:olt-xg05:p1/2,pon:olt-xg05-2,SERVES,"{""source"": ""calix_export"", ""method"": ""vendor_export"", ""observed_at"": ""2026-05-15T00:00:00+00:00"", ""valid_from"": ""2026-05-15T00:00:00+00:00"", ""valid_to"": null, ""confidence"": 1.0}",2026-09-01T12:36:16.071033
edge-694,pon:olt-xg05-2,spl:olt-xg05-2,FEEDS,"{""source"": ""osp_records"", ""method"": ""manual"", ""observed_at"": ""2026-05-15T00:00:00+00:00"", ""valid_from"": ""2026-05-15T00:00:00+00:00"", ""valid_to"": null, ""confidence"": 0.8}",2026-09-01T12:36:16.071179
edge-695,port:olt-xg05:p1/3,pon:olt-xg05-3,SERVES,"{""source"": ""calix_export"", ""method"": ""vendor_export"", ""observed_at"": ""2026-05-15T00:00:00+00:00"", ""valid_from"": ""2026-05-15T00:00:00+00:00"", ""valid_to"": null, ""confidence"": 1.0}",2026-09-01T12:36:16.071233
edge-696,pon:olt-xg05-3,spl:olt-xg05-3,FEEDS,"{""source"": ""osp_records"", ""method"": ""manual"", ""observed_at"": ""2026-05-15T00:00:00+00:00"", ""valid_from"": ""2026-05-15T00:00:00+00:00"", ""valid_to"": null, ""confidence"": 0.8}",2026-09-01T12:36:16.071281
edge-697,site:06,dev:olt-xg06,CONTAINS,"{""source"": ""inventory_review"", ""method"": ""vendor_export"", ""observed_at"": ""2026-05-15T00:00:00+00:00"", ""valid_from"": ""2026-05-15T00:00:00+00:00"", ""valid_to"": null, ""confidence"": 1.0}",2026-09-01T12:36:16.071329
edge-698,dev:olt-xg06,sw:axos-R26.1.0,RUNS,"{""source"": ""inventory_review"", ""method"": ""vendor_export"", ""observed_at"": ""2026-05-15T00:00:00+00:00"", ""valid_from"": ""2026-05-15T00:00:00+00:00"", ""valid_to"": null, ""confidence"": 1.0}",2026-09-01T12:36:16.071377
edge-699,dev:olt-xg06,port:olt-xg06:x1/0,HAS_PORT,"{""source"": ""config_backup"", ""method"": ""config_parse"", ""observed_at"": ""2026-05-15T00:00:00+00:00"", ""valid_from"": ""2026-05-15T00:00:00+00:00"", ""valid_to"": null, ""confidence"": 1.0}",2026-09-01T12:36:16.071426
edge-700,dev:olt-xg06,port:olt-xg06:x1/1,HAS_PORT,"{""source"": ""config_backup"", ""method"": ""config_parse"", ""observed_at"": ""2026-05-15T00:00:00+00:00"", ""valid_from"": ""2026-05-15T00:00:00+00:00"", ""valid_to"": null, ""confidence"": 1.0}",2026-09-01T12:36:16.071471
edge-701,dev:olt-xg06,port:olt-xg06:p1/0,HAS_PORT,"{""source"": ""config_backup"", ""method"": ""config_parse"", ""observed_at"": ""2026-05-15T00:00:00+00:00"", ""valid_from"": ""2026-05-15T00:00:00+00:00"", ""valid_to"": null, ""confidence"": 1.0}",2026-09-01T12:36:16.071518
edge-702,dev:olt-xg06,port:olt-xg06:p1/1,HAS_PORT,"{""source"": ""config_backup"", ""method"": ""config_parse"", ""observed_at"": ""2026-05-15T00:00:00+00:00"", ""valid_from"": ""2026-05-15T00:00:00+00:00"", ""valid_to"": null, ""confidence"": 1.0}",2026-09-01T12:36:16.071616
edge-703,dev:olt-xg06,port:olt-xg06:p1/2,HAS_PORT,"{""source"": ""config_backup"", ""method"": ""config_parse"", ""observed_at"": ""2026-05-15T00:00:00+00:00"", ""valid_from"": ""2026-05-15T00:00:00+00:00"", ""valid_to"": null, ""confidence"": 1.0}",2026-09-01T12:36:16.071664
edge-704,dev:olt-xg06,port:olt-xg06:p1/3,HAS_PORT,"{""source"": ""config_backup"", ""method"": ""config_parse"", ""observed_at"": ""2026-05-15T00:00:00+00:00"", ""valid_from"": ""2026-05-15T00:00:00+00:00"", ""valid_to"": null, ""confidence"": 1.0}",2026-09-01T12:36:16.071722
edge-705,port:olt-xg06:x1/0,link:olt-xg06:x1/0--acx-19:xe-0/0/2,TERMINATES,"{""link_end"": ""a"", ""source"": ""nms"", ""method"": ""lldp"", ""observed_at"": ""2026-05-15T00:00:00+00:00"", ""valid_from"": ""2026-05-15T00:00:00+00:00"", ""valid_to"": null, ""confidence"": 1.0}",2026-09-01T12:36:16.071837
edge-706,port:acx-19:xe-0/0/2,link:olt-xg06:x1/0--acx-19:xe-0/0/2,TERMINATES,"{""link_end"": ""z"", ""source"": ""nms"", ""method"": ""lldp"", ""observed_at"": ""2026-05-15T00:00:00+00:00"", ""valid_from"": ""2026-05-15T00:00:00+00:00"", ""valid_to"": null, ""confidence"": 1.0}",2026-09-01T12:36:16.071912
edge-707,port:olt-xg06:p1/0,pon:olt-xg06-0,SERVES,"{""source"": ""calix_export"", ""method"": ""vendor_export"", ""observed_at"": ""2026-05-15T00:00:00+00:00"", ""valid_from"": ""2026-05-15T00:00:00+00:00"", ""valid_to"": null, ""confidence"": 1.0}",2026-09-01T12:36:16.071969
edge-708,pon:olt-xg06-0,spl:olt-xg06-0,FEEDS,"{""source"": ""osp_records"", ""method"": ""manual"", ""observed_at"": ""2026-05-15T00:00:00+00:00"", ""valid_from"": ""2026-05-15T00:00:00+00:00"", ""valid_to"": null, ""confidence"": 0.8}",2026-09-01T12:36:16.072017
edge-709,port:olt-xg06:p1/1,pon:olt-xg06-1,SERVES,"{""source"": ""calix_export"", ""method"": ""vendor_export"", ""observed_at"": ""2026-05-15T00:00:00+00:00"", ""valid_from"": ""2026-05-15T00:00:00+00:00"", ""valid_to"": null, ""confidence"": 1.0}",2026-09-01T12:36:16.072070
edge-710,pon:olt-xg06-1,spl:olt-xg06-1,FEEDS,"{""source"": ""osp_records"", ""method"": ""manual"", ""observed_at"": ""2026-05-15T00:00:00+00:00"", ""valid_from"": ""2026-05-15T00:00:00+00:00"", ""valid_to"": null, ""confidence"": 0.8}",2026-09-01T12:36:16.072116
edge-711,port:olt-xg06:p1/2,pon:olt-xg06-2,SERVES,"{""source"": ""calix_export"", ""method"": ""vendor_export"", ""observed_at"": ""2026-05-15T00:00:00+00:00"", ""valid_from"": ""2026-05-15T00:00:00+00:00"", ""valid_to"": null, ""confidence"": 1.0}",2026-09-01T12:36:16.072161
edge-712,pon:olt-xg06-2,spl:olt-xg06-2,FEEDS,"{""source"": ""osp_records"", ""method"": ""manual"", ""observed_at"": ""2026-05-15T00:00:00+00:00"", ""valid_from"": ""2026-05-15T00:00:00+00:00"", ""valid_to"": null, ""confidence"": 0.8}",2026-09-01T12:36:16.072210
edge-713,port:olt-xg06:p1/3,pon:olt-xg06-3,SERVES,"{""source"": ""calix_export"", ""method"": ""vendor_export"", ""observed_at"": ""2026-05-15T00:00:00+00:00"", ""valid_from"": ""2026-05-15T00:00:00+00:00"", ""valid_to"": null, ""confidence"": 1.0}",2026-09-01T12:36:16.072256
edge-714,pon:olt-xg06-3,spl:olt-xg06-3,FEEDS,"{""source"": ""osp_records"", ""method"": ""manual"", ""observed_at"": ""2026-05-15T00:00:00+00:00"", ""valid_from"": ""2026-05-15T00:00:00+00:00"", ""valid_to"": null, ""confidence"": 0.8}",2026-09-01T12:36:16.072302
edge-715,site:09,dev:olt-xg07,CONTAINS,"{""source"": ""inventory_review"", ""method"": ""vendor_export"", ""observed_at"": ""2026-05-15T00:00:00+00:00"", ""valid_from"": ""2026-05-15T00:00:00+00:00"", ""valid_to"": null, ""confidence"": 1.0}",2026-09-01T12:36:16.072349
edge-716,dev:olt-xg07,sw:axos-R26.1.0,RUNS,"{""source"": ""inventory_review"", ""method"": ""vendor_export"", ""observed_at"": ""2026-05-15T00:00:00+00:00"", ""valid_from"": ""2026-05-15T00:00:00+00:00"", ""valid_to"": null, ""confidence"": 1.0}",2026-09-01T12:36:16.072396
edge-717,dev:olt-xg07,port:olt-xg07:x1/0,HAS_PORT,"{""source"": ""config_backup"", ""method"": ""config_parse"", ""observed_at"": ""2026-05-15T00:00:00+00:00"", ""valid_from"": ""2026-05-15T00:00:00+00:00"", ""valid_to"": null, ""confidence"": 1.0}",2026-09-01T12:36:16.072442
edge-718,dev:olt-xg07,port:olt-xg07:x1/1,HAS_PORT,"{""source"": ""config_backup"", ""method"": ""config_parse"", ""observed_at"": ""2026-05-15T00:00:00+00:00"", ""valid_from"": ""2026-05-15T00:00:00+00:00"", ""valid_to"": null, ""confidence"": 1.0}",2026-09-01T12:36:16.072488
edge-719,dev:olt-xg07,port:olt-xg07:p1/0,HAS_PORT,"{""source"": ""config_backup"", ""method"": ""config_parse"", ""observed_at"": ""2026-05-15T00:00:00+00:00"", ""valid_from"": ""2026-05-15T00:00:00+00:00"", ""valid_to"": null, ""confidence"": 1.0}",2026-09-01T12:36:16.072588
edge-720,dev:olt-xg07,port:olt-xg07:p1/1,HAS_PORT,"{""source"": ""config_backup"", ""method"": ""config_parse"", ""observed_at"": ""2026-05-15T00:00:00+00:00"", ""valid_from"": ""2026-05-15T00:00:00+00:00"", ""valid_to"": null, ""confidence"": 1.0}",2026-09-01T12:36:16.072634
edge-721,dev:olt-xg07,port:olt-xg07:p1/2,HAS_PORT,"{""source"": ""config_backup"", ""method"": ""config_parse"", ""observed_at"": ""2026-05-15T00:00:00+00:00"", ""valid_from"": ""2026-05-15T00:00:00+00:00"", ""valid_to"": null, ""confidence"": 1.0}",2026-09-01T12:36:16.072680
edge-722,dev:olt-xg07,port:olt-xg07:p1/3,HAS_PORT,"{""source"": ""config_backup"", ""method"": ""config_parse"", ""observed_at"": ""2026-05-15T00:00:00+00:00"", ""valid_from"": ""2026-05-15T00:00:00+00:00"", ""valid_to"": null, ""confidence"": 1.0}",2026-09-01T12:36:16.072727
edge-723,port:olt-xg07:x1/0,link:olt-xg07:x1/0--acx-22:xe-0/0/3,TERMINATES,"{""link_end"": ""a"", ""source"": ""nms"", ""method"": ""lldp"", ""observed_at"": ""2026-05-15T00:00:00+00:00"", ""valid_from"": ""2026-05-15T00:00:00+00:00"", ""valid_to"": null, ""confidence"": 1.0}",2026-09-01T12:36:16.072784
edge-724,port:acx-22:xe-0/0/3,link:olt-xg07:x1/0--acx-22:xe-0/0/3,TERMINATES,"{""link_end"": ""z"", ""source"": ""nms"", ""method"": ""lldp"", ""observed_at"": ""2026-05-15T00:00:00+00:00"", ""valid_from"": ""2026-05-15T00:00:00+00:00"", ""valid_to"": null, ""confidence"": 1.0}",2026-09-01T12:36:16.072839
edge-725,port:olt-xg07:p1/0,pon:olt-xg07-0,SERVES,"{""source"": ""calix_export"", ""method"": ""vendor_export"", ""observed_at"": ""2026-05-15T00:00:00+00:00"", ""valid_from"": ""2026-05-15T00:00:00+00:00"", ""valid_to"": null, ""confidence"": 1.0}",2026-09-01T12:36:16.072886
edge-726,pon:olt-xg07-0,spl:olt-xg07-0,FEEDS,"{""source"": ""osp_records"", ""method"": ""manual"", ""observed_at"": ""2026-05-15T00:00:00+00:00"", ""valid_from"": ""2026-05-15T00:00:00+00:00"", ""valid_to"": null, ""confidence"": 0.8}",2026-09-01T12:36:16.072939
edge-727,port:olt-xg07:p1/1,pon:olt-xg07-1,SERVES,"{""source"": ""calix_export"", ""method"": ""vendor_export"", ""observed_at"": ""2026-05-15T00:00:00+00:00"", ""valid_from"": ""2026-05-15T00:00:00+00:00"", ""valid_to"": null, ""confidence"": 1.0}",2026-09-01T12:36:16.072986
edge-728,pon:olt-xg07-1,spl:olt-xg07-1,FEEDS,"{""source"": ""osp_records"", ""method"": ""manual"", ""observed_at"": ""2026-05-15T00:00:00+00:00"", ""valid_from"": ""2026-05-15T00:00:00+00:00"", ""valid_to"": null, ""confidence"": 0.8}",2026-09-01T12:36:16.073034
edge-729,port:olt-xg07:p1/2,pon:olt-xg07-2,SERVES,"{""source"": ""calix_export"", ""method"": ""vendor_export"", ""observed_at"": ""2026-05-15T00:00:00+00:00"", ""valid_from"": ""2026-05-15T00:00:00+00:00"", ""valid_to"": null, ""confidence"": 1.0}",2026-09-01T12:36:16.073089
edge-730,pon:olt-xg07-2,spl:olt-xg07-2,FEEDS,"{""source"": ""osp_records"", ""method"": ""manual"", ""observed_at"": ""2026-05-15T00:00:00+00:00"", ""valid_from"": ""2026-05-15T00:00:00+00:00"", ""valid_to"": null, ""confidence"": 0.8}",2026-09-01T12:36:16.073140
edge-731,port:olt-xg07:p1/3,pon:olt-xg07-3,SERVES,"{""source"": ""calix_export"", ""method"": ""vendor_export"", ""observed_at"": ""2026-05-15T00:00:00+00:00"", ""valid_from"": ""2026-05-15T00:00:00+00:00"", ""valid_to"": null, ""confidence"": 1.0}",2026-09-01T12:36:16.073260
edge-732,pon:olt-xg07-3,spl:olt-xg07-3,FEEDS,"{""source"": ""osp_records"", ""method"": ""manual"", ""observed_at"": ""2026-05-15T00:00:00+00:00"", ""valid_from"": ""2026-05-15T00:00:00+00:00"", ""valid_to"": null, ""confidence"": 0.8}",2026-09-01T12:36:16.073313
edge-733,site:04,dev:olt-xg08,CONTAINS,"{""source"": ""inventory_review"", ""method"": ""vendor_export"", ""observed_at"": ""2026-05-15T00:00:00+00:00"", ""valid_from"": ""2026-05-15T00:00:00+00:00"", ""valid_to"": null, ""confidence"": 1.0}",2026-09-01T12:36:16.073358
edge-734,dev:olt-xg08,sw:axos-R26.1.0,RUNS,"{""source"": ""inventory_review"", ""method"": ""vendor_export"", ""observed_at"": ""2026-05-15T00:00:00+00:00"", ""valid_from"": ""2026-05-15T00:00:00+00:00"", ""valid_to"": null, ""confidence"": 1.0}",2026-09-01T12:36:16.073416
edge-735,dev:olt-xg08,port:olt-xg08:x1/0,HAS_PORT,"{""source"": ""config_backup"", ""method"": ""config_parse"", ""observed_at"": ""2026-05-15T00:00:00+00:00"", ""valid_from"": ""2026-05-15T00:00:00+00:00"", ""valid_to"": null, ""confidence"": 1.0}",2026-09-01T12:36:16.073470
edge-736,dev:olt-xg08,port:olt-xg08:x1/1,HAS_PORT,"{""source"": ""config_backup"", ""method"": ""config_parse"", ""observed_at"": ""2026-05-15T00:00:00+00:00"", ""valid_from"": ""2026-05-15T00:00:00+00:00"", ""valid_to"": null, ""confidence"": 1.0}",2026-09-01T12:36:16.073572
edge-737,dev:olt-xg08,port:olt-xg08:p1/0,HAS_PORT,"{""source"": ""config_backup"", ""method"": ""config_parse"", ""observed_at"": ""2026-05-15T00:00:00+00:00"", ""valid_from"": ""2026-05-15T00:00:00+00:00"", ""valid_to"": null, ""confidence"": 1.0}",2026-09-01T12:36:16.073625
edge-738,dev:olt-xg08,port:olt-xg08:p1/1,HAS_PORT,"{""source"": ""config_backup"", ""method"": ""config_parse"", ""observed_at"": ""2026-05-15T00:00:00+00:00"", ""valid_from"": ""2026-05-15T00:00:00+00:00"", ""valid_to"": null, ""confidence"": 1.0}",2026-09-01T12:36:16.073710
edge-739,dev:olt-xg08,port:olt-xg08:p1/2,HAS_PORT,"{""source"": ""config_backup"", ""method"": ""config_parse"", ""observed_at"": ""2026-05-15T00:00:00+00:00"", ""valid_from"": ""2026-05-15T00:00:00+00:00"", ""valid_to"": null, ""confidence"": 1.0}",2026-09-01T12:36:16.073757
edge-740,dev:olt-xg08,port:olt-xg08:p1/3,HAS_PORT,"{""source"": ""config_backup"", ""method"": ""config_parse"", ""observed_at"": ""2026-05-15T00:00:00+00:00"", ""valid_from"": ""2026-05-15T00:00:00+00:00"", ""valid_to"": null, ""confidence"": 1.0}",2026-09-01T12:36:16.073802
edge-741,port:olt-xg08:x1/0,link:olt-xg08:x1/0--acx-25:xe-0/0/0,TERMINATES,"{""link_end"": ""a"", ""source"": ""nms"", ""method"": ""lldp"", ""observed_at"": ""2026-05-15T00:00:00+00:00"", ""valid_from"": ""2026-05-15T00:00:00+00:00"", ""valid_to"": null, ""confidence"": 1.0}",2026-09-01T12:36:16.073850
edge-742,port:acx-25:xe-0/0/0,link:olt-xg08:x1/0--acx-25:xe-0/0/0,TERMINATES,"{""link_end"": ""z"", ""source"": ""nms"", ""method"": ""lldp"", ""observed_at"": ""2026-05-15T00:00:00+00:00"", ""valid_from"": ""2026-05-15T00:00:00+00:00"", ""valid_to"": null, ""confidence"": 1.0}",2026-09-01T12:36:16.073921
edge-743,port:olt-xg08:p1/0,pon:olt-xg08-0,SERVES,"{""source"": ""calix_export"", ""method"": ""vendor_export"", ""observed_at"": ""2026-05-15T00:00:00+00:00"", ""valid_from"": ""2026-05-15T00:00:00+00:00"", ""valid_to"": null, ""confidence"": 1.0}",2026-09-01T12:36:16.073971
edge-744,pon:olt-xg08-0,spl:olt-xg08-0,FEEDS,"{""source"": ""osp_records"", ""method"": ""manual"", ""observed_at"": ""2026-05-15T00:00:00+00:00"", ""valid_from"": ""2026-05-15T00:00:00+00:00"", ""valid_to"": null, ""confidence"": 0.8}",2026-09-01T12:36:16.074020
edge-745,port:olt-xg08:p1/1,pon:olt-xg08-1,SERVES,"{""source"": ""calix_export"", ""method"": ""vendor_export"", ""observed_at"": ""2026-05-15T00:00:00+00:00"", ""valid_from"": ""2026-05-15T00:00:00+00:00"", ""valid_to"": null, ""confidence"": 1.0}",2026-09-01T12:36:16.074070
edge-746,pon:olt-xg08-1,spl:olt-xg08-1,FEEDS,"{""source"": ""osp_records"", ""method"": ""manual"", ""observed_at"": ""2026-05-15T00:00:00+00:00"", ""valid_from"": ""2026-05-15T00:00:00+00:00"", ""valid_to"": null, ""confidence"": 0.8}",2026-09-01T12:36:16.074186
edge-747,port:olt-xg08:p1/2,pon:olt-xg08-2,SERVES,"{""source"": ""calix_export"", ""method"": ""vendor_export"", ""observed_at"": ""2026-05-15T00:00:00+00:00"", ""valid_from"": ""2026-05-15T00:00:00+00:00"", ""valid_to"": null, ""confidence"": 1.0}",2026-09-01T12:36:16.074235
edge-748,pon:olt-xg08-2,spl:olt-xg08-2,FEEDS,"{""source"": ""osp_records"", ""method"": ""manual"", ""observed_at"": ""2026-05-15T00:00:00+00:00"", ""valid_from"": ""2026-05-15T00:00:00+00:00"", ""valid_to"": null, ""confidence"": 0.8}",2026-09-01T12:36:16.074282
edge-749,port:olt-xg08:p1/3,pon:olt-xg08-3,SERVES,"{""source"": ""calix_export"", ""method"": ""vendor_export"", ""observed_at"": ""2026-05-15T00:00:00+00:00"", ""valid_from"": ""2026-05-15T00:00:00+00:00"", ""valid_to"": null, ""confidence"": 1.0}",2026-09-01T12:36:16.074327
edge-750,pon:olt-xg08-3,spl:olt-xg08-3,FEEDS,"{""source"": ""osp_records"", ""method"": ""manual"", ""observed_at"": ""2026-05-15T00:00:00+00:00"", ""valid_from"": ""2026-05-15T00:00:00+00:00"", ""valid_to"": null, ""confidence"": 0.8}",2026-09-01T12:36:16.074383
edge-751,site:07,dev:olt-xg09,CONTAINS,"{""source"": ""inventory_review"", ""method"": ""vendor_export"", ""observed_at"": ""2026-05-15T00:00:00+00:00"", ""valid_from"": ""2026-05-15T00:00:00+00:00"", ""valid_to"": null, ""confidence"": 1.0}",2026-09-01T12:36:16.074432
edge-752,dev:olt-xg09,sw:axos-R26.1.0,RUNS,"{""source"": ""inventory_review"", ""method"": ""vendor_export"", ""observed_at"": ""2026-05-15T00:00:00+00:00"", ""valid_from"": ""2026-05-15T00:00:00+00:00"", ""valid_to"": null, ""confidence"": 1.0}",2026-09-01T12:36:16.074478
edge-753,dev:olt-xg09,port:olt-xg09:x1/0,HAS_PORT,"{""source"": ""config_backup"", ""method"": ""config_parse"", ""observed_at"": ""2026-05-15T00:00:00+00:00"", ""valid_from"": ""2026-05-15T00:00:00+00:00"", ""valid_to"": null, ""confidence"": 1.0}",2026-09-01T12:36:16.074573
edge-754,dev:olt-xg09,port:olt-xg09:x1/1,HAS_PORT,"{""source"": ""config_backup"", ""method"": ""config_parse"", ""observed_at"": ""2026-05-15T00:00:00+00:00"", ""valid_from"": ""2026-05-15T00:00:00+00:00"", ""valid_to"": null, ""confidence"": 1.0}",2026-09-01T12:36:16.074627
edge-755,dev:olt-xg09,port:olt-xg09:p1/0,HAS_PORT,"{""source"": ""config_backup"", ""method"": ""config_parse"", ""observed_at"": ""2026-05-15T00:00:00+00:00"", ""valid_from"": ""2026-05-15T00:00:00+00:00"", ""valid_to"": null, ""confidence"": 1.0}",2026-09-01T12:36:16.074673
edge-756,dev:olt-xg09,port:olt-xg09:p1/1,HAS_PORT,"{""source"": ""config_backup"", ""method"": ""config_parse"", ""observed_at"": ""2026-05-15T00:00:00+00:00"", ""valid_from"": ""2026-05-15T00:00:00+00:00"", ""valid_to"": null, ""confidence"": 1.0}",2026-09-01T12:36:16.074727
edge-757,dev:olt-xg09,port:olt-xg09:p1/2,HAS_PORT,"{""source"": ""config_backup"", ""method"": ""config_parse"", ""observed_at"": ""2026-05-15T00:00:00+00:00"", ""valid_from"": ""2026-05-15T00:00:00+00:00"", ""valid_to"": null, ""confidence"": 1.0}",2026-09-01T12:36:16.074774
edge-758,dev:olt-xg09,port:olt-xg09:p1/3,HAS_PORT,"{""source"": ""config_backup"", ""method"": ""config_parse"", ""observed_at"": ""2026-05-15T00:00:00+00:00"", ""valid_from"": ""2026-05-15T00:00:00+00:00"", ""valid_to"": null, ""confidence"": 1.0}",2026-09-01T12:36:16.074912
edge-759,port:olt-xg09:x1/0,link:olt-xg09:x1/0--acx-28:xe-0/0/1,TERMINATES,"{""link_end"": ""a"", ""source"": ""nms"", ""method"": ""lldp"", ""observed_at"": ""2026-05-15T00:00:00+00:00"", ""valid_from"": ""2026-05-15T00:00:00+00:00"", ""valid_to"": null, ""confidence"": 1.0}",2026-09-01T12:36:16.075013
edge-760,port:acx-28:xe-0/0/1,link:olt-xg09:x1/0--acx-28:xe-0/0/1,TERMINATES,"{""link_end"": ""z"", ""source"": ""nms"", ""method"": ""lldp"", ""observed_at"": ""2026-05-15T00:00:00+00:00"", ""valid_from"": ""2026-05-15T00:00:00+00:00"", ""valid_to"": null, ""confidence"": 1.0}",2026-09-01T12:36:16.075089
edge-761,port:olt-xg09:p1/0,pon:olt-xg09-0,SERVES,"{""source"": ""calix_export"", ""method"": ""vendor_export"", ""observed_at"": ""2026-05-15T00:00:00+00:00"", ""valid_from"": ""2026-05-15T00:00:00+00:00"", ""valid_to"": null, ""confidence"": 1.0}",2026-09-01T12:36:16.075146
edge-762,pon:olt-xg09-0,spl:olt-xg09-0,FEEDS,"{""source"": ""osp_records"", ""method"": ""manual"", ""observed_at"": ""2026-05-15T00:00:00+00:00"", ""valid_from"": ""2026-05-15T00:00:00+00:00"", ""valid_to"": null, ""confidence"": 0.8}",2026-09-01T12:36:16.075212
edge-763,port:olt-xg09:p1/1,pon:olt-xg09-1,SERVES,"{""source"": ""calix_export"", ""method"": ""vendor_export"", ""observed_at"": ""2026-05-15T00:00:00+00:00"", ""valid_from"": ""2026-05-15T00:00:00+00:00"", ""valid_to"": null, ""confidence"": 1.0}",2026-09-01T12:36:16.075275
edge-764,pon:olt-xg09-1,spl:olt-xg09-1,FEEDS,"{""source"": ""osp_records"", ""method"": ""manual"", ""observed_at"": ""2026-05-15T00:00:00+00:00"", ""valid_from"": ""2026-05-15T00:00:00+00:00"", ""valid_to"": null, ""confidence"": 0.8}",2026-09-01T12:36:16.075328
edge-765,port:olt-xg09:p1/2,pon:olt-xg09-2,SERVES,"{""source"": ""calix_export"", ""method"": ""vendor_export"", ""observed_at"": ""2026-05-15T00:00:00+00:00"", ""valid_from"": ""2026-05-15T00:00:00+00:00"", ""valid_to"": null, ""confidence"": 1.0}",2026-09-01T12:36:16.075456
edge-766,pon:olt-xg09-2,spl:olt-xg09-2,FEEDS,"{""source"": ""osp_records"", ""method"": ""manual"", ""observed_at"": ""2026-05-15T00:00:00+00:00"", ""valid_from"": ""2026-05-15T00:00:00+00:00"", ""valid_to"": null, ""confidence"": 0.8}",2026-09-01T12:36:16.075543
edge-767,port:olt-xg09:p1/3,pon:olt-xg09-3,SERVES,"{""source"": ""calix_export"", ""method"": ""vendor_export"", ""observed_at"": ""2026-05-15T00:00:00+00:00"", ""valid_from"": ""2026-05-15T00:00:00+00:00"", ""valid_to"": null, ""confidence"": 1.0}",2026-09-01T12:36:16.075604
edge-768,pon:olt-xg09-3,spl:olt-xg09-3,FEEDS,"{""source"": ""osp_records"", ""method"": ""manual"", ""observed_at"": ""2026-05-15T00:00:00+00:00"", ""valid_from"": ""2026-05-15T00:00:00+00:00"", ""valid_to"": null, ""confidence"": 0.8}",2026-09-01T12:36:16.075657
edge-769,site:10,dev:olt-xg10,CONTAINS,"{""source"": ""inventory_review"", ""method"": ""vendor_export"", ""observed_at"": ""2026-05-15T00:00:00+00:00"", ""valid_from"": ""2026-05-15T00:00:00+00:00"", ""valid_to"": null, ""confidence"": 1.0}",2026-09-01T12:36:16.075706
edge-770,dev:olt-xg10,sw:axos-R26.1.0,RUNS,"{""source"": ""inventory_review"", ""method"": ""vendor_export"", ""observed_at"": ""2026-05-15T00:00:00+00:00"", ""valid_from"": ""2026-05-15T00:00:00+00:00"", ""valid_to"": null, ""confidence"": 1.0}",2026-09-01T12:36:16.075762
edge-771,dev:olt-xg10,port:olt-xg10:x1/0,HAS_PORT,"{""source"": ""config_backup"", ""method"": ""config_parse"", ""observed_at"": ""2026-05-15T00:00:00+00:00"", ""valid_from"": ""2026-05-15T00:00:00+00:00"", ""valid_to"": null, ""confidence"": 1.0}",2026-09-01T12:36:16.075888
edge-772,dev:olt-xg10,port:olt-xg10:x1/1,HAS_PORT,"{""source"": ""config_backup"", ""method"": ""config_parse"", ""observed_at"": ""2026-05-15T00:00:00+00:00"", ""valid_from"": ""2026-05-15T00:00:00+00:00"", ""valid_to"": null, ""confidence"": 1.0}",2026-09-01T12:36:16.075954
edge-773,dev:olt-xg10,port:olt-xg10:p1/0,HAS_PORT,"{""source"": ""config_backup"", ""method"": ""config_parse"", ""observed_at"": ""2026-05-15T00:00:00+00:00"", ""valid_from"": ""2026-05-15T00:00:00+00:00"", ""valid_to"": null, ""confidence"": 1.0}",2026-09-01T12:36:16.076017
edge-774,dev:olt-xg10,port:olt-xg10:p1/1,HAS_PORT,"{""source"": ""config_backup"", ""method"": ""config_parse"", ""observed_at"": ""2026-05-15T00:00:00+00:00"", ""valid_from"": ""2026-05-15T00:00:00+00:00"", ""valid_to"": null, ""confidence"": 1.0}",2026-09-01T12:36:16.076145
edge-775,dev:olt-xg10,port:olt-xg10:p1/2,HAS_PORT,"{""source"": ""config_backup"", ""method"": ""config_parse"", ""observed_at"": ""2026-05-15T00:00:00+00:00"", ""valid_from"": ""2026-05-15T00:00:00+00:00"", ""valid_to"": null, ""confidence"": 1.0}",2026-09-01T12:36:16.076265
edge-776,dev:olt-xg10,port:olt-xg10:p1/3,HAS_PORT,"{""source"": ""config_backup"", ""method"": ""config_parse"", ""observed_at"": ""2026-05-15T00:00:00+00:00"", ""valid_from"": ""2026-05-15T00:00:00+00:00"", ""valid_to"": null, ""confidence"": 1.0}",2026-09-01T12:36:16.076331
edge-777,port:olt-xg10:x1/0,link:olt-xg10:x1/0--acx-31:xe-0/0/2,TERMINATES,"{""link_end"": ""a"", ""source"": ""nms"", ""method"": ""lldp"", ""observed_at"": ""2026-05-15T00:00:00+00:00"", ""valid_from"": ""2026-05-15T00:00:00+00:00"", ""valid_to"": null, ""confidence"": 1.0}",2026-09-01T12:36:16.076466
edge-778,port:acx-31:xe-0/0/2,link:olt-xg10:x1/0--acx-31:xe-0/0/2,TERMINATES,"{""link_end"": ""z"", ""source"": ""nms"", ""method"": ""lldp"", ""observed_at"": ""2026-05-15T00:00:00+00:00"", ""valid_from"": ""2026-05-15T00:00:00+00:00"", ""valid_to"": null, ""confidence"": 1.0}",2026-09-01T12:36:16.076584
edge-779,port:olt-xg10:p1/0,pon:olt-xg10-0,SERVES,"{""source"": ""calix_export"", ""method"": ""vendor_export"", ""observed_at"": ""2026-05-15T00:00:00+00:00"", ""valid_from"": ""2026-05-15T00:00:00+00:00"", ""valid_to"": null, ""confidence"": 1.0}",2026-09-01T12:36:16.076667
edge-780,pon:olt-xg10-0,spl:olt-xg10-0,FEEDS,"{""source"": ""osp_records"", ""method"": ""manual"", ""observed_at"": ""2026-05-15T00:00:00+00:00"", ""valid_from"": ""2026-05-15T00:00:00+00:00"", ""valid_to"": null, ""confidence"": 0.8}",2026-09-01T12:36:16.076744
edge-781,port:olt-xg10:p1/1,pon:olt-xg10-1,SERVES,"{""source"": ""calix_export"", ""method"": ""vendor_export"", ""observed_at"": ""2026-05-15T00:00:00+00:00"", ""valid_from"": ""2026-05-15T00:00:00+00:00"", ""valid_to"": null, ""confidence"": 1.0}",2026-09-01T12:36:16.077180
edge-782,pon:olt-xg10-1,spl:olt-xg10-1,FEEDS,"{""source"": ""osp_records"", ""method"": ""manual"", ""observed_at"": ""2026-05-15T00:00:00+00:00"", ""valid_from"": ""2026-05-15T00:00:00+00:00"", ""valid_to"": null, ""confidence"": 0.8}",2026-09-01T12:36:16.078156
edge-783,port:olt-xg10:p1/2,pon:olt-xg10-2,SERVES,"{""source"": ""calix_export"", ""method"": ""vendor_export"", ""observed_at"": ""2026-05-15T00:00:00+00:00"", ""valid_from"": ""2026-05-15T00:00:00+00:00"", ""valid_to"": null, ""confidence"": 1.0}",2026-09-01T12:36:16.078450
edge-784,pon:olt-xg10-2,spl:olt-xg10-2,FEEDS,"{""source"": ""osp_records"", ""method"": ""manual"", ""observed_at"": ""2026-05-15T00:00:00+00:00"", ""valid_from"": ""2026-05-15T00:00:00+00:00"", ""valid_to"": null, ""confidence"": 0.8}",2026-09-01T12:36:16.078530
edge-785,port:olt-xg10:p1/3,pon:olt-xg10-3,SERVES,"{""source"": ""calix_export"", ""method"": ""vendor_export"", ""observed_at"": ""2026-05-15T00:00:00+00:00"", ""valid_from"": ""2026-05-15T00:00:00+00:00"", ""valid_to"": null, ""confidence"": 1.0}",2026-09-01T12:36:16.078595
edge-786,pon:olt-xg10-3,spl:olt-xg10-3,FEEDS,"{""source"": ""osp_records"", ""method"": ""manual"", ""observed_at"": ""2026-05-15T00:00:00+00:00"", ""valid_from"": ""2026-05-15T00:00:00+00:00"", ""valid_to"": null, ""confidence"": 0.8}",2026-09-01T12:36:16.078647
edge-787,site:05,dev:olt-xg11,CONTAINS,"{""source"": ""inventory_review"", ""method"": ""vendor_export"", ""observed_at"": ""2026-05-15T00:00:00+00:00"", ""valid_from"": ""2026-05-15T00:00:00+00:00"", ""valid_to"": null, ""confidence"": 1.0}",2026-09-01T12:36:16.078696
edge-788,dev:olt-xg11,sw:axos-R26.1.0,RUNS,"{""source"": ""inventory_review"", ""method"": ""vendor_export"", ""observed_at"": ""2026-05-15T00:00:00+00:00"", ""valid_from"": ""2026-05-15T00:00:00+00:00"", ""valid_to"": null, ""confidence"": 1.0}",2026-09-01T12:36:16.078740
edge-789,dev:olt-xg11,port:olt-xg11:x1/0,HAS_PORT,"{""source"": ""config_backup"", ""method"": ""config_parse"", ""observed_at"": ""2026-05-15T00:00:00+00:00"", ""valid_from"": ""2026-05-15T00:00:00+00:00"", ""valid_to"": null, ""confidence"": 1.0}",2026-09-01T12:36:16.078844
edge-790,dev:olt-xg11,port:olt-xg11:x1/1,HAS_PORT,"{""source"": ""config_backup"", ""method"": ""config_parse"", ""observed_at"": ""2026-05-15T00:00:00+00:00"", ""valid_from"": ""2026-05-15T00:00:00+00:00"", ""valid_to"": null, ""confidence"": 1.0}",2026-09-01T12:36:16.078927
edge-791,dev:olt-xg11,port:olt-xg11:p1/0,HAS_PORT,"{""source"": ""config_backup"", ""method"": ""config_parse"", ""observed_at"": ""2026-05-15T00:00:00+00:00"", ""valid_from"": ""2026-05-15T00:00:00+00:00"", ""valid_to"": null, ""confidence"": 1.0}",2026-09-01T12:36:16.078984
edge-792,dev:olt-xg11,port:olt-xg11:p1/1,HAS_PORT,"{""source"": ""config_backup"", ""method"": ""config_parse"", ""observed_at"": ""2026-05-15T00:00:00+00:00"", ""valid_from"": ""2026-05-15T00:00:00+00:00"", ""valid_to"": null, ""confidence"": 1.0}",2026-09-01T12:36:16.079029
edge-793,dev:olt-xg11,port:olt-xg11:p1/2,HAS_PORT,"{""source"": ""config_backup"", ""method"": ""config_parse"", ""observed_at"": ""2026-05-15T00:00:00+00:00"", ""valid_from"": ""2026-05-15T00:00:00+00:00"", ""valid_to"": null, ""confidence"": 1.0}",2026-09-01T12:36:16.079201
edge-794,dev:olt-xg11,port:olt-xg11:p1/3,HAS_PORT,"{""source"": ""config_backup"", ""method"": ""config_parse"", ""observed_at"": ""2026-05-15T00:00:00+00:00"", ""valid_from"": ""2026-05-15T00:00:00+00:00"", ""valid_to"": null, ""confidence"": 1.0}",2026-09-01T12:36:16.079308
edge-795,port:olt-xg11:x1/0,link:olt-xg11:x1/0--acx-34:xe-0/0/3,TERMINATES,"{""link_end"": ""a"", ""source"": ""nms"", ""method"": ""lldp"", ""observed_at"": ""2026-05-15T00:00:00+00:00"", ""valid_from"": ""2026-05-15T00:00:00+00:00"", ""valid_to"": null, ""confidence"": 1.0}",2026-09-01T12:36:16.079351
edge-796,port:acx-34:xe-0/0/3,link:olt-xg11:x1/0--acx-34:xe-0/0/3,TERMINATES,"{""link_end"": ""z"", ""source"": ""nms"", ""method"": ""lldp"", ""observed_at"": ""2026-05-15T00:00:00+00:00"", ""valid_from"": ""2026-05-15T00:00:00+00:00"", ""valid_to"": null, ""confidence"": 1.0}",2026-09-01T12:36:16.079380
edge-797,port:olt-xg11:p1/0,pon:olt-xg11-0,SERVES,"{""source"": ""calix_export"", ""method"": ""vendor_export"", ""observed_at"": ""2026-05-15T00:00:00+00:00"", ""valid_from"": ""2026-05-15T00:00:00+00:00"", ""valid_to"": null, ""confidence"": 1.0}",2026-09-01T12:36:16.079407
edge-798,pon:olt-xg11-0,spl:olt-xg11-0,FEEDS,"{""source"": ""osp_records"", ""method"": ""manual"", ""observed_at"": ""2026-05-15T00:00:00+00:00"", ""valid_from"": ""2026-05-15T00:00:00+00:00"", ""valid_to"": null, ""confidence"": 0.8}",2026-09-01T12:36:16.079434
edge-799,port:olt-xg11:p1/1,pon:olt-xg11-1,SERVES,"{""source"": ""calix_export"", ""method"": ""vendor_export"", ""observed_at"": ""2026-05-15T00:00:00+00:00"", ""valid_from"": ""2026-05-15T00:00:00+00:00"", ""valid_to"": null, ""confidence"": 1.0}",2026-09-01T12:36:16.079459
edge-800,pon:olt-xg11-1,spl:olt-xg11-1,FEEDS,"{""source"": ""osp_records"", ""method"": ""manual"", ""observed_at"": ""2026-05-15T00:00:00+00:00"", ""valid_from"": ""2026-05-15T00:00:00+00:00"", ""valid_to"": null, ""confidence"": 0.8}",2026-09-01T12:36:16.079485
edge-801,port:olt-xg11:p1/2,pon:olt-xg11-2,SERVES,"{""source"": ""calix_export"", ""method"": ""vendor_export"", ""observed_at"": ""2026-05-15T00:00:00+00:00"", ""valid_from"": ""2026-05-15T00:00:00+00:00"", ""valid_to"": null, ""confidence"": 1.0}",2026-09-01T12:36:16.079511
edge-802,pon:olt-xg11-2,spl:olt-xg11-2,FEEDS,"{""source"": ""osp_records"", ""method"": ""manual"", ""observed_at"": ""2026-05-15T00:00:00+00:00"", ""valid_from"": ""2026-05-15T00:00:00+00:00"", ""valid_to"": null, ""confidence"": 0.8}",2026-09-01T12:36:16.079544
edge-803,port:olt-xg11:p1/3,pon:olt-xg11-3,SERVES,"{""source"": ""calix_export"", ""method"": ""vendor_export"", ""observed_at"": ""2026-05-15T00:00:00+00:00"", ""valid_from"": ""2026-05-15T00:00:00+00:00"", ""valid_to"": null, ""confidence"": 1.0}",2026-09-01T12:36:16.079585
edge-804,pon:olt-xg11-3,spl:olt-xg11-3,FEEDS,"{""source"": ""osp_records"", ""method"": ""manual"", ""observed_at"": ""2026-05-15T00:00:00+00:00"", ""valid_from"": ""2026-05-15T00:00:00+00:00"", ""valid_to"": null, ""confidence"": 0.8}",2026-09-01T12:36:16.079699
edge-805,site:08,dev:olt-xg12,CONTAINS,"{""source"": ""inventory_review"", ""method"": ""vendor_export"", ""observed_at"": ""2026-05-15T00:00:00+00:00"", ""valid_from"": ""2026-05-15T00:00:00+00:00"", ""valid_to"": null, ""confidence"": 1.0}",2026-09-01T12:36:16.079752
edge-806,dev:olt-xg12,sw:axos-R26.1.0,RUNS,"{""source"": ""inventory_review"", ""method"": ""vendor_export"", ""observed_at"": ""2026-05-15T00:00:00+00:00"", ""valid_from"": ""2026-05-15T00:00:00+00:00"", ""valid_to"": null, ""confidence"": 1.0}",2026-09-01T12:36:16.079813
edge-807,dev:olt-xg12,port:olt-xg12:x1/0,HAS_PORT,"{""source"": ""config_backup"", ""method"": ""config_parse"", ""observed_at"": ""2026-05-15T00:00:00+00:00"", ""valid_from"": ""2026-05-15T00:00:00+00:00"", ""valid_to"": null, ""confidence"": 1.0}",2026-09-01T12:36:16.079873
edge-808,dev:olt-xg12,port:olt-xg12:x1/1,HAS_PORT,"{""source"": ""config_backup"", ""method"": ""config_parse"", ""observed_at"": ""2026-05-15T00:00:00+00:00"", ""valid_from"": ""2026-05-15T00:00:00+00:00"", ""valid_to"": null, ""confidence"": 1.0}",2026-09-01T12:36:16.079912
edge-809,dev:olt-xg12,port:olt-xg12:p1/0,HAS_PORT,"{""source"": ""config_backup"", ""method"": ""config_parse"", ""observed_at"": ""2026-05-15T00:00:00+00:00"", ""valid_from"": ""2026-05-15T00:00:00+00:00"", ""valid_to"": null, ""confidence"": 1.0}",2026-09-01T12:36:16.079953
edge-810,dev:olt-xg12,port:olt-xg12:p1/1,HAS_PORT,"{""source"": ""config_backup"", ""method"": ""config_parse"", ""observed_at"": ""2026-05-15T00:00:00+00:00"", ""valid_from"": ""2026-05-15T00:00:00+00:00"", ""valid_to"": null, ""confidence"": 1.0}",2026-09-01T12:36:16.079990
edge-811,dev:olt-xg12,port:olt-xg12:p1/2,HAS_PORT,"{""source"": ""config_backup"", ""method"": ""config_parse"", ""observed_at"": ""2026-05-15T00:00:00+00:00"", ""valid_from"": ""2026-05-15T00:00:00+00:00"", ""valid_to"": null, ""confidence"": 1.0}",2026-09-01T12:36:16.080034
edge-812,dev:olt-xg12,port:olt-xg12:p1/3,HAS_PORT,"{""source"": ""config_backup"", ""method"": ""config_parse"", ""observed_at"": ""2026-05-15T00:00:00+00:00"", ""valid_from"": ""2026-05-15T00:00:00+00:00"", ""valid_to"": null, ""confidence"": 1.0}",2026-09-01T12:36:16.080477
edge-813,port:olt-xg12:x1/0,link:olt-xg12:x1/0--acx-37:xe-0/0/0,TERMINATES,"{""link_end"": ""a"", ""source"": ""nms"", ""method"": ""lldp"", ""observed_at"": ""2026-05-15T00:00:00+00:00"", ""valid_from"": ""2026-05-15T00:00:00+00:00"", ""valid_to"": null, ""confidence"": 1.0}",2026-09-01T12:36:16.080567
edge-814,port:acx-37:xe-0/0/0,link:olt-xg12:x1/0--acx-37:xe-0/0/0,TERMINATES,"{""link_end"": ""z"", ""source"": ""nms"", ""method"": ""lldp"", ""observed_at"": ""2026-05-15T00:00:00+00:00"", ""valid_from"": ""2026-05-15T00:00:00+00:00"", ""valid_to"": null, ""confidence"": 1.0}",2026-09-01T12:36:16.080622
edge-815,port:olt-xg12:p1/0,pon:olt-xg12-0,SERVES,"{""source"": ""calix_export"", ""method"": ""vendor_export"", ""observed_at"": ""2026-05-15T00:00:00+00:00"", ""valid_from"": ""2026-05-15T00:00:00+00:00"", ""valid_to"": null, ""confidence"": 1.0}",2026-09-01T12:36:16.080687
edge-816,pon:olt-xg12-0,spl:olt-xg12-0,FEEDS,"{""source"": ""osp_records"", ""method"": ""manual"", ""observed_at"": ""2026-05-15T00:00:00+00:00"", ""valid_from"": ""2026-05-15T00:00:00+00:00"", ""valid_to"": null, ""confidence"": 0.8}",2026-09-01T12:36:16.080741
edge-817,port:olt-xg12:p1/1,pon:olt-xg12-1,SERVES,"{""source"": ""calix_export"", ""method"": ""vendor_export"", ""observed_at"": ""2026-05-15T00:00:00+00:00"", ""valid_from"": ""2026-05-15T00:00:00+00:00"", ""valid_to"": null, ""confidence"": 1.0}",2026-09-01T12:36:16.080804
edge-818,pon:olt-xg12-1,spl:olt-xg12-1,FEEDS,"{""source"": ""osp_records"", ""method"": ""manual"", ""observed_at"": ""2026-05-15T00:00:00+00:00"", ""valid_from"": ""2026-05-15T00:00:00+00:00"", ""valid_to"": null, ""confidence"": 0.8}",2026-09-01T12:36:16.080865
edge-819,port:olt-xg12:p1/2,pon:olt-xg12-2,SERVES,"{""source"": ""calix_export"", ""method"": ""vendor_export"", ""observed_at"": ""2026-05-15T00:00:00+00:00"", ""valid_from"": ""2026-05-15T00:00:00+00:00"", ""valid_to"": null, ""confidence"": 1.0}",2026-09-01T12:36:16.080912
edge-820,pon:olt-xg12-2,spl:olt-xg12-2,FEEDS,"{""source"": ""osp_records"", ""method"": ""manual"", ""observed_at"": ""2026-05-15T00:00:00+00:00"", ""valid_from"": ""2026-05-15T00:00:00+00:00"", ""valid_to"": null, ""confidence"": 0.8}",2026-09-01T12:36:16.080955
edge-821,port:olt-xg12:p1/3,pon:olt-xg12-3,SERVES,"{""source"": ""calix_export"", ""method"": ""vendor_export"", ""observed_at"": ""2026-05-15T00:00:00+00:00"", ""valid_from"": ""2026-05-15T00:00:00+00:00"", ""valid_to"": null, ""confidence"": 1.0}",2026-09-01T12:36:16.081035
edge-822,pon:olt-xg12-3,spl:olt-xg12-3,FEEDS,"{""source"": ""osp_records"", ""method"": ""manual"", ""observed_at"": ""2026-05-15T00:00:00+00:00"", ""valid_from"": ""2026-05-15T00:00:00+00:00"", ""valid_to"": null, ""confidence"": 0.8}",2026-09-01T12:36:16.081061
edge-823,site:03,dev:olt-xg13,CONTAINS,"{""source"": ""inventory_review"", ""method"": ""vendor_export"", ""observed_at"": ""2026-05-15T00:00:00+00:00"", ""valid_from"": ""2026-05-15T00:00:00+00:00"", ""valid_to"": null, ""confidence"": 1.0}",2026-09-01T12:36:16.081093
edge-824,dev:olt-xg13,sw:axos-R26.1.0,RUNS,"{""source"": ""inventory_review"", ""method"": ""vendor_export"", ""observed_at"": ""2026-05-15T00:00:00+00:00"", ""valid_from"": ""2026-05-15T00:00:00+00:00"", ""valid_to"": null, ""confidence"": 1.0}",2026-09-01T12:36:16.081145
edge-825,dev:olt-xg13,port:olt-xg13:x1/0,HAS_PORT,"{""source"": ""config_backup"", ""method"": ""config_parse"", ""observed_at"": ""2026-05-15T00:00:00+00:00"", ""valid_from"": ""2026-05-15T00:00:00+00:00"", ""valid_to"": null, ""confidence"": 1.0}",2026-09-01T12:36:16.081201
edge-826,dev:olt-xg13,port:olt-xg13:x1/1,HAS_PORT,"{""source"": ""config_backup"", ""method"": ""config_parse"", ""observed_at"": ""2026-05-15T00:00:00+00:00"", ""valid_from"": ""2026-05-15T00:00:00+00:00"", ""valid_to"": null, ""confidence"": 1.0}",2026-09-01T12:36:16.081232
edge-827,dev:olt-xg13,port:olt-xg13:p1/0,HAS_PORT,"{""source"": ""config_backup"", ""method"": ""config_parse"", ""observed_at"": ""2026-05-15T00:00:00+00:00"", ""valid_from"": ""2026-05-15T00:00:00+00:00"", ""valid_to"": null, ""confidence"": 1.0}",2026-09-01T12:36:16.081259
edge-828,dev:olt-xg13,port:olt-xg13:p1/1,HAS_PORT,"{""source"": ""config_backup"", ""method"": ""config_parse"", ""observed_at"": ""2026-05-15T00:00:00+00:00"", ""valid_from"": ""2026-05-15T00:00:00+00:00"", ""valid_to"": null, ""confidence"": 1.0}",2026-09-01T12:36:16.081285
edge-829,dev:olt-xg13,port:olt-xg13:p1/2,HAS_PORT,"{""source"": ""config_backup"", ""method"": ""config_parse"", ""observed_at"": ""2026-05-15T00:00:00+00:00"", ""valid_from"": ""2026-05-15T00:00:00+00:00"", ""valid_to"": null, ""confidence"": 1.0}",2026-09-01T12:36:16.081310
edge-830,dev:olt-xg13,port:olt-xg13:p1/3,HAS_PORT,"{""source"": ""config_backup"", ""method"": ""config_parse"", ""observed_at"": ""2026-05-15T00:00:00+00:00"", ""valid_from"": ""2026-05-15T00:00:00+00:00"", ""valid_to"": null, ""confidence"": 1.0}",2026-09-01T12:36:16.081337
edge-831,port:olt-xg13:x1/0,link:olt-xg13:x1/0--acx-40:xe-0/0/1,TERMINATES,"{""link_end"": ""a"", ""source"": ""nms"", ""method"": ""lldp"", ""observed_at"": ""2026-05-15T00:00:00+00:00"", ""valid_from"": ""2026-05-15T00:00:00+00:00"", ""valid_to"": null, ""confidence"": 1.0}",2026-09-01T12:36:16.081381
edge-832,port:acx-40:xe-0/0/1,link:olt-xg13:x1/0--acx-40:xe-0/0/1,TERMINATES,"{""link_end"": ""z"", ""source"": ""nms"", ""method"": ""lldp"", ""observed_at"": ""2026-05-15T00:00:00+00:00"", ""valid_from"": ""2026-05-15T00:00:00+00:00"", ""valid_to"": null, ""confidence"": 1.0}",2026-09-01T12:36:16.081457
edge-833,port:olt-xg13:p1/0,pon:olt-xg13-0,SERVES,"{""source"": ""calix_export"", ""method"": ""vendor_export"", ""observed_at"": ""2026-05-15T00:00:00+00:00"", ""valid_from"": ""2026-05-15T00:00:00+00:00"", ""valid_to"": null, ""confidence"": 1.0}",2026-09-01T12:36:16.081506
edge-834,pon:olt-xg13-0,spl:olt-xg13-0,FEEDS,"{""source"": ""osp_records"", ""method"": ""manual"", ""observed_at"": ""2026-05-15T00:00:00+00:00"", ""valid_from"": ""2026-05-15T00:00:00+00:00"", ""valid_to"": null, ""confidence"": 0.8}",2026-09-01T12:36:16.081573
edge-835,port:olt-xg13:p1/1,pon:olt-xg13-1,SERVES,"{""source"": ""calix_export"", ""method"": ""vendor_export"", ""observed_at"": ""2026-05-15T00:00:00+00:00"", ""valid_from"": ""2026-05-15T00:00:00+00:00"", ""valid_to"": null, ""confidence"": 1.0}",2026-09-01T12:36:16.081614
edge-836,pon:olt-xg13-1,spl:olt-xg13-1,FEEDS,"{""source"": ""osp_records"", ""method"": ""manual"", ""observed_at"": ""2026-05-15T00:00:00+00:00"", ""valid_from"": ""2026-05-15T00:00:00+00:00"", ""valid_to"": null, ""confidence"": 0.8}",2026-09-01T12:36:16.081660
edge-837,port:olt-xg13:p1/2,pon:olt-xg13-2,SERVES,"{""source"": ""calix_export"", ""method"": ""vendor_export"", ""observed_at"": ""2026-05-15T00:00:00+00:00"", ""valid_from"": ""2026-05-15T00:00:00+00:00"", ""valid_to"": null, ""confidence"": 1.0}",2026-09-01T12:36:16.081721
edge-838,pon:olt-xg13-2,spl:olt-xg13-2,FEEDS,"{""source"": ""osp_records"", ""method"": ""manual"", ""observed_at"": ""2026-05-15T00:00:00+00:00"", ""valid_from"": ""2026-05-15T00:00:00+00:00"", ""valid_to"": null, ""confidence"": 0.8}",2026-09-01T12:36:16.081764
edge-839,port:olt-xg13:p1/3,pon:olt-xg13-3,SERVES,"{""source"": ""calix_export"", ""method"": ""vendor_export"", ""observed_at"": ""2026-05-15T00:00:00+00:00"", ""valid_from"": ""2026-05-15T00:00:00+00:00"", ""valid_to"": null, ""confidence"": 1.0}",2026-09-01T12:36:16.081805
edge-840,pon:olt-xg13-3,spl:olt-xg13-3,FEEDS,"{""source"": ""osp_records"", ""method"": ""manual"", ""observed_at"": ""2026-05-15T00:00:00+00:00"", ""valid_from"": ""2026-05-15T00:00:00+00:00"", ""valid_to"": null, ""confidence"": 0.8}",2026-09-01T12:36:16.081835
edge-841,site:06,dev:olt-xg14,CONTAINS,"{""source"": ""inventory_review"", ""method"": ""vendor_export"", ""observed_at"": ""2026-05-15T00:00:00+00:00"", ""valid_from"": ""2026-05-15T00:00:00+00:00"", ""valid_to"": null, ""confidence"": 1.0}",2026-09-01T12:36:16.081929
edge-842,dev:olt-xg14,sw:axos-R26.1.0,RUNS,"{""source"": ""inventory_review"", ""method"": ""vendor_export"", ""observed_at"": ""2026-05-15T00:00:00+00:00"", ""valid_from"": ""2026-05-15T00:00:00+00:00"", ""valid_to"": null, ""confidence"": 1.0}",2026-09-01T12:36:16.081995
edge-843,dev:olt-xg14,port:olt-xg14:x1/0,HAS_PORT,"{""source"": ""config_backup"", ""method"": ""config_parse"", ""observed_at"": ""2026-05-15T00:00:00+00:00"", ""valid_from"": ""2026-05-15T00:00:00+00:00"", ""valid_to"": null, ""confidence"": 1.0}",2026-09-01T12:36:16.082036
edge-844,dev:olt-xg14,port:olt-xg14:x1/1,HAS_PORT,"{""source"": ""config_backup"", ""method"": ""config_parse"", ""observed_at"": ""2026-05-15T00:00:00+00:00"", ""valid_from"": ""2026-05-15T00:00:00+00:00"", ""valid_to"": null, ""confidence"": 1.0}",2026-09-01T12:36:16.082068
edge-845,dev:olt-xg14,port:olt-xg14:p1/0,HAS_PORT,"{""source"": ""config_backup"", ""method"": ""config_parse"", ""observed_at"": ""2026-05-15T00:00:00+00:00"", ""valid_from"": ""2026-05-15T00:00:00+00:00"", ""valid_to"": null, ""confidence"": 1.0}",2026-09-01T12:36:16.082119
edge-846,dev:olt-xg14,port:olt-xg14:p1/1,HAS_PORT,"{""source"": ""config_backup"", ""method"": ""config_parse"", ""observed_at"": ""2026-05-15T00:00:00+00:00"", ""valid_from"": ""2026-05-15T00:00:00+00:00"", ""valid_to"": null, ""confidence"": 1.0}",2026-09-01T12:36:16.082177
edge-847,dev:olt-xg14,port:olt-xg14:p1/2,HAS_PORT,"{""source"": ""config_backup"", ""method"": ""config_parse"", ""observed_at"": ""2026-05-15T00:00:00+00:00"", ""valid_from"": ""2026-05-15T00:00:00+00:00"", ""valid_to"": null, ""confidence"": 1.0}",2026-09-01T12:36:16.082238
edge-848,dev:olt-xg14,port:olt-xg14:p1/3,HAS_PORT,"{""source"": ""config_backup"", ""method"": ""config_parse"", ""observed_at"": ""2026-05-15T00:00:00+00:00"", ""valid_from"": ""2026-05-15T00:00:00+00:00"", ""valid_to"": null, ""confidence"": 1.0}",2026-09-01T12:36:16.082295
edge-849,port:olt-xg14:x1/0,link:olt-xg14:x1/0--acx-03:xe-0/0/2,TERMINATES,"{""link_end"": ""a"", ""source"": ""nms"", ""method"": ""lldp"", ""observed_at"": ""2026-05-15T00:00:00+00:00"", ""valid_from"": ""2026-05-15T00:00:00+00:00"", ""valid_to"": null, ""confidence"": 1.0}",2026-09-01T12:36:16.082433
edge-850,port:acx-03:xe-0/0/2,link:olt-xg14:x1/0--acx-03:xe-0/0/2,TERMINATES,"{""link_end"": ""z"", ""source"": ""nms"", ""method"": ""lldp"", ""observed_at"": ""2026-05-15T00:00:00+00:00"", ""valid_from"": ""2026-05-15T00:00:00+00:00"", ""valid_to"": null, ""confidence"": 1.0}",2026-09-01T12:36:16.082608
edge-851,port:olt-xg14:p1/0,pon:olt-xg14-0,SERVES,"{""source"": ""calix_export"", ""method"": ""vendor_export"", ""observed_at"": ""2026-05-15T00:00:00+00:00"", ""valid_from"": ""2026-05-15T00:00:00+00:00"", ""valid_to"": null, ""confidence"": 1.0}",2026-09-01T12:36:16.083145
edge-852,pon:olt-xg14-0,spl:olt-xg14-0,FEEDS,"{""source"": ""osp_records"", ""method"": ""manual"", ""observed_at"": ""2026-05-15T00:00:00+00:00"", ""valid_from"": ""2026-05-15T00:00:00+00:00"", ""valid_to"": null, ""confidence"": 0.8}",2026-09-01T12:36:16.083207
edge-853,port:olt-xg14:p1/1,pon:olt-xg14-1,SERVES,"{""source"": ""calix_export"", ""method"": ""vendor_export"", ""observed_at"": ""2026-05-15T00:00:00+00:00"", ""valid_from"": ""2026-05-15T00:00:00+00:00"", ""valid_to"": null, ""confidence"": 1.0}",2026-09-01T12:36:16.083317
edge-854,pon:olt-xg14-1,spl:olt-xg14-1,FEEDS,"{""source"": ""osp_records"", ""method"": ""manual"", ""observed_at"": ""2026-05-15T00:00:00+00:00"", ""valid_from"": ""2026-05-15T00:00:00+00:00"", ""valid_to"": null, ""confidence"": 0.8}",2026-09-01T12:36:16.083390
edge-855,port:olt-xg14:p1/2,pon:olt-xg14-2,SERVES,"{""source"": ""calix_export"", ""method"": ""vendor_export"", ""observed_at"": ""2026-05-15T00:00:00+00:00"", ""valid_from"": ""2026-05-15T00:00:00+00:00"", ""valid_to"": null, ""confidence"": 1.0}",2026-09-01T12:36:16.083647
edge-856,pon:olt-xg14-2,spl:olt-xg14-2,FEEDS,"{""source"": ""osp_records"", ""method"": ""manual"", ""observed_at"": ""2026-05-15T00:00:00+00:00"", ""valid_from"": ""2026-05-15T00:00:00+00:00"", ""valid_to"": null, ""confidence"": 0.8}",2026-09-01T12:36:16.083736
edge-857,port:olt-xg14:p1/3,pon:olt-xg14-3,SERVES,"{""source"": ""calix_export"", ""method"": ""vendor_export"", ""observed_at"": ""2026-05-15T00:00:00+00:00"", ""valid_from"": ""2026-05-15T00:00:00+00:00"", ""valid_to"": null, ""confidence"": 1.0}",2026-09-01T12:36:16.083800
edge-858,pon:olt-xg14-3,spl:olt-xg14-3,FEEDS,"{""source"": ""osp_records"", ""method"": ""manual"", ""observed_at"": ""2026-05-15T00:00:00+00:00"", ""valid_from"": ""2026-05-15T00:00:00+00:00"", ""valid_to"": null, ""confidence"": 0.8}",2026-09-01T12:36:16.083936
edge-859,site:09,dev:olt-xg15,CONTAINS,"{""source"": ""inventory_review"", ""method"": ""vendor_export"", ""observed_at"": ""2026-05-15T00:00:00+00:00"", ""valid_from"": ""2026-05-15T00:00:00+00:00"", ""valid_to"": null, ""confidence"": 1.0}",2026-09-01T12:36:16.084087
edge-860,dev:olt-xg15,sw:axos-R26.1.0,RUNS,"{""source"": ""inventory_review"", ""method"": ""vendor_export"", ""observed_at"": ""2026-05-15T00:00:00+00:00"", ""valid_from"": ""2026-05-15T00:00:00+00:00"", ""valid_to"": null, ""confidence"": 1.0}",2026-09-01T12:36:16.084419
edge-861,dev:olt-xg15,port:olt-xg15:x1/0,HAS_PORT,"{""source"": ""config_backup"", ""method"": ""config_parse"", ""observed_at"": ""2026-05-15T00:00:00+00:00"", ""valid_from"": ""2026-05-15T00:00:00+00:00"", ""valid_to"": null, ""confidence"": 1.0}",2026-09-01T12:36:16.084536
edge-862,dev:olt-xg15,port:olt-xg15:x1/1,HAS_PORT,"{""source"": ""config_backup"", ""method"": ""config_parse"", ""observed_at"": ""2026-05-15T00:00:00+00:00"", ""valid_from"": ""2026-05-15T00:00:00+00:00"", ""valid_to"": null, ""confidence"": 1.0}",2026-09-01T12:36:16.084667
edge-863,dev:olt-xg15,port:olt-xg15:p1/0,HAS_PORT,"{""source"": ""config_backup"", ""method"": ""config_parse"", ""observed_at"": ""2026-05-15T00:00:00+00:00"", ""valid_from"": ""2026-05-15T00:00:00+00:00"", ""valid_to"": null, ""confidence"": 1.0}",2026-09-01T12:36:16.084742
edge-864,dev:olt-xg15,port:olt-xg15:p1/1,HAS_PORT,"{""source"": ""config_backup"", ""method"": ""config_parse"", ""observed_at"": ""2026-05-15T00:00:00+00:00"", ""valid_from"": ""2026-05-15T00:00:00+00:00"", ""valid_to"": null, ""confidence"": 1.0}",2026-09-01T12:36:16.084809
edge-865,dev:olt-xg15,port:olt-xg15:p1/2,HAS_PORT,"{""source"": ""config_backup"", ""method"": ""config_parse"", ""observed_at"": ""2026-05-15T00:00:00+00:00"", ""valid_from"": ""2026-05-15T00:00:00+00:00"", ""valid_to"": null, ""confidence"": 1.0}",2026-09-01T12:36:16.084867
edge-866,dev:olt-xg15,port:olt-xg15:p1/3,HAS_PORT,"{""source"": ""config_backup"", ""method"": ""config_parse"", ""observed_at"": ""2026-05-15T00:00:00+00:00"", ""valid_from"": ""2026-05-15T00:00:00+00:00"", ""valid_to"": null, ""confidence"": 1.0}",2026-09-01T12:36:16.085011
edge-867,port:olt-xg15:x1/0,link:olt-xg15:x1/0--acx-06:xe-0/0/3,TERMINATES,"{""link_end"": ""a"", ""source"": ""nms"", ""method"": ""lldp"", ""observed_at"": ""2026-05-15T00:00:00+00:00"", ""valid_from"": ""2026-05-15T00:00:00+00:00"", ""valid_to"": null, ""confidence"": 1.0}",2026-09-01T12:36:16.085078
edge-868,port:acx-06:xe-0/0/3,link:olt-xg15:x1/0--acx-06:xe-0/0/3,TERMINATES,"{""link_end"": ""z"", ""source"": ""nms"", ""method"": ""lldp"", ""observed_at"": ""2026-05-15T00:00:00+00:00"", ""valid_from"": ""2026-05-15T00:00:00+00:00"", ""valid_to"": null, ""confidence"": 1.0}",2026-09-01T12:36:16.085125
edge-869,port:olt-xg15:p1/0,pon:olt-xg15-0,SERVES,"{""source"": ""calix_export"", ""method"": ""vendor_export"", ""observed_at"": ""2026-05-15T00:00:00+00:00"", ""valid_from"": ""2026-05-15T00:00:00+00:00"", ""valid_to"": null, ""confidence"": 1.0}",2026-09-01T12:36:16.085303
edge-870,pon:olt-xg15-0,spl:olt-xg15-0,FEEDS,"{""source"": ""osp_records"", ""method"": ""manual"", ""observed_at"": ""2026-05-15T00:00:00+00:00"", ""valid_from"": ""2026-05-15T00:00:00+00:00"", ""valid_to"": null, ""confidence"": 0.8}",2026-09-01T12:36:16.085383
edge-871,port:olt-xg15:p1/1,pon:olt-xg15-1,SERVES,"{""source"": ""calix_export"", ""method"": ""vendor_export"", ""observed_at"": ""2026-05-15T00:00:00+00:00"", ""valid_from"": ""2026-05-15T00:00:00+00:00"", ""valid_to"": null, ""confidence"": 1.0}",2026-09-01T12:36:16.085427
edge-872,pon:olt-xg15-1,spl:olt-xg15-1,FEEDS,"{""source"": ""osp_records"", ""method"": ""manual"", ""observed_at"": ""2026-05-15T00:00:00+00:00"", ""valid_from"": ""2026-05-15T00:00:00+00:00"", ""valid_to"": null, ""confidence"": 0.8}",2026-09-01T12:36:16.085475
edge-873,port:olt-xg15:p1/2,pon:olt-xg15-2,SERVES,"{""source"": ""calix_export"", ""method"": ""vendor_export"", ""observed_at"": ""2026-05-15T00:00:00+00:00"", ""valid_from"": ""2026-05-15T00:00:00+00:00"", ""valid_to"": null, ""confidence"": 1.0}",2026-09-01T12:36:16.085539
edge-874,pon:olt-xg15-2,spl:olt-xg15-2,FEEDS,"{""source"": ""osp_records"", ""method"": ""manual"", ""observed_at"": ""2026-05-15T00:00:00+00:00"", ""valid_from"": ""2026-05-15T00:00:00+00:00"", ""valid_to"": null, ""confidence"": 0.8}",2026-09-01T12:36:16.085595
edge-875,port:olt-xg15:p1/3,pon:olt-xg15-3,SERVES,"{""source"": ""calix_export"", ""method"": ""vendor_export"", ""observed_at"": ""2026-05-15T00:00:00+00:00"", ""valid_from"": ""2026-05-15T00:00:00+00:00"", ""valid_to"": null, ""confidence"": 1.0}",2026-09-01T12:36:16.085629
edge-876,pon:olt-xg15-3,spl:olt-xg15-3,FEEDS,"{""source"": ""osp_records"", ""method"": ""manual"", ""observed_at"": ""2026-05-15T00:00:00+00:00"", ""valid_from"": ""2026-05-15T00:00:00+00:00"", ""valid_to"": null, ""confidence"": 0.8}",2026-09-01T12:36:16.085700
edge-877,site:04,dev:olt-xg16,CONTAINS,"{""source"": ""inventory_review"", ""method"": ""vendor_export"", ""observed_at"": ""2026-05-15T00:00:00+00:00"", ""valid_from"": ""2026-05-15T00:00:00+00:00"", ""valid_to"": null, ""confidence"": 1.0}",2026-09-01T12:36:16.085763
edge-878,dev:olt-xg16,sw:axos-R26.1.0,RUNS,"{""source"": ""inventory_review"", ""method"": ""vendor_export"", ""observed_at"": ""2026-05-15T00:00:00+00:00"", ""valid_from"": ""2026-05-15T00:00:00+00:00"", ""valid_to"": null, ""confidence"": 1.0}",2026-09-01T12:36:16.085812
edge-879,dev:olt-xg16,port:olt-xg16:x1/0,HAS_PORT,"{""source"": ""config_backup"", ""method"": ""config_parse"", ""observed_at"": ""2026-05-15T00:00:00+00:00"", ""valid_from"": ""2026-05-15T00:00:00+00:00"", ""valid_to"": null, ""confidence"": 1.0}",2026-09-01T12:36:16.085871
edge-880,dev:olt-xg16,port:olt-xg16:x1/1,HAS_PORT,"{""source"": ""config_backup"", ""method"": ""config_parse"", ""observed_at"": ""2026-05-15T00:00:00+00:00"", ""valid_from"": ""2026-05-15T00:00:00+00:00"", ""valid_to"": null, ""confidence"": 1.0}",2026-09-01T12:36:16.085946
edge-881,dev:olt-xg16,port:olt-xg16:p1/0,HAS_PORT,"{""source"": ""config_backup"", ""method"": ""config_parse"", ""observed_at"": ""2026-05-15T00:00:00+00:00"", ""valid_from"": ""2026-05-15T00:00:00+00:00"", ""valid_to"": null, ""confidence"": 1.0}",2026-09-01T12:36:16.085983
edge-882,dev:olt-xg16,port:olt-xg16:p1/1,HAS_PORT,"{""source"": ""config_backup"", ""method"": ""config_parse"", ""observed_at"": ""2026-05-15T00:00:00+00:00"", ""valid_from"": ""2026-05-15T00:00:00+00:00"", ""valid_to"": null, ""confidence"": 1.0}",2026-09-01T12:36:16.086008
edge-883,dev:olt-xg16,port:olt-xg16:p1/2,HAS_PORT,"{""source"": ""config_backup"", ""method"": ""config_parse"", ""observed_at"": ""2026-05-15T00:00:00+00:00"", ""valid_from"": ""2026-05-15T00:00:00+00:00"", ""valid_to"": null, ""confidence"": 1.0}",2026-09-01T12:36:16.086031
edge-884,dev:olt-xg16,port:olt-xg16:p1/3,HAS_PORT,"{""source"": ""config_backup"", ""method"": ""config_parse"", ""observed_at"": ""2026-05-15T00:00:00+00:00"", ""valid_from"": ""2026-05-15T00:00:00+00:00"", ""valid_to"": null, ""confidence"": 1.0}",2026-09-01T12:36:16.086056
edge-885,port:olt-xg16:x1/0,link:olt-xg16:x1/0--acx-09:xe-0/0/0,TERMINATES,"{""link_end"": ""a"", ""source"": ""nms"", ""method"": ""lldp"", ""observed_at"": ""2026-05-15T00:00:00+00:00"", ""valid_from"": ""2026-05-15T00:00:00+00:00"", ""valid_to"": null, ""confidence"": 1.0}",2026-09-01T12:36:16.086086
edge-886,port:acx-09:xe-0/0/0,link:olt-xg16:x1/0--acx-09:xe-0/0/0,TERMINATES,"{""link_end"": ""z"", ""source"": ""nms"", ""method"": ""lldp"", ""observed_at"": ""2026-05-15T00:00:00+00:00"", ""valid_from"": ""2026-05-15T00:00:00+00:00"", ""valid_to"": null, ""confidence"": 1.0}",2026-09-01T12:36:16.086114
edge-887,port:olt-xg16:p1/0,pon:olt-xg16-0,SERVES,"{""source"": ""calix_export"", ""method"": ""vendor_export"", ""observed_at"": ""2026-05-15T00:00:00+00:00"", ""valid_from"": ""2026-05-15T00:00:00+00:00"", ""valid_to"": null, ""confidence"": 1.0}",2026-09-01T12:36:16.086137
edge-888,pon:olt-xg16-0,spl:olt-xg16-0,FEEDS,"{""source"": ""osp_records"", ""method"": ""manual"", ""observed_at"": ""2026-05-15T00:00:00+00:00"", ""valid_from"": ""2026-05-15T00:00:00+00:00"", ""valid_to"": null, ""confidence"": 0.8}",2026-09-01T12:36:16.086204
edge-889,port:olt-xg16:p1/1,pon:olt-xg16-1,SERVES,"{""source"": ""calix_export"", ""method"": ""vendor_export"", ""observed_at"": ""2026-05-15T00:00:00+00:00"", ""valid_from"": ""2026-05-15T00:00:00+00:00"", ""valid_to"": null, ""confidence"": 1.0}",2026-09-01T12:36:16.086230
edge-890,pon:olt-xg16-1,spl:olt-xg16-1,FEEDS,"{""source"": ""osp_records"", ""method"": ""manual"", ""observed_at"": ""2026-05-15T00:00:00+00:00"", ""valid_from"": ""2026-05-15T00:00:00+00:00"", ""valid_to"": null, ""confidence"": 0.8}",2026-09-01T12:36:16.086253
edge-891,port:olt-xg16:p1/2,pon:olt-xg16-2,SERVES,"{""source"": ""calix_export"", ""method"": ""vendor_export"", ""observed_at"": ""2026-05-15T00:00:00+00:00"", ""valid_from"": ""2026-05-15T00:00:00+00:00"", ""valid_to"": null, ""confidence"": 1.0}",2026-09-01T12:36:16.086275
edge-892,pon:olt-xg16-2,spl:olt-xg16-2,FEEDS,"{""source"": ""osp_records"", ""method"": ""manual"", ""observed_at"": ""2026-05-15T00:00:00+00:00"", ""valid_from"": ""2026-05-15T00:00:00+00:00"", ""valid_to"": null, ""confidence"": 0.8}",2026-09-01T12:36:16.086298
edge-893,port:olt-xg16:p1/3,pon:olt-xg16-3,SERVES,"{""source"": ""calix_export"", ""method"": ""vendor_export"", ""observed_at"": ""2026-05-15T00:00:00+00:00"", ""valid_from"": ""2026-05-15T00:00:00+00:00"", ""valid_to"": null, ""confidence"": 1.0}",2026-09-01T12:36:16.086320
edge-894,pon:olt-xg16-3,spl:olt-xg16-3,FEEDS,"{""source"": ""osp_records"", ""method"": ""manual"", ""observed_at"": ""2026-05-15T00:00:00+00:00"", ""valid_from"": ""2026-05-15T00:00:00+00:00"", ""valid_to"": null, ""confidence"": 0.8}",2026-09-01T12:36:16.086342
edge-895,site:07,dev:olt-xg17,CONTAINS,"{""source"": ""inventory_review"", ""method"": ""vendor_export"", ""observed_at"": ""2026-05-15T00:00:00+00:00"", ""valid_from"": ""2026-05-15T00:00:00+00:00"", ""valid_to"": null, ""confidence"": 1.0}",2026-09-01T12:36:16.086365
edge-896,dev:olt-xg17,sw:axos-R26.1.0,RUNS,"{""source"": ""inventory_review"", ""method"": ""vendor_export"", ""observed_at"": ""2026-05-15T00:00:00+00:00"", ""valid_from"": ""2026-05-15T00:00:00+00:00"", ""valid_to"": null, ""confidence"": 1.0}",2026-09-01T12:36:16.086387
edge-897,dev:olt-xg17,port:olt-xg17:x1/0,HAS_PORT,"{""source"": ""config_backup"", ""method"": ""config_parse"", ""observed_at"": ""2026-05-15T00:00:00+00:00"", ""valid_from"": ""2026-05-15T00:00:00+00:00"", ""valid_to"": null, ""confidence"": 1.0}",2026-09-01T12:36:16.086414
edge-898,dev:olt-xg17,port:olt-xg17:x1/1,HAS_PORT,"{""source"": ""config_backup"", ""method"": ""config_parse"", ""observed_at"": ""2026-05-15T00:00:00+00:00"", ""valid_from"": ""2026-05-15T00:00:00+00:00"", ""valid_to"": null, ""confidence"": 1.0}",2026-09-01T12:36:16.086454
edge-899,dev:olt-xg17,port:olt-xg17:p1/0,HAS_PORT,"{""source"": ""config_backup"", ""method"": ""config_parse"", ""observed_at"": ""2026-05-15T00:00:00+00:00"", ""valid_from"": ""2026-05-15T00:00:00+00:00"", ""valid_to"": null, ""confidence"": 1.0}",2026-09-01T12:36:16.086524
edge-900,dev:olt-xg17,port:olt-xg17:p1/1,HAS_PORT,"{""source"": ""config_backup"", ""method"": ""config_parse"", ""observed_at"": ""2026-05-15T00:00:00+00:00"", ""valid_from"": ""2026-05-15T00:00:00+00:00"", ""valid_to"": null, ""confidence"": 1.0}",2026-09-01T12:36:16.086563
edge-901,dev:olt-xg17,port:olt-xg17:p1/2,HAS_PORT,"{""source"": ""config_backup"", ""method"": ""config_parse"", ""observed_at"": ""2026-05-15T00:00:00+00:00"", ""valid_from"": ""2026-05-15T00:00:00+00:00"", ""valid_to"": null, ""confidence"": 1.0}",2026-09-01T12:36:16.086590
edge-902,dev:olt-xg17,port:olt-xg17:p1/3,HAS_PORT,"{""source"": ""config_backup"", ""method"": ""config_parse"", ""observed_at"": ""2026-05-15T00:00:00+00:00"", ""valid_from"": ""2026-05-15T00:00:00+00:00"", ""valid_to"": null, ""confidence"": 1.0}",2026-09-01T12:36:16.086615
edge-903,port:olt-xg17:x1/0,link:olt-xg17:x1/0--acx-12:xe-0/0/1,TERMINATES,"{""link_end"": ""a"", ""source"": ""nms"", ""method"": ""lldp"", ""observed_at"": ""2026-05-15T00:00:00+00:00"", ""valid_from"": ""2026-05-15T00:00:00+00:00"", ""valid_to"": null, ""confidence"": 1.0}",2026-09-01T12:36:16.086642
edge-904,port:acx-12:xe-0/0/1,link:olt-xg17:x1/0--acx-12:xe-0/0/1,TERMINATES,"{""link_end"": ""z"", ""source"": ""nms"", ""method"": ""lldp"", ""observed_at"": ""2026-05-15T00:00:00+00:00"", ""valid_from"": ""2026-05-15T00:00:00+00:00"", ""valid_to"": null, ""confidence"": 1.0}",2026-09-01T12:36:16.086668
edge-905,port:olt-xg17:p1/0,pon:olt-xg17-0,SERVES,"{""source"": ""calix_export"", ""method"": ""vendor_export"", ""observed_at"": ""2026-05-15T00:00:00+00:00"", ""valid_from"": ""2026-05-15T00:00:00+00:00"", ""valid_to"": null, ""confidence"": 1.0}",2026-09-01T12:36:16.086694
edge-906,pon:olt-xg17-0,spl:olt-xg17-0,FEEDS,"{""source"": ""osp_records"", ""method"": ""manual"", ""observed_at"": ""2026-05-15T00:00:00+00:00"", ""valid_from"": ""2026-05-15T00:00:00+00:00"", ""valid_to"": null, ""confidence"": 0.8}",2026-09-01T12:36:16.086720
edge-907,port:olt-xg17:p1/1,pon:olt-xg17-1,SERVES,"{""source"": ""calix_export"", ""method"": ""vendor_export"", ""observed_at"": ""2026-05-15T00:00:00+00:00"", ""valid_from"": ""2026-05-15T00:00:00+00:00"", ""valid_to"": null, ""confidence"": 1.0}",2026-09-01T12:36:16.086746
edge-908,pon:olt-xg17-1,spl:olt-xg17-1,FEEDS,"{""source"": ""osp_records"", ""method"": ""manual"", ""observed_at"": ""2026-05-15T00:00:00+00:00"", ""valid_from"": ""2026-05-15T00:00:00+00:00"", ""valid_to"": null, ""confidence"": 0.8}",2026-09-01T12:36:16.086771
edge-909,port:olt-xg17:p1/2,pon:olt-xg17-2,SERVES,"{""source"": ""calix_export"", ""method"": ""vendor_export"", ""observed_at"": ""2026-05-15T00:00:00+00:00"", ""valid_from"": ""2026-05-15T00:00:00+00:00"", ""valid_to"": null, ""confidence"": 1.0}",2026-09-01T12:36:16.086797
edge-910,pon:olt-xg17-2,spl:olt-xg17-2,FEEDS,"{""source"": ""osp_records"", ""method"": ""manual"", ""observed_at"": ""2026-05-15T00:00:00+00:00"", ""valid_from"": ""2026-05-15T00:00:00+00:00"", ""valid_to"": null, ""confidence"": 0.8}",2026-09-01T12:36:16.086829
edge-911,port:olt-xg17:p1/3,pon:olt-xg17-3,SERVES,"{""source"": ""calix_export"", ""method"": ""vendor_export"", ""observed_at"": ""2026-05-15T00:00:00+00:00"", ""valid_from"": ""2026-05-15T00:00:00+00:00"", ""valid_to"": null, ""confidence"": 1.0}",2026-09-01T12:36:16.086861
edge-912,pon:olt-xg17-3,spl:olt-xg17-3,FEEDS,"{""source"": ""osp_records"", ""method"": ""manual"", ""observed_at"": ""2026-05-15T00:00:00+00:00"", ""valid_from"": ""2026-05-15T00:00:00+00:00"", ""valid_to"": null, ""confidence"": 0.8}",2026-09-01T12:36:16.086907
edge-913,site:10,dev:olt-xg18,CONTAINS,"{""source"": ""inventory_review"", ""method"": ""vendor_export"", ""observed_at"": ""2026-05-15T00:00:00+00:00"", ""valid_from"": ""2026-05-15T00:00:00+00:00"", ""valid_to"": null, ""confidence"": 1.0}",2026-09-01T12:36:16.086962
edge-914,dev:olt-xg18,sw:axos-R26.1.0,RUNS,"{""source"": ""inventory_review"", ""method"": ""vendor_export"", ""observed_at"": ""2026-05-15T00:00:00+00:00"", ""valid_from"": ""2026-05-15T00:00:00+00:00"", ""valid_to"": null, ""confidence"": 1.0}",2026-09-01T12:36:16.087036
edge-915,dev:olt-xg18,port:olt-xg18:x1/0,HAS_PORT,"{""source"": ""config_backup"", ""method"": ""config_parse"", ""observed_at"": ""2026-05-15T00:00:00+00:00"", ""valid_from"": ""2026-05-15T00:00:00+00:00"", ""valid_to"": null, ""confidence"": 1.0}",2026-09-01T12:36:16.087132
edge-916,dev:olt-xg18,port:olt-xg18:x1/1,HAS_PORT,"{""source"": ""config_backup"", ""method"": ""config_parse"", ""observed_at"": ""2026-05-15T00:00:00+00:00"", ""valid_from"": ""2026-05-15T00:00:00+00:00"", ""valid_to"": null, ""confidence"": 1.0}",2026-09-01T12:36:16.087190
edge-917,dev:olt-xg18,port:olt-xg18:p1/0,HAS_PORT,"{""source"": ""config_backup"", ""method"": ""config_parse"", ""observed_at"": ""2026-05-15T00:00:00+00:00"", ""valid_from"": ""2026-05-15T00:00:00+00:00"", ""valid_to"": null, ""confidence"": 1.0}",2026-09-01T12:36:16.087303
edge-918,dev:olt-xg18,port:olt-xg18:p1/1,HAS_PORT,"{""source"": ""config_backup"", ""method"": ""config_parse"", ""observed_at"": ""2026-05-15T00:00:00+00:00"", ""valid_from"": ""2026-05-15T00:00:00+00:00"", ""valid_to"": null, ""confidence"": 1.0}",2026-09-01T12:36:16.087374
edge-919,dev:olt-xg18,port:olt-xg18:p1/2,HAS_PORT,"{""source"": ""config_backup"", ""method"": ""config_parse"", ""observed_at"": ""2026-05-15T00:00:00+00:00"", ""valid_from"": ""2026-05-15T00:00:00+00:00"", ""valid_to"": null, ""confidence"": 1.0}",2026-09-01T12:36:16.087436
edge-920,dev:olt-xg18,port:olt-xg18:p1/3,HAS_PORT,"{""source"": ""config_backup"", ""method"": ""config_parse"", ""observed_at"": ""2026-05-15T00:00:00+00:00"", ""valid_from"": ""2026-05-15T00:00:00+00:00"", ""valid_to"": null, ""confidence"": 1.0}",2026-09-01T12:36:16.087538
edge-921,port:olt-xg18:x1/0,link:olt-xg18:x1/0--acx-15:xe-0/0/2,TERMINATES,"{""link_end"": ""a"", ""source"": ""nms"", ""method"": ""lldp"", ""observed_at"": ""2026-05-15T00:00:00+00:00"", ""valid_from"": ""2026-05-15T00:00:00+00:00"", ""valid_to"": null, ""confidence"": 1.0}",2026-09-01T12:36:16.087599
edge-922,port:acx-15:xe-0/0/2,link:olt-xg18:x1/0--acx-15:xe-0/0/2,TERMINATES,"{""link_end"": ""z"", ""source"": ""nms"", ""method"": ""lldp"", ""observed_at"": ""2026-05-15T00:00:00+00:00"", ""valid_from"": ""2026-05-15T00:00:00+00:00"", ""valid_to"": null, ""confidence"": 1.0}",2026-09-01T12:36:16.087633
edge-923,port:olt-xg18:p1/0,pon:olt-xg18-0,SERVES,"{""source"": ""calix_export"", ""method"": ""vendor_export"", ""observed_at"": ""2026-05-15T00:00:00+00:00"", ""valid_from"": ""2026-05-15T00:00:00+00:00"", ""valid_to"": null, ""confidence"": 1.0}",2026-09-01T12:36:16.087667
edge-924,pon:olt-xg18-0,spl:olt-xg18-0,FEEDS,"{""source"": ""osp_records"", ""method"": ""manual"", ""observed_at"": ""2026-05-15T00:00:00+00:00"", ""valid_from"": ""2026-05-15T00:00:00+00:00"", ""valid_to"": null, ""confidence"": 0.8}",2026-09-01T12:36:16.087691
edge-925,port:olt-xg18:p1/1,pon:olt-xg18-1,SERVES,"{""source"": ""calix_export"", ""method"": ""vendor_export"", ""observed_at"": ""2026-05-15T00:00:00+00:00"", ""valid_from"": ""2026-05-15T00:00:00+00:00"", ""valid_to"": null, ""confidence"": 1.0}",2026-09-01T12:36:16.087714
edge-926,pon:olt-xg18-1,spl:olt-xg18-1,FEEDS,"{""source"": ""osp_records"", ""method"": ""manual"", ""observed_at"": ""2026-05-15T00:00:00+00:00"", ""valid_from"": ""2026-05-15T00:00:00+00:00"", ""valid_to"": null, ""confidence"": 0.8}",2026-09-01T12:36:16.087736
edge-927,port:olt-xg18:p1/2,pon:olt-xg18-2,SERVES,"{""source"": ""calix_export"", ""method"": ""vendor_export"", ""observed_at"": ""2026-05-15T00:00:00+00:00"", ""valid_from"": ""2026-05-15T00:00:00+00:00"", ""valid_to"": null, ""confidence"": 1.0}",2026-09-01T12:36:16.087758
edge-928,pon:olt-xg18-2,spl:olt-xg18-2,FEEDS,"{""source"": ""osp_records"", ""method"": ""manual"", ""observed_at"": ""2026-05-15T00:00:00+00:00"", ""valid_from"": ""2026-05-15T00:00:00+00:00"", ""valid_to"": null, ""confidence"": 0.8}",2026-09-01T12:36:16.087780
edge-929,port:olt-xg18:p1/3,pon:olt-xg18-3,SERVES,"{""source"": ""calix_export"", ""method"": ""vendor_export"", ""observed_at"": ""2026-05-15T00:00:00+00:00"", ""valid_from"": ""2026-05-15T00:00:00+00:00"", ""valid_to"": null, ""confidence"": 1.0}",2026-09-01T12:36:16.087802
edge-930,pon:olt-xg18-3,spl:olt-xg18-3,FEEDS,"{""source"": ""osp_records"", ""method"": ""manual"", ""observed_at"": ""2026-05-15T00:00:00+00:00"", ""valid_from"": ""2026-05-15T00:00:00+00:00"", ""valid_to"": null, ""confidence"": 0.8}",2026-09-01T12:36:16.087825
edge-931,site:05,dev:olt-xg19,CONTAINS,"{""source"": ""inventory_review"", ""method"": ""vendor_export"", ""observed_at"": ""2026-05-15T00:00:00+00:00"", ""valid_from"": ""2026-05-15T00:00:00+00:00"", ""valid_to"": null, ""confidence"": 1.0}",2026-09-01T12:36:16.087863
edge-932,dev:olt-xg19,sw:axos-R26.1.0,RUNS,"{""source"": ""inventory_review"", ""method"": ""vendor_export"", ""observed_at"": ""2026-05-15T00:00:00+00:00"", ""valid_from"": ""2026-05-15T00:00:00+00:00"", ""valid_to"": null, ""confidence"": 1.0}",2026-09-01T12:36:16.087911
edge-933,dev:olt-xg19,port:olt-xg19:x1/0,HAS_PORT,"{""source"": ""config_backup"", ""method"": ""config_parse"", ""observed_at"": ""2026-05-15T00:00:00+00:00"", ""valid_from"": ""2026-05-15T00:00:00+00:00"", ""valid_to"": null, ""confidence"": 1.0}",2026-09-01T12:36:16.087955
edge-934,dev:olt-xg19,port:olt-xg19:x1/1,HAS_PORT,"{""source"": ""config_backup"", ""method"": ""config_parse"", ""observed_at"": ""2026-05-15T00:00:00+00:00"", ""valid_from"": ""2026-05-15T00:00:00+00:00"", ""valid_to"": null, ""confidence"": 1.0}",2026-09-01T12:36:16.088009
edge-935,dev:olt-xg19,port:olt-xg19:p1/0,HAS_PORT,"{""source"": ""config_backup"", ""method"": ""config_parse"", ""observed_at"": ""2026-05-15T00:00:00+00:00"", ""valid_from"": ""2026-05-15T00:00:00+00:00"", ""valid_to"": null, ""confidence"": 1.0}",2026-09-01T12:36:16.088040
edge-936,dev:olt-xg19,port:olt-xg19:p1/1,HAS_PORT,"{""source"": ""config_backup"", ""method"": ""config_parse"", ""observed_at"": ""2026-05-15T00:00:00+00:00"", ""valid_from"": ""2026-05-15T00:00:00+00:00"", ""valid_to"": null, ""confidence"": 1.0}",2026-09-01T12:36:16.088068
edge-937,dev:olt-xg19,port:olt-xg19:p1/2,HAS_PORT,"{""source"": ""config_backup"", ""method"": ""config_parse"", ""observed_at"": ""2026-05-15T00:00:00+00:00"", ""valid_from"": ""2026-05-15T00:00:00+00:00"", ""valid_to"": null, ""confidence"": 1.0}",2026-09-01T12:36:16.088094
edge-938,dev:olt-xg19,port:olt-xg19:p1/3,HAS_PORT,"{""source"": ""config_backup"", ""method"": ""config_parse"", ""observed_at"": ""2026-05-15T00:00:00+00:00"", ""valid_from"": ""2026-05-15T00:00:00+00:00"", ""valid_to"": null, ""confidence"": 1.0}",2026-09-01T12:36:16.088124
edge-939,port:olt-xg19:x1/0,link:olt-xg19:x1/0--acx-18:xe-0/0/3,TERMINATES,"{""link_end"": ""a"", ""source"": ""nms"", ""method"": ""lldp"", ""observed_at"": ""2026-05-15T00:00:00+00:00"", ""valid_from"": ""2026-05-15T00:00:00+00:00"", ""valid_to"": null, ""confidence"": 1.0}",2026-09-01T12:36:16.088195
edge-940,port:acx-18:xe-0/0/3,link:olt-xg19:x1/0--acx-18:xe-0/0/3,TERMINATES,"{""link_end"": ""z"", ""source"": ""nms"", ""method"": ""lldp"", ""observed_at"": ""2026-05-15T00:00:00+00:00"", ""valid_from"": ""2026-05-15T00:00:00+00:00"", ""valid_to"": null, ""confidence"": 1.0}",2026-09-01T12:36:16.088219
edge-941,port:olt-xg19:p1/0,pon:olt-xg19-0,SERVES,"{""source"": ""calix_export"", ""method"": ""vendor_export"", ""observed_at"": ""2026-05-15T00:00:00+00:00"", ""valid_from"": ""2026-05-15T00:00:00+00:00"", ""valid_to"": null, ""confidence"": 1.0}",2026-09-01T12:36:16.088242
edge-942,pon:olt-xg19-0,spl:olt-xg19-0,FEEDS,"{""source"": ""osp_records"", ""method"": ""manual"", ""observed_at"": ""2026-05-15T00:00:00+00:00"", ""valid_from"": ""2026-05-15T00:00:00+00:00"", ""valid_to"": null, ""confidence"": 0.8}",2026-09-01T12:36:16.088266
edge-943,port:olt-xg19:p1/1,pon:olt-xg19-1,SERVES,"{""source"": ""calix_export"", ""method"": ""vendor_export"", ""observed_at"": ""2026-05-15T00:00:00+00:00"", ""valid_from"": ""2026-05-15T00:00:00+00:00"", ""valid_to"": null, ""confidence"": 1.0}",2026-09-01T12:36:16.088288
edge-944,pon:olt-xg19-1,spl:olt-xg19-1,FEEDS,"{""source"": ""osp_records"", ""method"": ""manual"", ""observed_at"": ""2026-05-15T00:00:00+00:00"", ""valid_from"": ""2026-05-15T00:00:00+00:00"", ""valid_to"": null, ""confidence"": 0.8}",2026-09-01T12:36:16.088311
edge-945,port:olt-xg19:p1/2,pon:olt-xg19-2,SERVES,"{""source"": ""calix_export"", ""method"": ""vendor_export"", ""observed_at"": ""2026-05-15T00:00:00+00:00"", ""valid_from"": ""2026-05-15T00:00:00+00:00"", ""valid_to"": null, ""confidence"": 1.0}",2026-09-01T12:36:16.088334
edge-946,pon:olt-xg19-2,spl:olt-xg19-2,FEEDS,"{""source"": ""osp_records"", ""method"": ""manual"", ""observed_at"": ""2026-05-15T00:00:00+00:00"", ""valid_from"": ""2026-05-15T00:00:00+00:00"", ""valid_to"": null, ""confidence"": 0.8}",2026-09-01T12:36:16.088359
edge-947,port:olt-xg19:p1/3,pon:olt-xg19-3,SERVES,"{""source"": ""calix_export"", ""method"": ""vendor_export"", ""observed_at"": ""2026-05-15T00:00:00+00:00"", ""valid_from"": ""2026-05-15T00:00:00+00:00"", ""valid_to"": null, ""confidence"": 1.0}",2026-09-01T12:36:16.088384
edge-948,pon:olt-xg19-3,spl:olt-xg19-3,FEEDS,"{""source"": ""osp_records"", ""method"": ""manual"", ""observed_at"": ""2026-05-15T00:00:00+00:00"", ""valid_from"": ""2026-05-15T00:00:00+00:00"", ""valid_to"": null, ""confidence"": 0.8}",2026-09-01T12:36:16.088409
edge-949,site:08,dev:olt-xg20,CONTAINS,"{""source"": ""inventory_review"", ""method"": ""vendor_export"", ""observed_at"": ""2026-05-15T00:00:00+00:00"", ""valid_from"": ""2026-05-15T00:00:00+00:00"", ""valid_to"": null, ""confidence"": 1.0}",2026-09-01T12:36:16.088442
edge-950,dev:olt-xg20,sw:axos-R26.1.0,RUNS,"{""source"": ""inventory_review"", ""method"": ""vendor_export"", ""observed_at"": ""2026-05-15T00:00:00+00:00"", ""valid_from"": ""2026-05-15T00:00:00+00:00"", ""valid_to"": null, ""confidence"": 1.0}",2026-09-01T12:36:16.088468
edge-951,dev:olt-xg20,port:olt-xg20:x1/0,HAS_PORT,"{""source"": ""config_backup"", ""method"": ""config_parse"", ""observed_at"": ""2026-05-15T00:00:00+00:00"", ""valid_from"": ""2026-05-15T00:00:00+00:00"", ""valid_to"": null, ""confidence"": 1.0}",2026-09-01T12:36:16.088499
edge-952,dev:olt-xg20,port:olt-xg20:x1/1,HAS_PORT,"{""source"": ""config_backup"", ""method"": ""config_parse"", ""observed_at"": ""2026-05-15T00:00:00+00:00"", ""valid_from"": ""2026-05-15T00:00:00+00:00"", ""valid_to"": null, ""confidence"": 1.0}",2026-09-01T12:36:16.088526
edge-953,dev:olt-xg20,port:olt-xg20:p1/0,HAS_PORT,"{""source"": ""config_backup"", ""method"": ""config_parse"", ""observed_at"": ""2026-05-15T00:00:00+00:00"", ""valid_from"": ""2026-05-15T00:00:00+00:00"", ""valid_to"": null, ""confidence"": 1.0}",2026-09-01T12:36:16.088550
edge-954,dev:olt-xg20,port:olt-xg20:p1/1,HAS_PORT,"{""source"": ""config_backup"", ""method"": ""config_parse"", ""observed_at"": ""2026-05-15T00:00:00+00:00"", ""valid_from"": ""2026-05-15T00:00:00+00:00"", ""valid_to"": null, ""confidence"": 1.0}",2026-09-01T12:36:16.088574
edge-955,dev:olt-xg20,port:olt-xg20:p1/2,HAS_PORT,"{""source"": ""config_backup"", ""method"": ""config_parse"", ""observed_at"": ""2026-05-15T00:00:00+00:00"", ""valid_from"": ""2026-05-15T00:00:00+00:00"", ""valid_to"": null, ""confidence"": 1.0}",2026-09-01T12:36:16.088599
edge-956,dev:olt-xg20,port:olt-xg20:p1/3,HAS_PORT,"{""source"": ""config_backup"", ""method"": ""config_parse"", ""observed_at"": ""2026-05-15T00:00:00+00:00"", ""valid_from"": ""2026-05-15T00:00:00+00:00"", ""valid_to"": null, ""confidence"": 1.0}",2026-09-01T12:36:16.088623
edge-957,port:olt-xg20:x1/0,link:olt-xg20:x1/0--acx-21:xe-0/0/0,TERMINATES,"{""link_end"": ""a"", ""source"": ""nms"", ""method"": ""lldp"", ""observed_at"": ""2026-05-15T00:00:00+00:00"", ""valid_from"": ""2026-05-15T00:00:00+00:00"", ""valid_to"": null, ""confidence"": 1.0}",2026-09-01T12:36:16.088653
edge-958,port:acx-21:xe-0/0/0,link:olt-xg20:x1/0--acx-21:xe-0/0/0,TERMINATES,"{""link_end"": ""z"", ""source"": ""nms"", ""method"": ""lldp"", ""observed_at"": ""2026-05-15T00:00:00+00:00"", ""valid_from"": ""2026-05-15T00:00:00+00:00"", ""valid_to"": null, ""confidence"": 1.0}",2026-09-01T12:36:16.088677
edge-959,port:olt-xg20:p1/0,pon:olt-xg20-0,SERVES,"{""source"": ""calix_export"", ""method"": ""vendor_export"", ""observed_at"": ""2026-05-15T00:00:00+00:00"", ""valid_from"": ""2026-05-15T00:00:00+00:00"", ""valid_to"": null, ""confidence"": 1.0}",2026-09-01T12:36:16.088700
edge-960,pon:olt-xg20-0,spl:olt-xg20-0,FEEDS,"{""source"": ""osp_records"", ""method"": ""manual"", ""observed_at"": ""2026-05-15T00:00:00+00:00"", ""valid_from"": ""2026-05-15T00:00:00+00:00"", ""valid_to"": null, ""confidence"": 0.8}",2026-09-01T12:36:16.088728
edge-961,port:olt-xg20:p1/1,pon:olt-xg20-1,SERVES,"{""source"": ""calix_export"", ""method"": ""vendor_export"", ""observed_at"": ""2026-05-15T00:00:00+00:00"", ""valid_from"": ""2026-05-15T00:00:00+00:00"", ""valid_to"": null, ""confidence"": 1.0}",2026-09-01T12:36:16.088751
edge-962,pon:olt-xg20-1,spl:olt-xg20-1,FEEDS,"{""source"": ""osp_records"", ""method"": ""manual"", ""observed_at"": ""2026-05-15T00:00:00+00:00"", ""valid_from"": ""2026-05-15T00:00:00+00:00"", ""valid_to"": null, ""confidence"": 0.8}",2026-09-01T12:36:16.088773
edge-963,port:olt-xg20:p1/2,pon:olt-xg20-2,SERVES,"{""source"": ""calix_export"", ""method"": ""vendor_export"", ""observed_at"": ""2026-05-15T00:00:00+00:00"", ""valid_from"": ""2026-05-15T00:00:00+00:00"", ""valid_to"": null, ""confidence"": 1.0}",2026-09-01T12:36:16.088795
edge-964,pon:olt-xg20-2,spl:olt-xg20-2,FEEDS,"{""source"": ""osp_records"", ""method"": ""manual"", ""observed_at"": ""2026-05-15T00:00:00+00:00"", ""valid_from"": ""2026-05-15T00:00:00+00:00"", ""valid_to"": null, ""confidence"": 0.8}",2026-09-01T12:36:16.088818
edge-965,port:olt-xg20:p1/3,pon:olt-xg20-3,SERVES,"{""source"": ""calix_export"", ""method"": ""vendor_export"", ""observed_at"": ""2026-05-15T00:00:00+00:00"", ""valid_from"": ""2026-05-15T00:00:00+00:00"", ""valid_to"": null, ""confidence"": 1.0}",2026-09-01T12:36:16.088840
edge-966,pon:olt-xg20-3,spl:olt-xg20-3,FEEDS,"{""source"": ""osp_records"", ""method"": ""manual"", ""observed_at"": ""2026-05-15T00:00:00+00:00"", ""valid_from"": ""2026-05-15T00:00:00+00:00"", ""valid_to"": null, ""confidence"": 0.8}",2026-09-01T12:36:16.088863
edge-967,site:03,dev:olt-xg21,CONTAINS,"{""source"": ""inventory_review"", ""method"": ""vendor_export"", ""observed_at"": ""2026-05-15T00:00:00+00:00"", ""valid_from"": ""2026-05-15T00:00:00+00:00"", ""valid_to"": null, ""confidence"": 1.0}",2026-09-01T12:36:16.088887
edge-968,dev:olt-xg21,sw:axos-R26.1.0,RUNS,"{""source"": ""inventory_review"", ""method"": ""vendor_export"", ""observed_at"": ""2026-05-15T00:00:00+00:00"", ""valid_from"": ""2026-05-15T00:00:00+00:00"", ""valid_to"": null, ""confidence"": 1.0}",2026-09-01T12:36:16.088912
edge-969,dev:olt-xg21,port:olt-xg21:x1/0,HAS_PORT,"{""source"": ""config_backup"", ""method"": ""config_parse"", ""observed_at"": ""2026-05-15T00:00:00+00:00"", ""valid_from"": ""2026-05-15T00:00:00+00:00"", ""valid_to"": null, ""confidence"": 1.0}",2026-09-01T12:36:16.088935
edge-970,dev:olt-xg21,port:olt-xg21:x1/1,HAS_PORT,"{""source"": ""config_backup"", ""method"": ""config_parse"", ""observed_at"": ""2026-05-15T00:00:00+00:00"", ""valid_from"": ""2026-05-15T00:00:00+00:00"", ""valid_to"": null, ""confidence"": 1.0}",2026-09-01T12:36:16.088958
edge-971,dev:olt-xg21,port:olt-xg21:p1/0,HAS_PORT,"{""source"": ""config_backup"", ""method"": ""config_parse"", ""observed_at"": ""2026-05-15T00:00:00+00:00"", ""valid_from"": ""2026-05-15T00:00:00+00:00"", ""valid_to"": null, ""confidence"": 1.0}",2026-09-01T12:36:16.088980
edge-972,dev:olt-xg21,port:olt-xg21:p1/1,HAS_PORT,"{""source"": ""config_backup"", ""method"": ""config_parse"", ""observed_at"": ""2026-05-15T00:00:00+00:00"", ""valid_from"": ""2026-05-15T00:00:00+00:00"", ""valid_to"": null, ""confidence"": 1.0}",2026-09-01T12:36:16.089002
edge-973,dev:olt-xg21,port:olt-xg21:p1/2,HAS_PORT,"{""source"": ""config_backup"", ""method"": ""config_parse"", ""observed_at"": ""2026-05-15T00:00:00+00:00"", ""valid_from"": ""2026-05-15T00:00:00+00:00"", ""valid_to"": null, ""confidence"": 1.0}",2026-09-01T12:36:16.089025
edge-974,dev:olt-xg21,port:olt-xg21:p1/3,HAS_PORT,"{""source"": ""config_backup"", ""method"": ""config_parse"", ""observed_at"": ""2026-05-15T00:00:00+00:00"", ""valid_from"": ""2026-05-15T00:00:00+00:00"", ""valid_to"": null, ""confidence"": 1.0}",2026-09-01T12:36:16.089066
edge-975,port:olt-xg21:x1/0,link:olt-xg21:x1/0--acx-24:xe-0/0/1,TERMINATES,"{""link_end"": ""a"", ""source"": ""nms"", ""method"": ""lldp"", ""observed_at"": ""2026-05-15T00:00:00+00:00"", ""valid_from"": ""2026-05-15T00:00:00+00:00"", ""valid_to"": null, ""confidence"": 1.0}",2026-09-01T12:36:16.089090
edge-976,port:acx-24:xe-0/0/1,link:olt-xg21:x1/0--acx-24:xe-0/0/1,TERMINATES,"{""link_end"": ""z"", ""source"": ""nms"", ""method"": ""lldp"", ""observed_at"": ""2026-05-15T00:00:00+00:00"", ""valid_from"": ""2026-05-15T00:00:00+00:00"", ""valid_to"": null, ""confidence"": 1.0}",2026-09-01T12:36:16.089173
edge-977,port:olt-xg21:p1/0,pon:olt-xg21-0,SERVES,"{""source"": ""calix_export"", ""method"": ""vendor_export"", ""observed_at"": ""2026-05-15T00:00:00+00:00"", ""valid_from"": ""2026-05-15T00:00:00+00:00"", ""valid_to"": null, ""confidence"": 1.0}",2026-09-01T12:36:16.089220
edge-978,pon:olt-xg21-0,spl:olt-xg21-0,FEEDS,"{""source"": ""osp_records"", ""method"": ""manual"", ""observed_at"": ""2026-05-15T00:00:00+00:00"", ""valid_from"": ""2026-05-15T00:00:00+00:00"", ""valid_to"": null, ""confidence"": 0.8}",2026-09-01T12:36:16.089263
edge-979,port:olt-xg21:p1/1,pon:olt-xg21-1,SERVES,"{""source"": ""calix_export"", ""method"": ""vendor_export"", ""observed_at"": ""2026-05-15T00:00:00+00:00"", ""valid_from"": ""2026-05-15T00:00:00+00:00"", ""valid_to"": null, ""confidence"": 1.0}",2026-09-01T12:36:16.089304
edge-980,pon:olt-xg21-1,spl:olt-xg21-1,FEEDS,"{""source"": ""osp_records"", ""method"": ""manual"", ""observed_at"": ""2026-05-15T00:00:00+00:00"", ""valid_from"": ""2026-05-15T00:00:00+00:00"", ""valid_to"": null, ""confidence"": 0.8}",2026-09-01T12:36:16.089341
edge-981,port:olt-xg21:p1/2,pon:olt-xg21-2,SERVES,"{""source"": ""calix_export"", ""method"": ""vendor_export"", ""observed_at"": ""2026-05-15T00:00:00+00:00"", ""valid_from"": ""2026-05-15T00:00:00+00:00"", ""valid_to"": null, ""confidence"": 1.0}",2026-09-01T12:36:16.089374
edge-982,pon:olt-xg21-2,spl:olt-xg21-2,FEEDS,"{""source"": ""osp_records"", ""method"": ""manual"", ""observed_at"": ""2026-05-15T00:00:00+00:00"", ""valid_from"": ""2026-05-15T00:00:00+00:00"", ""valid_to"": null, ""confidence"": 0.8}",2026-09-01T12:36:16.089400
edge-983,port:olt-xg21:p1/3,pon:olt-xg21-3,SERVES,"{""source"": ""calix_export"", ""method"": ""vendor_export"", ""observed_at"": ""2026-05-15T00:00:00+00:00"", ""valid_from"": ""2026-05-15T00:00:00+00:00"", ""valid_to"": null, ""confidence"": 1.0}",2026-09-01T12:36:16.089423
edge-984,pon:olt-xg21-3,spl:olt-xg21-3,FEEDS,"{""source"": ""osp_records"", ""method"": ""manual"", ""observed_at"": ""2026-05-15T00:00:00+00:00"", ""valid_from"": ""2026-05-15T00:00:00+00:00"", ""valid_to"": null, ""confidence"": 0.8}",2026-09-01T12:36:16.089450
edge-985,site:06,dev:olt-xg22,CONTAINS,"{""source"": ""inventory_review"", ""method"": ""vendor_export"", ""observed_at"": ""2026-05-15T00:00:00+00:00"", ""valid_from"": ""2026-05-15T00:00:00+00:00"", ""valid_to"": null, ""confidence"": 1.0}",2026-09-01T12:36:16.089501
edge-986,dev:olt-xg22,sw:axos-R26.1.0,RUNS,"{""source"": ""inventory_review"", ""method"": ""vendor_export"", ""observed_at"": ""2026-05-15T00:00:00+00:00"", ""valid_from"": ""2026-05-15T00:00:00+00:00"", ""valid_to"": null, ""confidence"": 1.0}",2026-09-01T12:36:16.089665
edge-987,dev:olt-xg22,port:olt-xg22:x1/0,HAS_PORT,"{""source"": ""config_backup"", ""method"": ""config_parse"", ""observed_at"": ""2026-05-15T00:00:00+00:00"", ""valid_from"": ""2026-05-15T00:00:00+00:00"", ""valid_to"": null, ""confidence"": 1.0}",2026-09-01T12:36:16.089734
edge-988,dev:olt-xg22,port:olt-xg22:x1/1,HAS_PORT,"{""source"": ""config_backup"", ""method"": ""config_parse"", ""observed_at"": ""2026-05-15T00:00:00+00:00"", ""valid_from"": ""2026-05-15T00:00:00+00:00"", ""valid_to"": null, ""confidence"": 1.0}",2026-09-01T12:36:16.090062
edge-989,dev:olt-xg22,port:olt-xg22:p1/0,HAS_PORT,"{""source"": ""config_backup"", ""method"": ""config_parse"", ""observed_at"": ""2026-05-15T00:00:00+00:00"", ""valid_from"": ""2026-05-15T00:00:00+00:00"", ""valid_to"": null, ""confidence"": 1.0}",2026-09-01T12:36:16.090145
edge-990,dev:olt-xg22,port:olt-xg22:p1/1,HAS_PORT,"{""source"": ""config_backup"", ""method"": ""config_parse"", ""observed_at"": ""2026-05-15T00:00:00+00:00"", ""valid_from"": ""2026-05-15T00:00:00+00:00"", ""valid_to"": null, ""confidence"": 1.0}",2026-09-01T12:36:16.090386
edge-991,dev:olt-xg22,port:olt-xg22:p1/2,HAS_PORT,"{""source"": ""config_backup"", ""method"": ""config_parse"", ""observed_at"": ""2026-05-15T00:00:00+00:00"", ""valid_from"": ""2026-05-15T00:00:00+00:00"", ""valid_to"": null, ""confidence"": 1.0}",2026-09-01T12:36:16.090453
edge-992,dev:olt-xg22,port:olt-xg22:p1/3,HAS_PORT,"{""source"": ""config_backup"", ""method"": ""config_parse"", ""observed_at"": ""2026-05-15T00:00:00+00:00"", ""valid_from"": ""2026-05-15T00:00:00+00:00"", ""valid_to"": null, ""confidence"": 1.0}",2026-09-01T12:36:16.090516
edge-993,port:olt-xg22:x1/0,link:olt-xg22:x1/0--acx-27:xe-0/0/2,TERMINATES,"{""link_end"": ""a"", ""source"": ""nms"", ""method"": ""lldp"", ""observed_at"": ""2026-05-15T00:00:00+00:00"", ""valid_from"": ""2026-05-15T00:00:00+00:00"", ""valid_to"": null, ""confidence"": 1.0}",2026-09-01T12:36:16.090577
edge-994,port:acx-27:xe-0/0/2,link:olt-xg22:x1/0--acx-27:xe-0/0/2,TERMINATES,"{""link_end"": ""z"", ""source"": ""nms"", ""method"": ""lldp"", ""observed_at"": ""2026-05-15T00:00:00+00:00"", ""valid_from"": ""2026-05-15T00:00:00+00:00"", ""valid_to"": null, ""confidence"": 1.0}",2026-09-01T12:36:16.090686
edge-995,port:olt-xg22:p1/0,pon:olt-xg22-0,SERVES,"{""source"": ""calix_export"", ""method"": ""vendor_export"", ""observed_at"": ""2026-05-15T00:00:00+00:00"", ""valid_from"": ""2026-05-15T00:00:00+00:00"", ""valid_to"": null, ""confidence"": 1.0}",2026-09-01T12:36:16.090761
edge-996,pon:olt-xg22-0,spl:olt-xg22-0,FEEDS,"{""source"": ""osp_records"", ""method"": ""manual"", ""observed_at"": ""2026-05-15T00:00:00+00:00"", ""valid_from"": ""2026-05-15T00:00:00+00:00"", ""valid_to"": null, ""confidence"": 0.8}",2026-09-01T12:36:16.090838
edge-997,port:olt-xg22:p1/1,pon:olt-xg22-1,SERVES,"{""source"": ""calix_export"", ""method"": ""vendor_export"", ""observed_at"": ""2026-05-15T00:00:00+00:00"", ""valid_from"": ""2026-05-15T00:00:00+00:00"", ""valid_to"": null, ""confidence"": 1.0}",2026-09-01T12:36:16.090972
edge-998,pon:olt-xg22-1,spl:olt-xg22-1,FEEDS,"{""source"": ""osp_records"", ""method"": ""manual"", ""observed_at"": ""2026-05-15T00:00:00+00:00"", ""valid_from"": ""2026-05-15T00:00:00+00:00"", ""valid_to"": null, ""confidence"": 0.8}",2026-09-01T12:36:16.091045
edge-999,port:olt-xg22:p1/2,pon:olt-xg22-2,SERVES,"{""source"": ""calix_export"", ""method"": ""vendor_export"", ""observed_at"": ""2026-05-15T00:00:00+00:00"", ""valid_from"": ""2026-05-15T00:00:00+00:00"", ""valid_to"": null, ""confidence"": 1.0}",2026-09-01T12:36:16.091100
edge-1000,pon:olt-xg22-2,spl:olt-xg22-2,FEEDS,"{""source"": ""osp_records"", ""method"": ""manual"", ""observed_at"": ""2026-05-15T00:00:00+00:00"", ""valid_from"": ""2026-05-15T00:00:00+00:00"", ""valid_to"": null, ""confidence"": 0.8}",2026-09-01T12:36:16.091166
edge-1001,port:olt-xg22:p1/3,pon:olt-xg22-3,SERVES,"{""source"": ""calix_export"", ""method"": ""vendor_export"", ""observed_at"": ""2026-05-15T00:00:00+00:00"", ""valid_from"": ""2026-05-15T00:00:00+00:00"", ""valid_to"": null, ""confidence"": 1.0}",2026-09-01T12:36:16.091228
edge-1002,pon:olt-xg22-3,spl:olt-xg22-3,FEEDS,"{""source"": ""osp_records"", ""method"": ""manual"", ""observed_at"": ""2026-05-15T00:00:00+00:00"", ""valid_from"": ""2026-05-15T00:00:00+00:00"", ""valid_to"": null, ""confidence"": 0.8}",2026-09-01T12:36:16.091289
edge-1003,site:09,dev:olt-xg23,CONTAINS,"{""source"": ""inventory_review"", ""method"": ""vendor_export"", ""observed_at"": ""2026-05-15T00:00:00+00:00"", ""valid_from"": ""2026-05-15T00:00:00+00:00"", ""valid_to"": null, ""confidence"": 1.0}",2026-09-01T12:36:16.091342
edge-1004,dev:olt-xg23,sw:axos-R26.1.0,RUNS,"{""source"": ""inventory_review"", ""method"": ""vendor_export"", ""observed_at"": ""2026-05-15T00:00:00+00:00"", ""valid_from"": ""2026-05-15T00:00:00+00:00"", ""valid_to"": null, ""confidence"": 1.0}",2026-09-01T12:36:16.091401
edge-1005,dev:olt-xg23,port:olt-xg23:x1/0,HAS_PORT,"{""source"": ""config_backup"", ""method"": ""config_parse"", ""observed_at"": ""2026-05-15T00:00:00+00:00"", ""valid_from"": ""2026-05-15T00:00:00+00:00"", ""valid_to"": null, ""confidence"": 1.0}",2026-09-01T12:36:16.091485
edge-1006,dev:olt-xg23,port:olt-xg23:x1/1,HAS_PORT,"{""source"": ""config_backup"", ""method"": ""config_parse"", ""observed_at"": ""2026-05-15T00:00:00+00:00"", ""valid_from"": ""2026-05-15T00:00:00+00:00"", ""valid_to"": null, ""confidence"": 1.0}",2026-09-01T12:36:16.091552
edge-1007,dev:olt-xg23,port:olt-xg23:p1/0,HAS_PORT,"{""source"": ""config_backup"", ""method"": ""config_parse"", ""observed_at"": ""2026-05-15T00:00:00+00:00"", ""valid_from"": ""2026-05-15T00:00:00+00:00"", ""valid_to"": null, ""confidence"": 1.0}",2026-09-01T12:36:16.091608
edge-1008,dev:olt-xg23,port:olt-xg23:p1/1,HAS_PORT,"{""source"": ""config_backup"", ""method"": ""config_parse"", ""observed_at"": ""2026-05-15T00:00:00+00:00"", ""valid_from"": ""2026-05-15T00:00:00+00:00"", ""valid_to"": null, ""confidence"": 1.0}",2026-09-01T12:36:16.091712
edge-1009,dev:olt-xg23,port:olt-xg23:p1/2,HAS_PORT,"{""source"": ""config_backup"", ""method"": ""config_parse"", ""observed_at"": ""2026-05-15T00:00:00+00:00"", ""valid_from"": ""2026-05-15T00:00:00+00:00"", ""valid_to"": null, ""confidence"": 1.0}",2026-09-01T12:36:16.091774
edge-1010,dev:olt-xg23,port:olt-xg23:p1/3,HAS_PORT,"{""source"": ""config_backup"", ""method"": ""config_parse"", ""observed_at"": ""2026-05-15T00:00:00+00:00"", ""valid_from"": ""2026-05-15T00:00:00+00:00"", ""valid_to"": null, ""confidence"": 1.0}",2026-09-01T12:36:16.091835
edge-1011,port:olt-xg23:x1/0,link:olt-xg23:x1/0--acx-30:xe-0/0/3,TERMINATES,"{""link_end"": ""a"", ""source"": ""nms"", ""method"": ""lldp"", ""observed_at"": ""2026-05-15T00:00:00+00:00"", ""valid_from"": ""2026-05-15T00:00:00+00:00"", ""valid_to"": null, ""confidence"": 1.0}",2026-09-01T12:36:16.091901
edge-1012,port:acx-30:xe-0/0/3,link:olt-xg23:x1/0--acx-30:xe-0/0/3,TERMINATES,"{""link_end"": ""z"", ""source"": ""nms"", ""method"": ""lldp"", ""observed_at"": ""2026-05-15T00:00:00+00:00"", ""valid_from"": ""2026-05-15T00:00:00+00:00"", ""valid_to"": null, ""confidence"": 1.0}",2026-09-01T12:36:16.091954
edge-1013,port:olt-xg23:p1/0,pon:olt-xg23-0,SERVES,"{""source"": ""calix_export"", ""method"": ""vendor_export"", ""observed_at"": ""2026-05-15T00:00:00+00:00"", ""valid_from"": ""2026-05-15T00:00:00+00:00"", ""valid_to"": null, ""confidence"": 1.0}",2026-09-01T12:36:16.092017
edge-1014,pon:olt-xg23-0,spl:olt-xg23-0,FEEDS,"{""source"": ""osp_records"", ""method"": ""manual"", ""observed_at"": ""2026-05-15T00:00:00+00:00"", ""valid_from"": ""2026-05-15T00:00:00+00:00"", ""valid_to"": null, ""confidence"": 0.8}",2026-09-01T12:36:16.092172
edge-1015,port:olt-xg23:p1/1,pon:olt-xg23-1,SERVES,"{""source"": ""calix_export"", ""method"": ""vendor_export"", ""observed_at"": ""2026-05-15T00:00:00+00:00"", ""valid_from"": ""2026-05-15T00:00:00+00:00"", ""valid_to"": null, ""confidence"": 1.0}",2026-09-01T12:36:16.092248
edge-1016,pon:olt-xg23-1,spl:olt-xg23-1,FEEDS,"{""source"": ""osp_records"", ""method"": ""manual"", ""observed_at"": ""2026-05-15T00:00:00+00:00"", ""valid_from"": ""2026-05-15T00:00:00+00:00"", ""valid_to"": null, ""confidence"": 0.8}",2026-09-01T12:36:16.092309
edge-1017,port:olt-xg23:p1/2,pon:olt-xg23-2,SERVES,"{""source"": ""calix_export"", ""method"": ""vendor_export"", ""observed_at"": ""2026-05-15T00:00:00+00:00"", ""valid_from"": ""2026-05-15T00:00:00+00:00"", ""valid_to"": null, ""confidence"": 1.0}",2026-09-01T12:36:16.092359
edge-1018,pon:olt-xg23-2,spl:olt-xg23-2,FEEDS,"{""source"": ""osp_records"", ""method"": ""manual"", ""observed_at"": ""2026-05-15T00:00:00+00:00"", ""valid_from"": ""2026-05-15T00:00:00+00:00"", ""valid_to"": null, ""confidence"": 0.8}",2026-09-01T12:36:16.092409
edge-1019,port:olt-xg23:p1/3,pon:olt-xg23-3,SERVES,"{""source"": ""calix_export"", ""method"": ""vendor_export"", ""observed_at"": ""2026-05-15T00:00:00+00:00"", ""valid_from"": ""2026-05-15T00:00:00+00:00"", ""valid_to"": null, ""confidence"": 1.0}",2026-09-01T12:36:16.092546
edge-1020,pon:olt-xg23-3,spl:olt-xg23-3,FEEDS,"{""source"": ""osp_records"", ""method"": ""manual"", ""observed_at"": ""2026-05-15T00:00:00+00:00"", ""valid_from"": ""2026-05-15T00:00:00+00:00"", ""valid_to"": null, ""confidence"": 0.8}",2026-09-01T12:36:16.092693
edge-1021,site:04,dev:olt-xg24,CONTAINS,"{""source"": ""inventory_review"", ""method"": ""vendor_export"", ""observed_at"": ""2026-05-15T00:00:00+00:00"", ""valid_from"": ""2026-05-15T00:00:00+00:00"", ""valid_to"": null, ""confidence"": 1.0}",2026-09-01T12:36:16.092753
edge-1022,dev:olt-xg24,sw:axos-R26.1.0,RUNS,"{""source"": ""inventory_review"", ""method"": ""vendor_export"", ""observed_at"": ""2026-05-15T00:00:00+00:00"", ""valid_from"": ""2026-05-15T00:00:00+00:00"", ""valid_to"": null, ""confidence"": 1.0}",2026-09-01T12:36:16.092799
edge-1023,dev:olt-xg24,port:olt-xg24:x1/0,HAS_PORT,"{""source"": ""config_backup"", ""method"": ""config_parse"", ""observed_at"": ""2026-05-15T00:00:00+00:00"", ""valid_from"": ""2026-05-15T00:00:00+00:00"", ""valid_to"": null, ""confidence"": 1.0}",2026-09-01T12:36:16.092850
edge-1024,dev:olt-xg24,port:olt-xg24:x1/1,HAS_PORT,"{""source"": ""config_backup"", ""method"": ""config_parse"", ""observed_at"": ""2026-05-15T00:00:00+00:00"", ""valid_from"": ""2026-05-15T00:00:00+00:00"", ""valid_to"": null, ""confidence"": 1.0}",2026-09-01T12:36:16.092972
edge-1025,dev:olt-xg24,port:olt-xg24:p1/0,HAS_PORT,"{""source"": ""config_backup"", ""method"": ""config_parse"", ""observed_at"": ""2026-05-15T00:00:00+00:00"", ""valid_from"": ""2026-05-15T00:00:00+00:00"", ""valid_to"": null, ""confidence"": 1.0}",2026-09-01T12:36:16.093040
edge-1026,dev:olt-xg24,port:olt-xg24:p1/1,HAS_PORT,"{""source"": ""config_backup"", ""method"": ""config_parse"", ""observed_at"": ""2026-05-15T00:00:00+00:00"", ""valid_from"": ""2026-05-15T00:00:00+00:00"", ""valid_to"": null, ""confidence"": 1.0}",2026-09-01T12:36:16.093089
edge-1027,dev:olt-xg24,port:olt-xg24:p1/2,HAS_PORT,"{""source"": ""config_backup"", ""method"": ""config_parse"", ""observed_at"": ""2026-05-15T00:00:00+00:00"", ""valid_from"": ""2026-05-15T00:00:00+00:00"", ""valid_to"": null, ""confidence"": 1.0}",2026-09-01T12:36:16.093139
edge-1028,dev:olt-xg24,port:olt-xg24:p1/3,HAS_PORT,"{""source"": ""config_backup"", ""method"": ""config_parse"", ""observed_at"": ""2026-05-15T00:00:00+00:00"", ""valid_from"": ""2026-05-15T00:00:00+00:00"", ""valid_to"": null, ""confidence"": 1.0}",2026-09-01T12:36:16.093192
edge-1029,port:olt-xg24:x1/0,link:olt-xg24:x1/0--acx-33:xe-0/0/0,TERMINATES,"{""link_end"": ""a"", ""source"": ""nms"", ""method"": ""lldp"", ""observed_at"": ""2026-05-15T00:00:00+00:00"", ""valid_from"": ""2026-05-15T00:00:00+00:00"", ""valid_to"": null, ""confidence"": 1.0}",2026-09-01T12:36:16.093245
edge-1030,port:acx-33:xe-0/0/0,link:olt-xg24:x1/0--acx-33:xe-0/0/0,TERMINATES,"{""link_end"": ""z"", ""source"": ""nms"", ""method"": ""lldp"", ""observed_at"": ""2026-05-15T00:00:00+00:00"", ""valid_from"": ""2026-05-15T00:00:00+00:00"", ""valid_to"": null, ""confidence"": 1.0}",2026-09-01T12:36:16.093291
edge-1031,port:olt-xg24:p1/0,pon:olt-xg24-0,SERVES,"{""source"": ""calix_export"", ""method"": ""vendor_export"", ""observed_at"": ""2026-05-15T00:00:00+00:00"", ""valid_from"": ""2026-05-15T00:00:00+00:00"", ""valid_to"": null, ""confidence"": 1.0}",2026-09-01T12:36:16.093350
edge-1032,pon:olt-xg24-0,spl:olt-xg24-0,FEEDS,"{""source"": ""osp_records"", ""method"": ""manual"", ""observed_at"": ""2026-05-15T00:00:00+00:00"", ""valid_from"": ""2026-05-15T00:00:00+00:00"", ""valid_to"": null, ""confidence"": 0.8}",2026-09-01T12:36:16.093456
edge-1033,port:olt-xg24:p1/1,pon:olt-xg24-1,SERVES,"{""source"": ""calix_export"", ""method"": ""vendor_export"", ""observed_at"": ""2026-05-15T00:00:00+00:00"", ""valid_from"": ""2026-05-15T00:00:00+00:00"", ""valid_to"": null, ""confidence"": 1.0}",2026-09-01T12:36:16.093510
edge-1034,pon:olt-xg24-1,spl:olt-xg24-1,FEEDS,"{""source"": ""osp_records"", ""method"": ""manual"", ""observed_at"": ""2026-05-15T00:00:00+00:00"", ""valid_from"": ""2026-05-15T00:00:00+00:00"", ""valid_to"": null, ""confidence"": 0.8}",2026-09-01T12:36:16.093558
edge-1035,port:olt-xg24:p1/2,pon:olt-xg24-2,SERVES,"{""source"": ""calix_export"", ""method"": ""vendor_export"", ""observed_at"": ""2026-05-15T00:00:00+00:00"", ""valid_from"": ""2026-05-15T00:00:00+00:00"", ""valid_to"": null, ""confidence"": 1.0}",2026-09-01T12:36:16.093603
edge-1036,pon:olt-xg24-2,spl:olt-xg24-2,FEEDS,"{""source"": ""osp_records"", ""method"": ""manual"", ""observed_at"": ""2026-05-15T00:00:00+00:00"", ""valid_from"": ""2026-05-15T00:00:00+00:00"", ""valid_to"": null, ""confidence"": 0.8}",2026-09-01T12:36:16.093678
edge-1037,port:olt-xg24:p1/3,pon:olt-xg24-3,SERVES,"{""source"": ""calix_export"", ""method"": ""vendor_export"", ""observed_at"": ""2026-05-15T00:00:00+00:00"", ""valid_from"": ""2026-05-15T00:00:00+00:00"", ""valid_to"": null, ""confidence"": 1.0}",2026-09-01T12:36:16.093802
edge-1038,pon:olt-xg24-3,spl:olt-xg24-3,FEEDS,"{""source"": ""osp_records"", ""method"": ""manual"", ""observed_at"": ""2026-05-15T00:00:00+00:00"", ""valid_from"": ""2026-05-15T00:00:00+00:00"", ""valid_to"": null, ""confidence"": 0.8}",2026-09-01T12:36:16.093857
edge-1039,site:07,dev:olt-xg25,CONTAINS,"{""source"": ""inventory_review"", ""method"": ""vendor_export"", ""observed_at"": ""2026-05-15T00:00:00+00:00"", ""valid_from"": ""2026-05-15T00:00:00+00:00"", ""valid_to"": null, ""confidence"": 1.0}",2026-09-01T12:36:16.093968
edge-1040,dev:olt-xg25,sw:axos-R26.1.0,RUNS,"{""source"": ""inventory_review"", ""method"": ""vendor_export"", ""observed_at"": ""2026-05-15T00:00:00+00:00"", ""valid_from"": ""2026-05-15T00:00:00+00:00"", ""valid_to"": null, ""confidence"": 1.0}",2026-09-01T12:36:16.094023
edge-1041,dev:olt-xg25,port:olt-xg25:x1/0,HAS_PORT,"{""source"": ""config_backup"", ""method"": ""config_parse"", ""observed_at"": ""2026-05-15T00:00:00+00:00"", ""valid_from"": ""2026-05-15T00:00:00+00:00"", ""valid_to"": null, ""confidence"": 1.0}",2026-09-01T12:36:16.094067
edge-1042,dev:olt-xg25,port:olt-xg25:x1/1,HAS_PORT,"{""source"": ""config_backup"", ""method"": ""config_parse"", ""observed_at"": ""2026-05-15T00:00:00+00:00"", ""valid_from"": ""2026-05-15T00:00:00+00:00"", ""valid_to"": null, ""confidence"": 1.0}",2026-09-01T12:36:16.094120
edge-1043,dev:olt-xg25,port:olt-xg25:p1/0,HAS_PORT,"{""source"": ""config_backup"", ""method"": ""config_parse"", ""observed_at"": ""2026-05-15T00:00:00+00:00"", ""valid_from"": ""2026-05-15T00:00:00+00:00"", ""valid_to"": null, ""confidence"": 1.0}",2026-09-01T12:36:16.094239
edge-1044,dev:olt-xg25,port:olt-xg25:p1/1,HAS_PORT,"{""source"": ""config_backup"", ""method"": ""config_parse"", ""observed_at"": ""2026-05-15T00:00:00+00:00"", ""valid_from"": ""2026-05-15T00:00:00+00:00"", ""valid_to"": null, ""confidence"": 1.0}",2026-09-01T12:36:16.094395
edge-1045,dev:olt-xg25,port:olt-xg25:p1/2,HAS_PORT,"{""source"": ""config_backup"", ""method"": ""config_parse"", ""observed_at"": ""2026-05-15T00:00:00+00:00"", ""valid_from"": ""2026-05-15T00:00:00+00:00"", ""valid_to"": null, ""confidence"": 1.0}",2026-09-01T12:36:16.094491
edge-1046,dev:olt-xg25,port:olt-xg25:p1/3,HAS_PORT,"{""source"": ""config_backup"", ""method"": ""config_parse"", ""observed_at"": ""2026-05-15T00:00:00+00:00"", ""valid_from"": ""2026-05-15T00:00:00+00:00"", ""valid_to"": null, ""confidence"": 1.0}",2026-09-01T12:36:16.094543
edge-1047,port:olt-xg25:x1/0,link:olt-xg25:x1/0--acx-36:xe-0/0/1,TERMINATES,"{""link_end"": ""a"", ""source"": ""nms"", ""method"": ""lldp"", ""observed_at"": ""2026-05-15T00:00:00+00:00"", ""valid_from"": ""2026-05-15T00:00:00+00:00"", ""valid_to"": null, ""confidence"": 1.0}",2026-09-01T12:36:16.094631
edge-1048,port:acx-36:xe-0/0/1,link:olt-xg25:x1/0--acx-36:xe-0/0/1,TERMINATES,"{""link_end"": ""z"", ""source"": ""nms"", ""method"": ""lldp"", ""observed_at"": ""2026-05-15T00:00:00+00:00"", ""valid_from"": ""2026-05-15T00:00:00+00:00"", ""valid_to"": null, ""confidence"": 1.0}",2026-09-01T12:36:16.094798
edge-1049,port:olt-xg25:p1/0,pon:olt-xg25-0,SERVES,"{""source"": ""calix_export"", ""method"": ""vendor_export"", ""observed_at"": ""2026-05-15T00:00:00+00:00"", ""valid_from"": ""2026-05-15T00:00:00+00:00"", ""valid_to"": null, ""confidence"": 1.0}",2026-09-01T12:36:16.094873
edge-1050,pon:olt-xg25-0,spl:olt-xg25-0,FEEDS,"{""source"": ""osp_records"", ""method"": ""manual"", ""observed_at"": ""2026-05-15T00:00:00+00:00"", ""valid_from"": ""2026-05-15T00:00:00+00:00"", ""valid_to"": null, ""confidence"": 0.8}",2026-09-01T12:36:16.094935
edge-1051,port:olt-xg25:p1/1,pon:olt-xg25-1,SERVES,"{""source"": ""calix_export"", ""method"": ""vendor_export"", ""observed_at"": ""2026-05-15T00:00:00+00:00"", ""valid_from"": ""2026-05-15T00:00:00+00:00"", ""valid_to"": null, ""confidence"": 1.0}",2026-09-01T12:36:16.094999
edge-1052,pon:olt-xg25-1,spl:olt-xg25-1,FEEDS,"{""source"": ""osp_records"", ""method"": ""manual"", ""observed_at"": ""2026-05-15T00:00:00+00:00"", ""valid_from"": ""2026-05-15T00:00:00+00:00"", ""valid_to"": null, ""confidence"": 0.8}",2026-09-01T12:36:16.095058
edge-1053,port:olt-xg25:p1/2,pon:olt-xg25-2,SERVES,"{""source"": ""calix_export"", ""method"": ""vendor_export"", ""observed_at"": ""2026-05-15T00:00:00+00:00"", ""valid_from"": ""2026-05-15T00:00:00+00:00"", ""valid_to"": null, ""confidence"": 1.0}",2026-09-01T12:36:16.095110
edge-1054,pon:olt-xg25-2,spl:olt-xg25-2,FEEDS,"{""source"": ""osp_records"", ""method"": ""manual"", ""observed_at"": ""2026-05-15T00:00:00+00:00"", ""valid_from"": ""2026-05-15T00:00:00+00:00"", ""valid_to"": null, ""confidence"": 0.8}",2026-09-01T12:36:16.095156
edge-1055,port:olt-xg25:p1/3,pon:olt-xg25-3,SERVES,"{""source"": ""calix_export"", ""method"": ""vendor_export"", ""observed_at"": ""2026-05-15T00:00:00+00:00"", ""valid_from"": ""2026-05-15T00:00:00+00:00"", ""valid_to"": null, ""confidence"": 1.0}",2026-09-01T12:36:16.095215
edge-1056,pon:olt-xg25-3,spl:olt-xg25-3,FEEDS,"{""source"": ""osp_records"", ""method"": ""manual"", ""observed_at"": ""2026-05-15T00:00:00+00:00"", ""valid_from"": ""2026-05-15T00:00:00+00:00"", ""valid_to"": null, ""confidence"": 0.8}",2026-09-01T12:36:16.095267
edge-1057,site:10,dev:olt-xg26,CONTAINS,"{""source"": ""inventory_review"", ""method"": ""vendor_export"", ""observed_at"": ""2026-05-15T00:00:00+00:00"", ""valid_from"": ""2026-05-15T00:00:00+00:00"", ""valid_to"": null, ""confidence"": 1.0}",2026-09-01T12:36:16.095317
edge-1058,dev:olt-xg26,sw:axos-R26.1.0,RUNS,"{""source"": ""inventory_review"", ""method"": ""vendor_export"", ""observed_at"": ""2026-05-15T00:00:00+00:00"", ""valid_from"": ""2026-05-15T00:00:00+00:00"", ""valid_to"": null, ""confidence"": 1.0}",2026-09-01T12:36:16.095426
edge-1059,dev:olt-xg26,port:olt-xg26:x1/0,HAS_PORT,"{""source"": ""config_backup"", ""method"": ""config_parse"", ""observed_at"": ""2026-05-15T00:00:00+00:00"", ""valid_from"": ""2026-05-15T00:00:00+00:00"", ""valid_to"": null, ""confidence"": 1.0}",2026-09-01T12:36:16.095483
edge-1060,dev:olt-xg26,port:olt-xg26:x1/1,HAS_PORT,"{""source"": ""config_backup"", ""method"": ""config_parse"", ""observed_at"": ""2026-05-15T00:00:00+00:00"", ""valid_from"": ""2026-05-15T00:00:00+00:00"", ""valid_to"": null, ""confidence"": 1.0}",2026-09-01T12:36:16.095532
edge-1061,dev:olt-xg26,port:olt-xg26:p1/0,HAS_PORT,"{""source"": ""config_backup"", ""method"": ""config_parse"", ""observed_at"": ""2026-05-15T00:00:00+00:00"", ""valid_from"": ""2026-05-15T00:00:00+00:00"", ""valid_to"": null, ""confidence"": 1.0}",2026-09-01T12:36:16.095582
edge-1062,dev:olt-xg26,port:olt-xg26:p1/1,HAS_PORT,"{""source"": ""config_backup"", ""method"": ""config_parse"", ""observed_at"": ""2026-05-15T00:00:00+00:00"", ""valid_from"": ""2026-05-15T00:00:00+00:00"", ""valid_to"": null, ""confidence"": 1.0}",2026-09-01T12:36:16.095657
edge-1063,dev:olt-xg26,port:olt-xg26:p1/2,HAS_PORT,"{""source"": ""config_backup"", ""method"": ""config_parse"", ""observed_at"": ""2026-05-15T00:00:00+00:00"", ""valid_from"": ""2026-05-15T00:00:00+00:00"", ""valid_to"": null, ""confidence"": 1.0}",2026-09-01T12:36:16.095726
edge-1064,dev:olt-xg26,port:olt-xg26:p1/3,HAS_PORT,"{""source"": ""config_backup"", ""method"": ""config_parse"", ""observed_at"": ""2026-05-15T00:00:00+00:00"", ""valid_from"": ""2026-05-15T00:00:00+00:00"", ""valid_to"": null, ""confidence"": 1.0}",2026-09-01T12:36:16.095770
edge-1065,port:olt-xg26:x1/0,link:olt-xg26:x1/0--acx-39:xe-0/0/2,TERMINATES,"{""link_end"": ""a"", ""source"": ""nms"", ""method"": ""lldp"", ""observed_at"": ""2026-05-15T00:00:00+00:00"", ""valid_from"": ""2026-05-15T00:00:00+00:00"", ""valid_to"": null, ""confidence"": 1.0}",2026-09-01T12:36:16.095831
edge-1066,port:acx-39:xe-0/0/2,link:olt-xg26:x1/0--acx-39:xe-0/0/2,TERMINATES,"{""link_end"": ""z"", ""source"": ""nms"", ""method"": ""lldp"", ""observed_at"": ""2026-05-15T00:00:00+00:00"", ""valid_from"": ""2026-05-15T00:00:00+00:00"", ""valid_to"": null, ""confidence"": 1.0}",2026-09-01T12:36:16.095896
edge-1067,port:olt-xg26:p1/0,pon:olt-xg26-0,SERVES,"{""source"": ""calix_export"", ""method"": ""vendor_export"", ""observed_at"": ""2026-05-15T00:00:00+00:00"", ""valid_from"": ""2026-05-15T00:00:00+00:00"", ""valid_to"": null, ""confidence"": 1.0}",2026-09-01T12:36:16.095943
edge-1068,pon:olt-xg26-0,spl:olt-xg26-0,FEEDS,"{""source"": ""osp_records"", ""method"": ""manual"", ""observed_at"": ""2026-05-15T00:00:00+00:00"", ""valid_from"": ""2026-05-15T00:00:00+00:00"", ""valid_to"": null, ""confidence"": 0.8}",2026-09-01T12:36:16.095989
edge-1069,port:olt-xg26:p1/1,pon:olt-xg26-1,SERVES,"{""source"": ""calix_export"", ""method"": ""vendor_export"", ""observed_at"": ""2026-05-15T00:00:00+00:00"", ""valid_from"": ""2026-05-15T00:00:00+00:00"", ""valid_to"": null, ""confidence"": 1.0}",2026-09-01T12:36:16.096038
edge-1070,pon:olt-xg26-1,spl:olt-xg26-1,FEEDS,"{""source"": ""osp_records"", ""method"": ""manual"", ""observed_at"": ""2026-05-15T00:00:00+00:00"", ""valid_from"": ""2026-05-15T00:00:00+00:00"", ""valid_to"": null, ""confidence"": 0.8}",2026-09-01T12:36:16.096096
edge-1071,port:olt-xg26:p1/2,pon:olt-xg26-2,SERVES,"{""source"": ""calix_export"", ""method"": ""vendor_export"", ""observed_at"": ""2026-05-15T00:00:00+00:00"", ""valid_from"": ""2026-05-15T00:00:00+00:00"", ""valid_to"": null, ""confidence"": 1.0}",2026-09-01T12:36:16.096138
edge-1072,pon:olt-xg26-2,spl:olt-xg26-2,FEEDS,"{""source"": ""osp_records"", ""method"": ""manual"", ""observed_at"": ""2026-05-15T00:00:00+00:00"", ""valid_from"": ""2026-05-15T00:00:00+00:00"", ""valid_to"": null, ""confidence"": 0.8}",2026-09-01T12:36:16.096175
edge-1073,port:olt-xg26:p1/3,pon:olt-xg26-3,SERVES,"{""source"": ""calix_export"", ""method"": ""vendor_export"", ""observed_at"": ""2026-05-15T00:00:00+00:00"", ""valid_from"": ""2026-05-15T00:00:00+00:00"", ""valid_to"": null, ""confidence"": 1.0}",2026-09-01T12:36:16.096286
edge-1074,pon:olt-xg26-3,spl:olt-xg26-3,FEEDS,"{""source"": ""osp_records"", ""method"": ""manual"", ""observed_at"": ""2026-05-15T00:00:00+00:00"", ""valid_from"": ""2026-05-15T00:00:00+00:00"", ""valid_to"": null, ""confidence"": 0.8}",2026-09-01T12:36:16.096335
edge-1075,site:sang,dev:olt-xg27,CONTAINS,"{""source"": ""inventory_review"", ""method"": ""vendor_export"", ""observed_at"": ""2026-05-15T00:00:00+00:00"", ""valid_from"": ""2026-05-15T00:00:00+00:00"", ""valid_to"": null, ""confidence"": 1.0}",2026-09-01T12:36:16.096392
edge-1076,dev:olt-xg27,sw:axos-R26.1.0,RUNS,"{""source"": ""inventory_review"", ""method"": ""vendor_export"", ""observed_at"": ""2026-05-15T00:00:00+00:00"", ""valid_from"": ""2026-05-15T00:00:00+00:00"", ""valid_to"": null, ""confidence"": 1.0}",2026-09-01T12:36:16.096453
edge-1077,dev:olt-xg27,port:olt-xg27:x1/0,HAS_PORT,"{""source"": ""config_backup"", ""method"": ""config_parse"", ""observed_at"": ""2026-05-15T00:00:00+00:00"", ""valid_from"": ""2026-05-15T00:00:00+00:00"", ""valid_to"": null, ""confidence"": 1.0}",2026-09-01T12:36:16.096515
edge-1078,dev:olt-xg27,port:olt-xg27:x1/1,HAS_PORT,"{""source"": ""config_backup"", ""method"": ""config_parse"", ""observed_at"": ""2026-05-15T00:00:00+00:00"", ""valid_from"": ""2026-05-15T00:00:00+00:00"", ""valid_to"": null, ""confidence"": 1.0}",2026-09-01T12:36:16.096566
edge-1079,dev:olt-xg27,port:olt-xg27:p1/0,HAS_PORT,"{""source"": ""config_backup"", ""method"": ""config_parse"", ""observed_at"": ""2026-05-15T00:00:00+00:00"", ""valid_from"": ""2026-05-15T00:00:00+00:00"", ""valid_to"": null, ""confidence"": 1.0}",2026-09-01T12:36:16.096627
edge-1080,dev:olt-xg27,port:olt-xg27:p1/1,HAS_PORT,"{""source"": ""config_backup"", ""method"": ""config_parse"", ""observed_at"": ""2026-05-15T00:00:00+00:00"", ""valid_from"": ""2026-05-15T00:00:00+00:00"", ""valid_to"": null, ""confidence"": 1.0}",2026-09-01T12:36:16.096685
edge-1081,dev:olt-xg27,port:olt-xg27:p1/2,HAS_PORT,"{""source"": ""config_backup"", ""method"": ""config_parse"", ""observed_at"": ""2026-05-15T00:00:00+00:00"", ""valid_from"": ""2026-05-15T00:00:00+00:00"", ""valid_to"": null, ""confidence"": 1.0}",2026-09-01T12:36:16.096729
edge-1082,dev:olt-xg27,port:olt-xg27:p1/3,HAS_PORT,"{""source"": ""config_backup"", ""method"": ""config_parse"", ""observed_at"": ""2026-05-15T00:00:00+00:00"", ""valid_from"": ""2026-05-15T00:00:00+00:00"", ""valid_to"": null, ""confidence"": 1.0}",2026-09-01T12:36:16.096780
edge-1083,port:olt-xg27:x1/0,link:olt-xg27:x1/0--acx-sang-a:xe-0/0/3,TERMINATES,"{""link_end"": ""a"", ""source"": ""nms"", ""method"": ""lldp"", ""observed_at"": ""2026-05-15T00:00:00+00:00"", ""valid_from"": ""2026-05-15T00:00:00+00:00"", ""valid_to"": null, ""confidence"": 1.0}",2026-09-01T12:36:16.096830
edge-1084,port:acx-sang-a:xe-0/0/3,link:olt-xg27:x1/0--acx-sang-a:xe-0/0/3,TERMINATES,"{""link_end"": ""z"", ""source"": ""nms"", ""method"": ""lldp"", ""observed_at"": ""2026-05-15T00:00:00+00:00"", ""valid_from"": ""2026-05-15T00:00:00+00:00"", ""valid_to"": null, ""confidence"": 1.0}",2026-09-01T12:36:16.096880
edge-1085,port:olt-xg27:p1/0,pon:olt-xg27-0,SERVES,"{""source"": ""calix_export"", ""method"": ""vendor_export"", ""observed_at"": ""2026-05-15T00:00:00+00:00"", ""valid_from"": ""2026-05-15T00:00:00+00:00"", ""valid_to"": null, ""confidence"": 1.0}",2026-09-01T12:36:16.096919
edge-1086,pon:olt-xg27-0,spl:olt-xg27-0,FEEDS,"{""source"": ""osp_records"", ""method"": ""manual"", ""observed_at"": ""2026-05-15T00:00:00+00:00"", ""valid_from"": ""2026-05-15T00:00:00+00:00"", ""valid_to"": null, ""confidence"": 0.8}",2026-09-01T12:36:16.096962
edge-1087,port:olt-xg27:p1/1,pon:olt-xg27-1,SERVES,"{""source"": ""calix_export"", ""method"": ""vendor_export"", ""observed_at"": ""2026-05-15T00:00:00+00:00"", ""valid_from"": ""2026-05-15T00:00:00+00:00"", ""valid_to"": null, ""confidence"": 1.0}",2026-09-01T12:36:16.097005
edge-1088,pon:olt-xg27-1,spl:olt-xg27-1,FEEDS,"{""source"": ""osp_records"", ""method"": ""manual"", ""observed_at"": ""2026-05-15T00:00:00+00:00"", ""valid_from"": ""2026-05-15T00:00:00+00:00"", ""valid_to"": null, ""confidence"": 0.8}",2026-09-01T12:36:16.097049
edge-1089,port:olt-xg27:p1/2,pon:olt-xg27-2,SERVES,"{""source"": ""calix_export"", ""method"": ""vendor_export"", ""observed_at"": ""2026-05-15T00:00:00+00:00"", ""valid_from"": ""2026-05-15T00:00:00+00:00"", ""valid_to"": null, ""confidence"": 1.0}",2026-09-01T12:36:16.097095
edge-1090,pon:olt-xg27-2,spl:olt-xg27-2,FEEDS,"{""source"": ""osp_records"", ""method"": ""manual"", ""observed_at"": ""2026-05-15T00:00:00+00:00"", ""valid_from"": ""2026-05-15T00:00:00+00:00"", ""valid_to"": null, ""confidence"": 0.8}",2026-09-01T12:36:16.097215
edge-1091,port:olt-xg27:p1/3,pon:olt-xg27-3,SERVES,"{""source"": ""calix_export"", ""method"": ""vendor_export"", ""observed_at"": ""2026-05-15T00:00:00+00:00"", ""valid_from"": ""2026-05-15T00:00:00+00:00"", ""valid_to"": null, ""confidence"": 1.0}",2026-09-01T12:36:16.097295
edge-1092,pon:olt-xg27-3,spl:olt-xg27-3,FEEDS,"{""source"": ""osp_records"", ""method"": ""manual"", ""observed_at"": ""2026-05-15T00:00:00+00:00"", ""valid_from"": ""2026-05-15T00:00:00+00:00"", ""valid_to"": null, ""confidence"": 0.8}",2026-09-01T12:36:16.097361
edge-1093,site:08,dev:olt-xg28,CONTAINS,"{""source"": ""inventory_review"", ""method"": ""vendor_export"", ""observed_at"": ""2026-05-15T00:00:00+00:00"", ""valid_from"": ""2026-05-15T00:00:00+00:00"", ""valid_to"": null, ""confidence"": 1.0}",2026-09-01T12:36:16.097470
edge-1094,dev:olt-xg28,sw:axos-R26.1.0,RUNS,"{""source"": ""inventory_review"", ""method"": ""vendor_export"", ""observed_at"": ""2026-05-15T00:00:00+00:00"", ""valid_from"": ""2026-05-15T00:00:00+00:00"", ""valid_to"": null, ""confidence"": 1.0}",2026-09-01T12:36:16.097634
edge-1095,dev:olt-xg28,port:olt-xg28:x1/0,HAS_PORT,"{""source"": ""config_backup"", ""method"": ""config_parse"", ""observed_at"": ""2026-05-15T00:00:00+00:00"", ""valid_from"": ""2026-05-15T00:00:00+00:00"", ""valid_to"": null, ""confidence"": 1.0}",2026-09-01T12:36:16.097869
edge-1096,dev:olt-xg28,port:olt-xg28:x1/1,HAS_PORT,"{""source"": ""config_backup"", ""method"": ""config_parse"", ""observed_at"": ""2026-05-15T00:00:00+00:00"", ""valid_from"": ""2026-05-15T00:00:00+00:00"", ""valid_to"": null, ""confidence"": 1.0}",2026-09-01T12:36:16.097943
edge-1097,dev:olt-xg28,port:olt-xg28:p1/0,HAS_PORT,"{""source"": ""config_backup"", ""method"": ""config_parse"", ""observed_at"": ""2026-05-15T00:00:00+00:00"", ""valid_from"": ""2026-05-15T00:00:00+00:00"", ""valid_to"": null, ""confidence"": 1.0}",2026-09-01T12:36:16.098002
edge-1098,dev:olt-xg28,port:olt-xg28:p1/1,HAS_PORT,"{""source"": ""config_backup"", ""method"": ""config_parse"", ""observed_at"": ""2026-05-15T00:00:00+00:00"", ""valid_from"": ""2026-05-15T00:00:00+00:00"", ""valid_to"": null, ""confidence"": 1.0}",2026-09-01T12:36:16.098057
edge-1099,dev:olt-xg28,port:olt-xg28:p1/2,HAS_PORT,"{""source"": ""config_backup"", ""method"": ""config_parse"", ""observed_at"": ""2026-05-15T00:00:00+00:00"", ""valid_from"": ""2026-05-15T00:00:00+00:00"", ""valid_to"": null, ""confidence"": 1.0}",2026-09-01T12:36:16.098114
edge-1100,dev:olt-xg28,port:olt-xg28:p1/3,HAS_PORT,"{""source"": ""config_backup"", ""method"": ""config_parse"", ""observed_at"": ""2026-05-15T00:00:00+00:00"", ""valid_from"": ""2026-05-15T00:00:00+00:00"", ""valid_to"": null, ""confidence"": 1.0}",2026-09-01T12:36:16.098171
edge-1101,port:olt-xg28:x1/0,link:olt-xg28:x1/0--acx-05:xe-0/0/0,TERMINATES,"{""link_end"": ""a"", ""source"": ""nms"", ""method"": ""lldp"", ""observed_at"": ""2026-05-15T00:00:00+00:00"", ""valid_from"": ""2026-05-15T00:00:00+00:00"", ""valid_to"": null, ""confidence"": 1.0}",2026-09-01T12:36:16.098230
edge-1102,port:acx-05:xe-0/0/0,link:olt-xg28:x1/0--acx-05:xe-0/0/0,TERMINATES,"{""link_end"": ""z"", ""source"": ""nms"", ""method"": ""lldp"", ""observed_at"": ""2026-05-15T00:00:00+00:00"", ""valid_from"": ""2026-05-15T00:00:00+00:00"", ""valid_to"": null, ""confidence"": 1.0}",2026-09-01T12:36:16.098297
edge-1103,port:olt-xg28:p1/0,pon:olt-xg28-0,SERVES,"{""source"": ""calix_export"", ""method"": ""vendor_export"", ""observed_at"": ""2026-05-15T00:00:00+00:00"", ""valid_from"": ""2026-05-15T00:00:00+00:00"", ""valid_to"": null, ""confidence"": 1.0}",2026-09-01T12:36:16.098351
edge-1104,pon:olt-xg28-0,spl:olt-xg28-0,FEEDS,"{""source"": ""osp_records"", ""method"": ""manual"", ""observed_at"": ""2026-05-15T00:00:00+00:00"", ""valid_from"": ""2026-05-15T00:00:00+00:00"", ""valid_to"": null, ""confidence"": 0.8}",2026-09-01T12:36:16.098403
edge-1105,port:olt-xg28:p1/1,pon:olt-xg28-1,SERVES,"{""source"": ""calix_export"", ""method"": ""vendor_export"", ""observed_at"": ""2026-05-15T00:00:00+00:00"", ""valid_from"": ""2026-05-15T00:00:00+00:00"", ""valid_to"": null, ""confidence"": 1.0}",2026-09-01T12:36:16.098511
edge-1106,pon:olt-xg28-1,spl:olt-xg28-1,FEEDS,"{""source"": ""osp_records"", ""method"": ""manual"", ""observed_at"": ""2026-05-15T00:00:00+00:00"", ""valid_from"": ""2026-05-15T00:00:00+00:00"", ""valid_to"": null, ""confidence"": 0.8}",2026-09-01T12:36:16.098568
edge-1107,port:olt-xg28:p1/2,pon:olt-xg28-2,SERVES,"{""source"": ""calix_export"", ""method"": ""vendor_export"", ""observed_at"": ""2026-05-15T00:00:00+00:00"", ""valid_from"": ""2026-05-15T00:00:00+00:00"", ""valid_to"": null, ""confidence"": 1.0}",2026-09-01T12:36:16.098615
edge-1108,pon:olt-xg28-2,spl:olt-xg28-2,FEEDS,"{""source"": ""osp_records"", ""method"": ""manual"", ""observed_at"": ""2026-05-15T00:00:00+00:00"", ""valid_from"": ""2026-05-15T00:00:00+00:00"", ""valid_to"": null, ""confidence"": 0.8}",2026-09-01T12:36:16.098675
edge-1109,port:olt-xg28:p1/3,pon:olt-xg28-3,SERVES,"{""source"": ""calix_export"", ""method"": ""vendor_export"", ""observed_at"": ""2026-05-15T00:00:00+00:00"", ""valid_from"": ""2026-05-15T00:00:00+00:00"", ""valid_to"": null, ""confidence"": 1.0}",2026-09-01T12:36:16.098723
edge-1110,pon:olt-xg28-3,spl:olt-xg28-3,FEEDS,"{""source"": ""osp_records"", ""method"": ""manual"", ""observed_at"": ""2026-05-15T00:00:00+00:00"", ""valid_from"": ""2026-05-15T00:00:00+00:00"", ""valid_to"": null, ""confidence"": 0.8}",2026-09-01T12:36:16.098771
edge-1111,site:03,dev:olt-xg29,CONTAINS,"{""source"": ""inventory_review"", ""method"": ""vendor_export"", ""observed_at"": ""2026-05-15T00:00:00+00:00"", ""valid_from"": ""2026-05-15T00:00:00+00:00"", ""valid_to"": null, ""confidence"": 1.0}",2026-09-01T12:36:16.098821
edge-1112,dev:olt-xg29,sw:axos-R26.1.0,RUNS,"{""source"": ""inventory_review"", ""method"": ""vendor_export"", ""observed_at"": ""2026-05-15T00:00:00+00:00"", ""valid_from"": ""2026-05-15T00:00:00+00:00"", ""valid_to"": null, ""confidence"": 1.0}",2026-09-01T12:36:16.098874
edge-1113,dev:olt-xg29,port:olt-xg29:x1/0,HAS_PORT,"{""source"": ""config_backup"", ""method"": ""config_parse"", ""observed_at"": ""2026-05-15T00:00:00+00:00"", ""valid_from"": ""2026-05-15T00:00:00+00:00"", ""valid_to"": null, ""confidence"": 1.0}",2026-09-01T12:36:16.099011
edge-1114,dev:olt-xg29,port:olt-xg29:x1/1,HAS_PORT,"{""source"": ""config_backup"", ""method"": ""config_parse"", ""observed_at"": ""2026-05-15T00:00:00+00:00"", ""valid_from"": ""2026-05-15T00:00:00+00:00"", ""valid_to"": null, ""confidence"": 1.0}",2026-09-01T12:36:16.099086
edge-1115,dev:olt-xg29,port:olt-xg29:p1/0,HAS_PORT,"{""source"": ""config_backup"", ""method"": ""config_parse"", ""observed_at"": ""2026-05-15T00:00:00+00:00"", ""valid_from"": ""2026-05-15T00:00:00+00:00"", ""valid_to"": null, ""confidence"": 1.0}",2026-09-01T12:36:16.099137
edge-1116,dev:olt-xg29,port:olt-xg29:p1/1,HAS_PORT,"{""source"": ""config_backup"", ""method"": ""config_parse"", ""observed_at"": ""2026-05-15T00:00:00+00:00"", ""valid_from"": ""2026-05-15T00:00:00+00:00"", ""valid_to"": null, ""confidence"": 1.0}",2026-09-01T12:36:16.099183
edge-1117,dev:olt-xg29,port:olt-xg29:p1/2,HAS_PORT,"{""source"": ""config_backup"", ""method"": ""config_parse"", ""observed_at"": ""2026-05-15T00:00:00+00:00"", ""valid_from"": ""2026-05-15T00:00:00+00:00"", ""valid_to"": null, ""confidence"": 1.0}",2026-09-01T12:36:16.099228
edge-1118,dev:olt-xg29,port:olt-xg29:p1/3,HAS_PORT,"{""source"": ""config_backup"", ""method"": ""config_parse"", ""observed_at"": ""2026-05-15T00:00:00+00:00"", ""valid_from"": ""2026-05-15T00:00:00+00:00"", ""valid_to"": null, ""confidence"": 1.0}",2026-09-01T12:36:16.099274
edge-1119,port:olt-xg29:x1/0,link:olt-xg29:x1/0--acx-08:xe-0/0/1,TERMINATES,"{""link_end"": ""a"", ""source"": ""nms"", ""method"": ""lldp"", ""observed_at"": ""2026-05-15T00:00:00+00:00"", ""valid_from"": ""2026-05-15T00:00:00+00:00"", ""valid_to"": null, ""confidence"": 1.0}",2026-09-01T12:36:16.099381
edge-1120,port:acx-08:xe-0/0/1,link:olt-xg29:x1/0--acx-08:xe-0/0/1,TERMINATES,"{""link_end"": ""z"", ""source"": ""nms"", ""method"": ""lldp"", ""observed_at"": ""2026-05-15T00:00:00+00:00"", ""valid_from"": ""2026-05-15T00:00:00+00:00"", ""valid_to"": null, ""confidence"": 1.0}",2026-09-01T12:36:16.099437
edge-1121,port:olt-xg29:p1/0,pon:olt-xg29-0,SERVES,"{""source"": ""calix_export"", ""method"": ""vendor_export"", ""observed_at"": ""2026-05-15T00:00:00+00:00"", ""valid_from"": ""2026-05-15T00:00:00+00:00"", ""valid_to"": null, ""confidence"": 1.0}",2026-09-01T12:36:16.099484
edge-1122,pon:olt-xg29-0,spl:olt-xg29-0,FEEDS,"{""source"": ""osp_records"", ""method"": ""manual"", ""observed_at"": ""2026-05-15T00:00:00+00:00"", ""valid_from"": ""2026-05-15T00:00:00+00:00"", ""valid_to"": null, ""confidence"": 0.8}",2026-09-01T12:36:16.099532
edge-1123,port:olt-xg29:p1/1,pon:olt-xg29-1,SERVES,"{""source"": ""calix_export"", ""method"": ""vendor_export"", ""observed_at"": ""2026-05-15T00:00:00+00:00"", ""valid_from"": ""2026-05-15T00:00:00+00:00"", ""valid_to"": null, ""confidence"": 1.0}",2026-09-01T12:36:16.099577
edge-1124,pon:olt-xg29-1,spl:olt-xg29-1,FEEDS,"{""source"": ""osp_records"", ""method"": ""manual"", ""observed_at"": ""2026-05-15T00:00:00+00:00"", ""valid_from"": ""2026-05-15T00:00:00+00:00"", ""valid_to"": null, ""confidence"": 0.8}",2026-09-01T12:36:16.099624
edge-1125,port:olt-xg29:p1/2,pon:olt-xg29-2,SERVES,"{""source"": ""calix_export"", ""method"": ""vendor_export"", ""observed_at"": ""2026-05-15T00:00:00+00:00"", ""valid_from"": ""2026-05-15T00:00:00+00:00"", ""valid_to"": null, ""confidence"": 1.0}",2026-09-01T12:36:16.099687
edge-1126,pon:olt-xg29-2,spl:olt-xg29-2,FEEDS,"{""source"": ""osp_records"", ""method"": ""manual"", ""observed_at"": ""2026-05-15T00:00:00+00:00"", ""valid_from"": ""2026-05-15T00:00:00+00:00"", ""valid_to"": null, ""confidence"": 0.8}",2026-09-01T12:36:16.099738
edge-1127,port:olt-xg29:p1/3,pon:olt-xg29-3,SERVES,"{""source"": ""calix_export"", ""method"": ""vendor_export"", ""observed_at"": ""2026-05-15T00:00:00+00:00"", ""valid_from"": ""2026-05-15T00:00:00+00:00"", ""valid_to"": null, ""confidence"": 1.0}",2026-09-01T12:36:16.099786
edge-1128,pon:olt-xg29-3,spl:olt-xg29-3,FEEDS,"{""source"": ""osp_records"", ""method"": ""manual"", ""observed_at"": ""2026-05-15T00:00:00+00:00"", ""valid_from"": ""2026-05-15T00:00:00+00:00"", ""valid_to"": null, ""confidence"": 0.8}",2026-09-01T12:36:16.099832
edge-1129,site:03,dev:olt-exa01,CONTAINS,"{""source"": ""inventory_review"", ""method"": ""vendor_export"", ""observed_at"": ""2026-05-15T00:00:00+00:00"", ""valid_from"": ""2026-05-15T00:00:00+00:00"", ""valid_to"": null, ""confidence"": 1.0}",2026-09-01T12:36:16.099879
edge-1130,dev:olt-exa01,sw:exa-3.4.70.88,RUNS,"{""source"": ""inventory_review"", ""method"": ""vendor_export"", ""observed_at"": ""2026-05-15T00:00:00+00:00"", ""valid_from"": ""2026-05-15T00:00:00+00:00"", ""valid_to"": null, ""confidence"": 1.0}",2026-09-01T12:36:16.099925
edge-1131,site:10,dev:olt-exa02,CONTAINS,"{""source"": ""inventory_review"", ""method"": ""vendor_export"", ""observed_at"": ""2026-05-15T00:00:00+00:00"", ""valid_from"": ""2026-05-15T00:00:00+00:00"", ""valid_to"": null, ""confidence"": 1.0}",2026-09-01T12:36:16.099973
edge-1132,dev:olt-exa02,sw:exa-3.4.70.88,RUNS,"{""source"": ""inventory_review"", ""method"": ""vendor_export"", ""observed_at"": ""2026-05-15T00:00:00+00:00"", ""valid_from"": ""2026-05-15T00:00:00+00:00"", ""valid_to"": null, ""confidence"": 1.0}",2026-09-01T12:36:16.100018
edge-1133,site:09,dev:olt-exa03,CONTAINS,"{""source"": ""inventory_review"", ""method"": ""vendor_export"", ""observed_at"": ""2026-05-15T00:00:00+00:00"", ""valid_from"": ""2026-05-15T00:00:00+00:00"", ""valid_to"": null, ""confidence"": 1.0}",2026-09-01T12:36:16.100076
edge-1134,dev:olt-exa03,sw:exa-3.4.70.88,RUNS,"{""source"": ""inventory_review"", ""method"": ""vendor_export"", ""observed_at"": ""2026-05-15T00:00:00+00:00"", ""valid_from"": ""2026-05-15T00:00:00+00:00"", ""valid_to"": null, ""confidence"": 1.0}",2026-09-01T12:36:16.100123
edge-1135,site:08,dev:olt-exa04,CONTAINS,"{""source"": ""inventory_review"", ""method"": ""vendor_export"", ""observed_at"": ""2026-05-15T00:00:00+00:00"", ""valid_from"": ""2026-05-15T00:00:00+00:00"", ""valid_to"": null, ""confidence"": 1.0}",2026-09-01T12:36:16.100169
edge-1136,dev:olt-exa04,sw:exa-3.4.70.88,RUNS,"{""source"": ""inventory_review"", ""method"": ""vendor_export"", ""observed_at"": ""2026-05-15T00:00:00+00:00"", ""valid_from"": ""2026-05-15T00:00:00+00:00"", ""valid_to"": null, ""confidence"": 1.0}",2026-09-01T12:36:16.100217
edge-1137,prot:erps-mgmt,dev:olt-xg01,PROTECTS,"{""source"": ""config_backup"", ""method"": ""config_parse"", ""observed_at"": ""2026-05-15T00:00:00+00:00"", ""valid_from"": ""2026-05-15T00:00:00+00:00"", ""valid_to"": null, ""confidence"": 1.0}",2026-09-01T12:36:16.100315
edge-1138,prot:erps-mgmt,dev:olt-xg02,PROTECTS,"{""source"": ""config_backup"", ""method"": ""config_parse"", ""observed_at"": ""2026-05-15T00:00:00+00:00"", ""valid_from"": ""2026-05-15T00:00:00+00:00"", ""valid_to"": null, ""confidence"": 1.0}",2026-09-01T12:36:16.100363
edge-1139,prot:erps-mgmt,dev:olt-xg03,PROTECTS,"{""source"": ""config_backup"", ""method"": ""config_parse"", ""observed_at"": ""2026-05-15T00:00:00+00:00"", ""valid_from"": ""2026-05-15T00:00:00+00:00"", ""valid_to"": null, ""confidence"": 1.0}",2026-09-01T12:36:16.100414
edge-1140,prot:erps-mgmt,dev:olt-xg04,PROTECTS,"{""source"": ""config_backup"", ""method"": ""config_parse"", ""observed_at"": ""2026-05-15T00:00:00+00:00"", ""valid_from"": ""2026-05-15T00:00:00+00:00"", ""valid_to"": null, ""confidence"": 1.0}",2026-09-01T12:36:16.100465
edge-1141,prot:erps-mgmt,dev:olt-xg05,PROTECTS,"{""source"": ""config_backup"", ""method"": ""config_parse"", ""observed_at"": ""2026-05-15T00:00:00+00:00"", ""valid_from"": ""2026-05-15T00:00:00+00:00"", ""valid_to"": null, ""confidence"": 1.0}",2026-09-01T12:36:16.100510
edge-1142,prot:erps-mgmt,dev:olt-xg06,PROTECTS,"{""source"": ""config_backup"", ""method"": ""config_parse"", ""observed_at"": ""2026-05-15T00:00:00+00:00"", ""valid_from"": ""2026-05-15T00:00:00+00:00"", ""valid_to"": null, ""confidence"": 1.0}",2026-09-01T12:36:16.100557
edge-1143,prot:erps-mgmt,dev:olt-xg07,PROTECTS,"{""source"": ""config_backup"", ""method"": ""config_parse"", ""observed_at"": ""2026-05-15T00:00:00+00:00"", ""valid_from"": ""2026-05-15T00:00:00+00:00"", ""valid_to"": null, ""confidence"": 1.0}",2026-09-01T12:36:16.100609
edge-1144,prot:erps-mgmt,dev:olt-xg08,PROTECTS,"{""source"": ""config_backup"", ""method"": ""config_parse"", ""observed_at"": ""2026-05-15T00:00:00+00:00"", ""valid_from"": ""2026-05-15T00:00:00+00:00"", ""valid_to"": null, ""confidence"": 1.0}",2026-09-01T12:36:16.100658
edge-1145,prot:erps-mgmt,dev:olt-xg09,PROTECTS,"{""source"": ""config_backup"", ""method"": ""config_parse"", ""observed_at"": ""2026-05-15T00:00:00+00:00"", ""valid_from"": ""2026-05-15T00:00:00+00:00"", ""valid_to"": null, ""confidence"": 1.0}",2026-09-01T12:36:16.100705
edge-1146,prot:erps-mgmt,dev:olt-xg10,PROTECTS,"{""source"": ""config_backup"", ""method"": ""config_parse"", ""observed_at"": ""2026-05-15T00:00:00+00:00"", ""valid_from"": ""2026-05-15T00:00:00+00:00"", ""valid_to"": null, ""confidence"": 1.0}",2026-09-01T12:36:16.100753
edge-1147,prot:erps-mgmt,dev:olt-xg11,PROTECTS,"{""source"": ""config_backup"", ""method"": ""config_parse"", ""observed_at"": ""2026-05-15T00:00:00+00:00"", ""valid_from"": ""2026-05-15T00:00:00+00:00"", ""valid_to"": null, ""confidence"": 1.0}",2026-09-01T12:36:16.100798
edge-1148,prot:erps-mgmt,dev:olt-xg12,PROTECTS,"{""source"": ""config_backup"", ""method"": ""config_parse"", ""observed_at"": ""2026-05-15T00:00:00+00:00"", ""valid_from"": ""2026-05-15T00:00:00+00:00"", ""valid_to"": null, ""confidence"": 1.0}",2026-09-01T12:36:16.100842
edge-1149,prot:erps-mgmt,dev:olt-xg13,PROTECTS,"{""source"": ""config_backup"", ""method"": ""config_parse"", ""observed_at"": ""2026-05-15T00:00:00+00:00"", ""valid_from"": ""2026-05-15T00:00:00+00:00"", ""valid_to"": null, ""confidence"": 1.0}",2026-09-01T12:36:16.100888
edge-1150,prot:erps-mgmt,dev:olt-xg14,PROTECTS,"{""source"": ""config_backup"", ""method"": ""config_parse"", ""observed_at"": ""2026-05-15T00:00:00+00:00"", ""valid_from"": ""2026-05-15T00:00:00+00:00"", ""valid_to"": null, ""confidence"": 1.0}",2026-09-01T12:36:16.100936
edge-1151,prot:erps-mgmt,dev:olt-xg15,PROTECTS,"{""source"": ""config_backup"", ""method"": ""config_parse"", ""observed_at"": ""2026-05-15T00:00:00+00:00"", ""valid_from"": ""2026-05-15T00:00:00+00:00"", ""valid_to"": null, ""confidence"": 1.0}",2026-09-01T12:36:16.100983
edge-1152,prot:erps-mgmt,dev:olt-xg16,PROTECTS,"{""source"": ""config_backup"", ""method"": ""config_parse"", ""observed_at"": ""2026-05-15T00:00:00+00:00"", ""valid_from"": ""2026-05-15T00:00:00+00:00"", ""valid_to"": null, ""confidence"": 1.0}",2026-09-01T12:36:16.101027
edge-1153,prot:erps-mgmt,dev:olt-xg17,PROTECTS,"{""source"": ""config_backup"", ""method"": ""config_parse"", ""observed_at"": ""2026-05-15T00:00:00+00:00"", ""valid_from"": ""2026-05-15T00:00:00+00:00"", ""valid_to"": null, ""confidence"": 1.0}",2026-09-01T12:36:16.101081
edge-1154,prot:erps-mgmt,dev:olt-xg18,PROTECTS,"{""source"": ""config_backup"", ""method"": ""config_parse"", ""observed_at"": ""2026-05-15T00:00:00+00:00"", ""valid_from"": ""2026-05-15T00:00:00+00:00"", ""valid_to"": null, ""confidence"": 1.0}",2026-09-01T12:36:16.101130
edge-1155,prot:erps-mgmt,dev:olt-xg19,PROTECTS,"{""source"": ""config_backup"", ""method"": ""config_parse"", ""observed_at"": ""2026-05-15T00:00:00+00:00"", ""valid_from"": ""2026-05-15T00:00:00+00:00"", ""valid_to"": null, ""confidence"": 1.0}",2026-09-01T12:36:16.101176
edge-1156,prot:erps-mgmt,dev:olt-xg20,PROTECTS,"{""source"": ""config_backup"", ""method"": ""config_parse"", ""observed_at"": ""2026-05-15T00:00:00+00:00"", ""valid_from"": ""2026-05-15T00:00:00+00:00"", ""valid_to"": null, ""confidence"": 1.0}",2026-09-01T12:36:16.101272
edge-1157,prot:erps-mgmt,dev:olt-xg21,PROTECTS,"{""source"": ""config_backup"", ""method"": ""config_parse"", ""observed_at"": ""2026-05-15T00:00:00+00:00"", ""valid_from"": ""2026-05-15T00:00:00+00:00"", ""valid_to"": null, ""confidence"": 1.0}",2026-09-01T12:36:16.101332
edge-1158,prot:erps-mgmt,dev:olt-xg22,PROTECTS,"{""source"": ""config_backup"", ""method"": ""config_parse"", ""observed_at"": ""2026-05-15T00:00:00+00:00"", ""valid_from"": ""2026-05-15T00:00:00+00:00"", ""valid_to"": null, ""confidence"": 1.0}",2026-09-01T12:36:16.101380
edge-1159,prot:erps-mgmt,dev:olt-xg23,PROTECTS,"{""source"": ""config_backup"", ""method"": ""config_parse"", ""observed_at"": ""2026-05-15T00:00:00+00:00"", ""valid_from"": ""2026-05-15T00:00:00+00:00"", ""valid_to"": null, ""confidence"": 1.0}",2026-09-01T12:36:16.101429
edge-1160,prot:erps-mgmt,dev:olt-xg24,PROTECTS,"{""source"": ""config_backup"", ""method"": ""config_parse"", ""observed_at"": ""2026-05-15T00:00:00+00:00"", ""valid_from"": ""2026-05-15T00:00:00+00:00"", ""valid_to"": null, ""confidence"": 1.0}",2026-09-01T12:36:16.101474
edge-1161,prot:erps-mgmt,dev:olt-xg25,PROTECTS,"{""source"": ""config_backup"", ""method"": ""config_parse"", ""observed_at"": ""2026-05-15T00:00:00+00:00"", ""valid_from"": ""2026-05-15T00:00:00+00:00"", ""valid_to"": null, ""confidence"": 1.0}",2026-09-01T12:36:16.101520
edge-1162,prot:erps-mgmt,dev:olt-xg26,PROTECTS,"{""source"": ""config_backup"", ""method"": ""config_parse"", ""observed_at"": ""2026-05-15T00:00:00+00:00"", ""valid_from"": ""2026-05-15T00:00:00+00:00"", ""valid_to"": null, ""confidence"": 1.0}",2026-09-01T12:36:16.101567
edge-1163,prot:erps-mgmt,dev:olt-xg27,PROTECTS,"{""source"": ""config_backup"", ""method"": ""config_parse"", ""observed_at"": ""2026-05-15T00:00:00+00:00"", ""valid_from"": ""2026-05-15T00:00:00+00:00"", ""valid_to"": null, ""confidence"": 1.0}",2026-09-01T12:36:16.101614
edge-1164,prot:erps-mgmt,dev:olt-xg28,PROTECTS,"{""source"": ""config_backup"", ""method"": ""config_parse"", ""observed_at"": ""2026-05-15T00:00:00+00:00"", ""valid_from"": ""2026-05-15T00:00:00+00:00"", ""valid_to"": null, ""confidence"": 1.0}",2026-09-01T12:36:16.101681
edge-1165,prot:erps-mgmt,dev:olt-xg29,PROTECTS,"{""source"": ""config_backup"", ""method"": ""config_parse"", ""observed_at"": ""2026-05-15T00:00:00+00:00"", ""valid_from"": ""2026-05-15T00:00:00+00:00"", ""valid_to"": null, ""confidence"": 1.0}",2026-09-01T12:36:16.101730
edge-1166,spl:olt-xg01-0,ont:olt-xg01-0-00,FEEDS,"{""splitter_port"": 0, ""source"": ""calix_export"", ""method"": ""vendor_export"", ""observed_at"": ""2026-05-15T00:00:00+00:00"", ""valid_from"": ""2026-05-15T00:00:00+00:00"", ""valid_to"": null, ""confidence"": 1.0}",2026-09-01T12:36:16.101785
edge-1167,ont:olt-xg01-0-00,sub:olt-xg01-0-00,SERVES,"{""source"": ""billing"", ""method"": ""export"", ""observed_at"": ""2026-05-15T00:00:00+00:00"", ""valid_from"": ""2026-05-15T00:00:00+00:00"", ""valid_to"": null, ""confidence"": 1.0}",2026-09-01T12:36:16.101831
edge-1168,spl:olt-xg01-0,ont:olt-xg01-0-01,FEEDS,"{""splitter_port"": 1, ""source"": ""calix_export"", ""method"": ""vendor_export"", ""observed_at"": ""2026-05-15T00:00:00+00:00"", ""valid_from"": ""2026-05-15T00:00:00+00:00"", ""valid_to"": null, ""confidence"": 1.0}",2026-09-01T12:36:16.101880
edge-1169,ont:olt-xg01-0-01,sub:olt-xg01-0-01,SERVES,"{""source"": ""billing"", ""method"": ""export"", ""observed_at"": ""2026-05-15T00:00:00+00:00"", ""valid_from"": ""2026-05-15T00:00:00+00:00"", ""valid_to"": null, ""confidence"": 1.0}",2026-09-01T12:36:16.101926
edge-1170,spl:olt-xg01-0,ont:olt-xg01-0-02,FEEDS,"{""splitter_port"": 2, ""source"": ""calix_export"", ""method"": ""vendor_export"", ""observed_at"": ""2026-05-15T00:00:00+00:00"", ""valid_from"": ""2026-05-15T00:00:00+00:00"", ""valid_to"": null, ""confidence"": 1.0}",2026-09-01T12:36:16.101973
edge-1171,ont:olt-xg01-0-02,sub:olt-xg01-0-02,SERVES,"{""source"": ""billing"", ""method"": ""export"", ""observed_at"": ""2026-05-15T00:00:00+00:00"", ""valid_from"": ""2026-05-15T00:00:00+00:00"", ""valid_to"": null, ""confidence"": 1.0}",2026-09-01T12:36:16.102020
edge-1172,spl:olt-xg01-0,ont:olt-xg01-0-03,FEEDS,"{""splitter_port"": 3, ""source"": ""calix_export"", ""method"": ""vendor_export"", ""observed_at"": ""2026-05-15T00:00:00+00:00"", ""valid_from"": ""2026-05-15T00:00:00+00:00"", ""valid_to"": null, ""confidence"": 1.0}",2026-09-01T12:36:16.102077
edge-1173,ont:olt-xg01-0-03,sub:olt-xg01-0-03,SERVES,"{""source"": ""billing"", ""method"": ""export"", ""observed_at"": ""2026-05-15T00:00:00+00:00"", ""valid_from"": ""2026-05-15T00:00:00+00:00"", ""valid_to"": null, ""confidence"": 1.0}",2026-09-01T12:36:16.102131
edge-1174,spl:olt-xg01-0,ont:olt-xg01-0-04,FEEDS,"{""splitter_port"": 4, ""source"": ""calix_export"", ""method"": ""vendor_export"", ""observed_at"": ""2026-05-15T00:00:00+00:00"", ""valid_from"": ""2026-05-15T00:00:00+00:00"", ""valid_to"": null, ""confidence"": 1.0}",2026-09-01T12:36:16.102179
edge-1175,ont:olt-xg01-0-04,sub:olt-xg01-0-04,SERVES,"{""source"": ""billing"", ""method"": ""export"", ""observed_at"": ""2026-05-15T00:00:00+00:00"", ""valid_from"": ""2026-05-15T00:00:00+00:00"", ""valid_to"": null, ""confidence"": 1.0}",2026-09-01T12:36:16.102275
edge-1176,spl:olt-xg01-0,ont:olt-xg01-0-05,FEEDS,"{""splitter_port"": 5, ""source"": ""calix_export"", ""method"": ""vendor_export"", ""observed_at"": ""2026-05-15T00:00:00+00:00"", ""valid_from"": ""2026-05-15T00:00:00+00:00"", ""valid_to"": null, ""confidence"": 1.0}",2026-09-01T12:36:16.102328
edge-1177,ont:olt-xg01-0-05,sub:olt-xg01-0-05,SERVES,"{""source"": ""billing"", ""method"": ""export"", ""observed_at"": ""2026-05-15T00:00:00+00:00"", ""valid_from"": ""2026-05-15T00:00:00+00:00"", ""valid_to"": null, ""confidence"": 1.0}",2026-09-01T12:36:16.102376
edge-1178,spl:olt-xg01-0,ont:olt-xg01-0-06,FEEDS,"{""splitter_port"": 6, ""source"": ""calix_export"", ""method"": ""vendor_export"", ""observed_at"": ""2026-05-15T00:00:00+00:00"", ""valid_from"": ""2026-05-15T00:00:00+00:00"", ""valid_to"": null, ""confidence"": 1.0}",2026-09-01T12:36:16.102427
edge-1179,ont:olt-xg01-0-06,sub:olt-xg01-0-06,SERVES,"{""source"": ""billing"", ""method"": ""export"", ""observed_at"": ""2026-05-15T00:00:00+00:00"", ""valid_from"": ""2026-05-15T00:00:00+00:00"", ""valid_to"": null, ""confidence"": 1.0}",2026-09-01T12:36:16.102469
edge-1180,spl:olt-xg01-0,ont:olt-xg01-0-07,FEEDS,"{""splitter_port"": 7, ""source"": ""calix_export"", ""method"": ""vendor_export"", ""observed_at"": ""2026-05-15T00:00:00+00:00"", ""valid_from"": ""2026-05-15T00:00:00+00:00"", ""valid_to"": null, ""confidence"": 1.0}",2026-09-01T12:36:16.102516
edge-1181,ont:olt-xg01-0-07,sub:olt-xg01-0-07,SERVES,"{""source"": ""billing"", ""method"": ""export"", ""observed_at"": ""2026-05-15T00:00:00+00:00"", ""valid_from"": ""2026-05-15T00:00:00+00:00"", ""valid_to"": null, ""confidence"": 1.0}",2026-09-01T12:36:16.102562
edge-1182,spl:olt-xg01-0,ont:olt-xg01-0-08,FEEDS,"{""splitter_port"": 8, ""source"": ""calix_export"", ""method"": ""vendor_export"", ""observed_at"": ""2026-05-15T00:00:00+00:00"", ""valid_from"": ""2026-05-15T00:00:00+00:00"", ""valid_to"": null, ""confidence"": 1.0}",2026-09-01T12:36:16.102610
edge-1183,ont:olt-xg01-0-08,sub:olt-xg01-0-08,SERVES,"{""source"": ""billing"", ""method"": ""export"", ""observed_at"": ""2026-05-15T00:00:00+00:00"", ""valid_from"": ""2026-05-15T00:00:00+00:00"", ""valid_to"": null, ""confidence"": 1.0}",2026-09-01T12:36:16.102660
edge-1184,spl:olt-xg01-0,ont:olt-xg01-0-09,FEEDS,"{""splitter_port"": 9, ""source"": ""calix_export"", ""method"": ""vendor_export"", ""observed_at"": ""2026-05-15T00:00:00+00:00"", ""valid_from"": ""2026-05-15T00:00:00+00:00"", ""valid_to"": null, ""confidence"": 1.0}",2026-09-01T12:36:16.102716
edge-1185,ont:olt-xg01-0-09,sub:olt-xg01-0-09,SERVES,"{""source"": ""billing"", ""method"": ""export"", ""observed_at"": ""2026-05-15T00:00:00+00:00"", ""valid_from"": ""2026-05-15T00:00:00+00:00"", ""valid_to"": null, ""confidence"": 1.0}",2026-09-01T12:36:16.102763
edge-1186,spl:olt-xg01-0,ont:olt-xg01-0-10,FEEDS,"{""splitter_port"": 10, ""source"": ""calix_export"", ""method"": ""vendor_export"", ""observed_at"": ""2026-05-15T00:00:00+00:00"", ""valid_from"": ""2026-05-15T00:00:00+00:00"", ""valid_to"": null, ""confidence"": 1.0}",2026-09-01T12:36:16.102809
edge-1187,ont:olt-xg01-0-10,sub:olt-xg01-0-10,SERVES,"{""source"": ""billing"", ""method"": ""export"", ""observed_at"": ""2026-05-15T00:00:00+00:00"", ""valid_from"": ""2026-05-15T00:00:00+00:00"", ""valid_to"": null, ""confidence"": 1.0}",2026-09-01T12:36:16.102856
edge-1188,spl:olt-xg01-0,ont:olt-xg01-0-11,FEEDS,"{""splitter_port"": 11, ""source"": ""calix_export"", ""method"": ""vendor_export"", ""observed_at"": ""2026-05-15T00:00:00+00:00"", ""valid_from"": ""2026-05-15T00:00:00+00:00"", ""valid_to"": null, ""confidence"": 1.0}",2026-09-01T12:36:16.102905
edge-1189,ont:olt-xg01-0-11,sub:olt-xg01-0-11,SERVES,"{""source"": ""billing"", ""method"": ""export"", ""observed_at"": ""2026-05-15T00:00:00+00:00"", ""valid_from"": ""2026-05-15T00:00:00+00:00"", ""valid_to"": null, ""confidence"": 1.0}",2026-09-01T12:36:16.102952
edge-1190,spl:olt-xg01-0,ont:olt-xg01-0-12,FEEDS,"{""splitter_port"": 12, ""source"": ""calix_export"", ""method"": ""vendor_export"", ""observed_at"": ""2026-05-15T00:00:00+00:00"", ""valid_from"": ""2026-05-15T00:00:00+00:00"", ""valid_to"": null, ""confidence"": 1.0}",2026-09-01T12:36:16.102999
edge-1191,ont:olt-xg01-0-12,sub:olt-xg01-0-12,SERVES,"{""source"": ""billing"", ""method"": ""export"", ""observed_at"": ""2026-05-15T00:00:00+00:00"", ""valid_from"": ""2026-05-15T00:00:00+00:00"", ""valid_to"": null, ""confidence"": 1.0}",2026-09-01T12:36:16.103045
edge-1192,spl:olt-xg01-0,ont:olt-xg01-0-13,FEEDS,"{""splitter_port"": 13, ""source"": ""calix_export"", ""method"": ""vendor_export"", ""observed_at"": ""2026-05-15T00:00:00+00:00"", ""valid_from"": ""2026-05-15T00:00:00+00:00"", ""valid_to"": null, ""confidence"": 1.0}",2026-09-01T12:36:16.103100
edge-1193,ont:olt-xg01-0-13,sub:olt-xg01-0-13,SERVES,"{""source"": ""billing"", ""method"": ""export"", ""observed_at"": ""2026-05-15T00:00:00+00:00"", ""valid_from"": ""2026-05-15T00:00:00+00:00"", ""valid_to"": null, ""confidence"": 1.0}",2026-09-01T12:36:16.103148
edge-1194,spl:olt-xg01-0,ont:olt-xg01-0-14,FEEDS,"{""splitter_port"": 14, ""source"": ""calix_export"", ""method"": ""vendor_export"", ""observed_at"": ""2026-05-15T00:00:00+00:00"", ""valid_from"": ""2026-05-15T00:00:00+00:00"", ""valid_to"": null, ""confidence"": 1.0}",2026-09-01T12:36:16.103197
edge-1195,ont:olt-xg01-0-14,sub:olt-xg01-0-14,SERVES,"{""source"": ""billing"", ""method"": ""export"", ""observed_at"": ""2026-05-15T00:00:00+00:00"", ""valid_from"": ""2026-05-15T00:00:00+00:00"", ""valid_to"": null, ""confidence"": 1.0}",2026-09-01T12:36:16.103298
edge-1196,spl:olt-xg01-0,ont:olt-xg01-0-15,FEEDS,"{""splitter_port"": 15, ""source"": ""calix_export"", ""method"": ""vendor_export"", ""observed_at"": ""2026-05-15T00:00:00+00:00"", ""valid_from"": ""2026-05-15T00:00:00+00:00"", ""valid_to"": null, ""confidence"": 1.0}",2026-09-01T12:36:16.103349
edge-1197,ont:olt-xg01-0-15,sub:olt-xg01-0-15,SERVES,"{""source"": ""billing"", ""method"": ""export"", ""observed_at"": ""2026-05-15T00:00:00+00:00"", ""valid_from"": ""2026-05-15T00:00:00+00:00"", ""valid_to"": null, ""confidence"": 1.0}",2026-09-01T12:36:16.103399
edge-1198,spl:olt-xg01-0,ont:olt-xg01-0-16,FEEDS,"{""splitter_port"": 16, ""source"": ""calix_export"", ""method"": ""vendor_export"", ""observed_at"": ""2026-05-15T00:00:00+00:00"", ""valid_from"": ""2026-05-15T00:00:00+00:00"", ""valid_to"": null, ""confidence"": 1.0}",2026-09-01T12:36:16.103447
edge-1199,ont:olt-xg01-0-16,sub:olt-xg01-0-16,SERVES,"{""source"": ""billing"", ""method"": ""export"", ""observed_at"": ""2026-05-15T00:00:00+00:00"", ""valid_from"": ""2026-05-15T00:00:00+00:00"", ""valid_to"": null, ""confidence"": 1.0}",2026-09-01T12:36:16.103550
edge-1200,spl:olt-xg01-0,ont:olt-xg01-0-17,FEEDS,"{""splitter_port"": 17, ""source"": ""calix_export"", ""method"": ""vendor_export"", ""observed_at"": ""2026-05-15T00:00:00+00:00"", ""valid_from"": ""2026-05-15T00:00:00+00:00"", ""valid_to"": null, ""confidence"": 1.0}",2026-09-01T12:36:16.103626
edge-1201,ont:olt-xg01-0-17,sub:olt-xg01-0-17,SERVES,"{""source"": ""billing"", ""method"": ""export"", ""observed_at"": ""2026-05-15T00:00:00+00:00"", ""valid_from"": ""2026-05-15T00:00:00+00:00"", ""valid_to"": null, ""confidence"": 1.0}",2026-09-01T12:36:16.103711
edge-1202,spl:olt-xg01-0,ont:olt-xg01-0-18,FEEDS,"{""splitter_port"": 18, ""source"": ""calix_export"", ""method"": ""vendor_export"", ""observed_at"": ""2026-05-15T00:00:00+00:00"", ""valid_from"": ""2026-05-15T00:00:00+00:00"", ""valid_to"": null, ""confidence"": 1.0}",2026-09-01T12:36:16.103858
edge-1203,ont:olt-xg01-0-18,sub:olt-xg01-0-18,SERVES,"{""source"": ""billing"", ""method"": ""export"", ""observed_at"": ""2026-05-15T00:00:00+00:00"", ""valid_from"": ""2026-05-15T00:00:00+00:00"", ""valid_to"": null, ""confidence"": 1.0}",2026-09-01T12:36:16.103994
edge-1204,spl:olt-xg01-0,ont:olt-xg01-0-19,FEEDS,"{""splitter_port"": 19, ""source"": ""calix_export"", ""method"": ""vendor_export"", ""observed_at"": ""2026-05-15T00:00:00+00:00"", ""valid_from"": ""2026-05-15T00:00:00+00:00"", ""valid_to"": null, ""confidence"": 1.0}",2026-09-01T12:36:16.104091
edge-1205,ont:olt-xg01-0-19,sub:olt-xg01-0-19,SERVES,"{""source"": ""billing"", ""method"": ""export"", ""observed_at"": ""2026-05-15T00:00:00+00:00"", ""valid_from"": ""2026-05-15T00:00:00+00:00"", ""valid_to"": null, ""confidence"": 1.0}",2026-09-01T12:36:16.104157
edge-1206,spl:olt-xg01-0,ont:olt-xg01-0-20,FEEDS,"{""splitter_port"": 20, ""source"": ""calix_export"", ""method"": ""vendor_export"", ""observed_at"": ""2026-05-15T00:00:00+00:00"", ""valid_from"": ""2026-05-15T00:00:00+00:00"", ""valid_to"": null, ""confidence"": 1.0}",2026-09-01T12:36:16.104628
edge-1207,ont:olt-xg01-0-20,sub:olt-xg01-0-20,SERVES,"{""source"": ""billing"", ""method"": ""export"", ""observed_at"": ""2026-05-15T00:00:00+00:00"", ""valid_from"": ""2026-05-15T00:00:00+00:00"", ""valid_to"": null, ""confidence"": 1.0}",2026-09-01T12:36:16.104864
edge-1208,spl:olt-xg01-0,ont:olt-xg01-0-21,FEEDS,"{""splitter_port"": 21, ""source"": ""calix_export"", ""method"": ""vendor_export"", ""observed_at"": ""2026-05-15T00:00:00+00:00"", ""valid_from"": ""2026-05-15T00:00:00+00:00"", ""valid_to"": null, ""confidence"": 1.0}",2026-09-01T12:36:16.105903
edge-1209,ont:olt-xg01-0-21,sub:olt-xg01-0-21,SERVES,"{""source"": ""billing"", ""method"": ""export"", ""observed_at"": ""2026-05-15T00:00:00+00:00"", ""valid_from"": ""2026-05-15T00:00:00+00:00"", ""valid_to"": null, ""confidence"": 1.0}",2026-09-01T12:36:16.105992
edge-1210,spl:olt-xg01-0,ont:olt-xg01-0-22,FEEDS,"{""splitter_port"": 22, ""source"": ""calix_export"", ""method"": ""vendor_export"", ""observed_at"": ""2026-05-15T00:00:00+00:00"", ""valid_from"": ""2026-05-15T00:00:00+00:00"", ""valid_to"": null, ""confidence"": 1.0}",2026-09-01T12:36:16.106239
edge-1211,ont:olt-xg01-0-22,sub:olt-xg01-0-22,SERVES,"{""source"": ""billing"", ""method"": ""export"", ""observed_at"": ""2026-05-15T00:00:00+00:00"", ""valid_from"": ""2026-05-15T00:00:00+00:00"", ""valid_to"": null, ""confidence"": 1.0}",2026-09-01T12:36:16.106548
edge-1212,spl:olt-xg01-0,ont:olt-xg01-0-23,FEEDS,"{""splitter_port"": 23, ""source"": ""calix_export"", ""method"": ""vendor_export"", ""observed_at"": ""2026-05-15T00:00:00+00:00"", ""valid_from"": ""2026-05-15T00:00:00+00:00"", ""valid_to"": null, ""confidence"": 1.0}",2026-09-01T12:36:16.106630
edge-1213,ont:olt-xg01-0-23,sub:olt-xg01-0-23,SERVES,"{""source"": ""billing"", ""method"": ""export"", ""observed_at"": ""2026-05-15T00:00:00+00:00"", ""valid_from"": ""2026-05-15T00:00:00+00:00"", ""valid_to"": null, ""confidence"": 1.0}",2026-09-01T12:36:16.106688
edge-1214,spl:olt-xg01-0,ont:olt-xg01-0-24,FEEDS,"{""splitter_port"": 24, ""source"": ""calix_export"", ""method"": ""vendor_export"", ""observed_at"": ""2026-05-15T00:00:00+00:00"", ""valid_from"": ""2026-05-15T00:00:00+00:00"", ""valid_to"": null, ""confidence"": 1.0}",2026-09-01T12:36:16.106743
edge-1215,ont:olt-xg01-0-24,sub:olt-xg01-0-24,SERVES,"{""source"": ""billing"", ""method"": ""export"", ""observed_at"": ""2026-05-15T00:00:00+00:00"", ""valid_from"": ""2026-05-15T00:00:00+00:00"", ""valid_to"": null, ""confidence"": 1.0}",2026-09-01T12:36:16.106811
edge-1216,spl:olt-xg01-0,ont:olt-xg01-0-25,FEEDS,"{""splitter_port"": 25, ""source"": ""calix_export"", ""method"": ""vendor_export"", ""observed_at"": ""2026-05-15T00:00:00+00:00"", ""valid_from"": ""2026-05-15T00:00:00+00:00"", ""valid_to"": null, ""confidence"": 1.0}",2026-09-01T12:36:16.106858
edge-1217,ont:olt-xg01-0-25,sub:olt-xg01-0-25,SERVES,"{""source"": ""billing"", ""method"": ""export"", ""observed_at"": ""2026-05-15T00:00:00+00:00"", ""valid_from"": ""2026-05-15T00:00:00+00:00"", ""valid_to"": null, ""confidence"": 1.0}",2026-09-01T12:36:16.106906
edge-1218,spl:olt-xg01-0,ont:olt-xg01-0-26,FEEDS,"{""splitter_port"": 26, ""source"": ""calix_export"", ""method"": ""vendor_export"", ""observed_at"": ""2026-05-15T00:00:00+00:00"", ""valid_from"": ""2026-05-15T00:00:00+00:00"", ""valid_to"": null, ""confidence"": 1.0}",2026-09-01T12:36:16.107012
edge-1219,ont:olt-xg01-0-26,sub:olt-xg01-0-26,SERVES,"{""source"": ""billing"", ""method"": ""export"", ""observed_at"": ""2026-05-15T00:00:00+00:00"", ""valid_from"": ""2026-05-15T00:00:00+00:00"", ""valid_to"": null, ""confidence"": 1.0}",2026-09-01T12:36:16.107080
edge-1220,spl:olt-xg01-0,ont:olt-xg01-0-27,FEEDS,"{""splitter_port"": 27, ""source"": ""calix_export"", ""method"": ""vendor_export"", ""observed_at"": ""2026-05-15T00:00:00+00:00"", ""valid_from"": ""2026-05-15T00:00:00+00:00"", ""valid_to"": null, ""confidence"": 1.0}",2026-09-01T12:36:16.107130
edge-1221,ont:olt-xg01-0-27,sub:olt-xg01-0-27,SERVES,"{""source"": ""billing"", ""method"": ""export"", ""observed_at"": ""2026-05-15T00:00:00+00:00"", ""valid_from"": ""2026-05-15T00:00:00+00:00"", ""valid_to"": null, ""confidence"": 1.0}",2026-09-01T12:36:16.107181
edge-1222,spl:olt-xg02-3,ont:olt-xg02-3-00,FEEDS,"{""splitter_port"": 0, ""source"": ""calix_export"", ""method"": ""vendor_export"", ""observed_at"": ""2026-05-15T00:00:00+00:00"", ""valid_from"": ""2026-05-15T00:00:00+00:00"", ""valid_to"": null, ""confidence"": 1.0}",2026-09-01T12:36:16.107237
edge-1223,ont:olt-xg02-3-00,sub:olt-xg02-3-00,SERVES,"{""source"": ""billing"", ""method"": ""export"", ""observed_at"": ""2026-05-15T00:00:00+00:00"", ""valid_from"": ""2026-05-15T00:00:00+00:00"", ""valid_to"": null, ""confidence"": 1.0}",2026-09-01T12:36:16.107292
edge-1224,spl:olt-xg02-3,ont:olt-xg02-3-01,FEEDS,"{""splitter_port"": 1, ""source"": ""calix_export"", ""method"": ""vendor_export"", ""observed_at"": ""2026-05-15T00:00:00+00:00"", ""valid_from"": ""2026-05-15T00:00:00+00:00"", ""valid_to"": null, ""confidence"": 1.0}",2026-09-01T12:36:16.107350
edge-1225,ont:olt-xg02-3-01,sub:olt-xg02-3-01,SERVES,"{""source"": ""billing"", ""method"": ""export"", ""observed_at"": ""2026-05-15T00:00:00+00:00"", ""valid_from"": ""2026-05-15T00:00:00+00:00"", ""valid_to"": null, ""confidence"": 1.0}",2026-09-01T12:36:16.107501
edge-1226,spl:olt-xg02-3,ont:olt-xg02-3-02,FEEDS,"{""splitter_port"": 2, ""source"": ""calix_export"", ""method"": ""vendor_export"", ""observed_at"": ""2026-05-15T00:00:00+00:00"", ""valid_from"": ""2026-05-15T00:00:00+00:00"", ""valid_to"": null, ""confidence"": 1.0}",2026-09-01T12:36:16.107608
edge-1227,ont:olt-xg02-3-02,sub:olt-xg02-3-02,SERVES,"{""source"": ""billing"", ""method"": ""export"", ""observed_at"": ""2026-05-15T00:00:00+00:00"", ""valid_from"": ""2026-05-15T00:00:00+00:00"", ""valid_to"": null, ""confidence"": 1.0}",2026-09-01T12:36:16.108107
edge-1228,spl:olt-xg02-3,ont:olt-xg02-3-03,FEEDS,"{""splitter_port"": 3, ""source"": ""calix_export"", ""method"": ""vendor_export"", ""observed_at"": ""2026-05-15T00:00:00+00:00"", ""valid_from"": ""2026-05-15T00:00:00+00:00"", ""valid_to"": null, ""confidence"": 1.0}",2026-09-01T12:36:16.108384
edge-1229,ont:olt-xg02-3-03,sub:olt-xg02-3-03,SERVES,"{""source"": ""billing"", ""method"": ""export"", ""observed_at"": ""2026-05-15T00:00:00+00:00"", ""valid_from"": ""2026-05-15T00:00:00+00:00"", ""valid_to"": null, ""confidence"": 1.0}",2026-09-01T12:36:16.108469
edge-1230,spl:olt-xg02-3,ont:olt-xg02-3-04,FEEDS,"{""splitter_port"": 4, ""source"": ""calix_export"", ""method"": ""vendor_export"", ""observed_at"": ""2026-05-15T00:00:00+00:00"", ""valid_from"": ""2026-05-15T00:00:00+00:00"", ""valid_to"": null, ""confidence"": 1.0}",2026-09-01T12:36:16.108511
edge-1231,ont:olt-xg02-3-04,sub:olt-xg02-3-04,SERVES,"{""source"": ""billing"", ""method"": ""export"", ""observed_at"": ""2026-05-15T00:00:00+00:00"", ""valid_from"": ""2026-05-15T00:00:00+00:00"", ""valid_to"": null, ""confidence"": 1.0}",2026-09-01T12:36:16.108567
edge-1232,spl:olt-xg02-3,ont:olt-xg02-3-05,FEEDS,"{""splitter_port"": 5, ""source"": ""calix_export"", ""method"": ""vendor_export"", ""observed_at"": ""2026-05-15T00:00:00+00:00"", ""valid_from"": ""2026-05-15T00:00:00+00:00"", ""valid_to"": null, ""confidence"": 1.0}",2026-09-01T12:36:16.108596
edge-1233,ont:olt-xg02-3-05,sub:olt-xg02-3-05,SERVES,"{""source"": ""billing"", ""method"": ""export"", ""observed_at"": ""2026-05-15T00:00:00+00:00"", ""valid_from"": ""2026-05-15T00:00:00+00:00"", ""valid_to"": null, ""confidence"": 1.0}",2026-09-01T12:36:16.108623
edge-1234,spl:olt-xg02-3,ont:olt-xg02-3-06,FEEDS,"{""splitter_port"": 6, ""source"": ""calix_export"", ""method"": ""vendor_export"", ""observed_at"": ""2026-05-15T00:00:00+00:00"", ""valid_from"": ""2026-05-15T00:00:00+00:00"", ""valid_to"": null, ""confidence"": 1.0}",2026-09-01T12:36:16.108655
edge-1235,ont:olt-xg02-3-06,sub:olt-xg02-3-06,SERVES,"{""source"": ""billing"", ""method"": ""export"", ""observed_at"": ""2026-05-15T00:00:00+00:00"", ""valid_from"": ""2026-05-15T00:00:00+00:00"", ""valid_to"": null, ""confidence"": 1.0}",2026-09-01T12:36:16.108681
edge-1236,spl:olt-xg02-3,ont:olt-xg02-3-07,FEEDS,"{""splitter_port"": 7, ""source"": ""calix_export"", ""method"": ""vendor_export"", ""observed_at"": ""2026-05-15T00:00:00+00:00"", ""valid_from"": ""2026-05-15T00:00:00+00:00"", ""valid_to"": null, ""confidence"": 1.0}",2026-09-01T12:36:16.108712
edge-1237,ont:olt-xg02-3-07,sub:olt-xg02-3-07,SERVES,"{""source"": ""billing"", ""method"": ""export"", ""observed_at"": ""2026-05-15T00:00:00+00:00"", ""valid_from"": ""2026-05-15T00:00:00+00:00"", ""valid_to"": null, ""confidence"": 1.0}",2026-09-01T12:36:16.108738
edge-1238,spl:olt-xg02-3,ont:olt-xg02-3-08,FEEDS,"{""splitter_port"": 8, ""source"": ""calix_export"", ""method"": ""vendor_export"", ""observed_at"": ""2026-05-15T00:00:00+00:00"", ""valid_from"": ""2026-05-15T00:00:00+00:00"", ""valid_to"": null, ""confidence"": 1.0}",2026-09-01T12:36:16.108763
edge-1239,ont:olt-xg02-3-08,sub:olt-xg02-3-08,SERVES,"{""source"": ""billing"", ""method"": ""export"", ""observed_at"": ""2026-05-15T00:00:00+00:00"", ""valid_from"": ""2026-05-15T00:00:00+00:00"", ""valid_to"": null, ""confidence"": 1.0}",2026-09-01T12:36:16.108788
edge-1240,spl:olt-xg02-3,ont:olt-xg02-3-09,FEEDS,"{""splitter_port"": 9, ""source"": ""calix_export"", ""method"": ""vendor_export"", ""observed_at"": ""2026-05-15T00:00:00+00:00"", ""valid_from"": ""2026-05-15T00:00:00+00:00"", ""valid_to"": null, ""confidence"": 1.0}",2026-09-01T12:36:16.108814
edge-1241,ont:olt-xg02-3-09,sub:olt-xg02-3-09,SERVES,"{""source"": ""billing"", ""method"": ""export"", ""observed_at"": ""2026-05-15T00:00:00+00:00"", ""valid_from"": ""2026-05-15T00:00:00+00:00"", ""valid_to"": null, ""confidence"": 1.0}",2026-09-01T12:36:16.108836
edge-1242,spl:olt-xg02-3,ont:olt-xg02-3-10,FEEDS,"{""splitter_port"": 10, ""source"": ""calix_export"", ""method"": ""vendor_export"", ""observed_at"": ""2026-05-15T00:00:00+00:00"", ""valid_from"": ""2026-05-15T00:00:00+00:00"", ""valid_to"": null, ""confidence"": 1.0}",2026-09-01T12:36:16.108860
edge-1243,ont:olt-xg02-3-10,sub:olt-xg02-3-10,SERVES,"{""source"": ""billing"", ""method"": ""export"", ""observed_at"": ""2026-05-15T00:00:00+00:00"", ""valid_from"": ""2026-05-15T00:00:00+00:00"", ""valid_to"": null, ""confidence"": 1.0}",2026-09-01T12:36:16.108882
edge-1244,spl:olt-xg02-3,ont:olt-xg02-3-11,FEEDS,"{""splitter_port"": 11, ""source"": ""calix_export"", ""method"": ""vendor_export"", ""observed_at"": ""2026-05-15T00:00:00+00:00"", ""valid_from"": ""2026-05-15T00:00:00+00:00"", ""valid_to"": null, ""confidence"": 1.0}",2026-09-01T12:36:16.108905
edge-1245,ont:olt-xg02-3-11,sub:olt-xg02-3-11,SERVES,"{""source"": ""billing"", ""method"": ""export"", ""observed_at"": ""2026-05-15T00:00:00+00:00"", ""valid_from"": ""2026-05-15T00:00:00+00:00"", ""valid_to"": null, ""confidence"": 1.0}",2026-09-01T12:36:16.108927
edge-1246,spl:olt-xg02-3,ont:olt-xg02-3-12,FEEDS,"{""splitter_port"": 12, ""source"": ""calix_export"", ""method"": ""vendor_export"", ""observed_at"": ""2026-05-15T00:00:00+00:00"", ""valid_from"": ""2026-05-15T00:00:00+00:00"", ""valid_to"": null, ""confidence"": 1.0}",2026-09-01T12:36:16.108955
edge-1247,ont:olt-xg02-3-12,sub:olt-xg02-3-12,SERVES,"{""source"": ""billing"", ""method"": ""export"", ""observed_at"": ""2026-05-15T00:00:00+00:00"", ""valid_from"": ""2026-05-15T00:00:00+00:00"", ""valid_to"": null, ""confidence"": 1.0}",2026-09-01T12:36:16.108978
edge-1248,spl:olt-xg02-3,ont:olt-xg02-3-13,FEEDS,"{""splitter_port"": 13, ""source"": ""calix_export"", ""method"": ""vendor_export"", ""observed_at"": ""2026-05-15T00:00:00+00:00"", ""valid_from"": ""2026-05-15T00:00:00+00:00"", ""valid_to"": null, ""confidence"": 1.0}",2026-09-01T12:36:16.109057
edge-1249,ont:olt-xg02-3-13,sub:olt-xg02-3-13,SERVES,"{""source"": ""billing"", ""method"": ""export"", ""observed_at"": ""2026-05-15T00:00:00+00:00"", ""valid_from"": ""2026-05-15T00:00:00+00:00"", ""valid_to"": null, ""confidence"": 1.0}",2026-09-01T12:36:16.109123
edge-1250,spl:olt-xg02-3,ont:olt-xg02-3-14,FEEDS,"{""splitter_port"": 14, ""source"": ""calix_export"", ""method"": ""vendor_export"", ""observed_at"": ""2026-05-15T00:00:00+00:00"", ""valid_from"": ""2026-05-15T00:00:00+00:00"", ""valid_to"": null, ""confidence"": 1.0}",2026-09-01T12:36:16.109177
edge-1251,ont:olt-xg02-3-14,sub:olt-xg02-3-14,SERVES,"{""source"": ""billing"", ""method"": ""export"", ""observed_at"": ""2026-05-15T00:00:00+00:00"", ""valid_from"": ""2026-05-15T00:00:00+00:00"", ""valid_to"": null, ""confidence"": 1.0}",2026-09-01T12:36:16.109234
edge-1252,spl:olt-xg02-3,ont:olt-xg02-3-15,FEEDS,"{""splitter_port"": 15, ""source"": ""calix_export"", ""method"": ""vendor_export"", ""observed_at"": ""2026-05-15T00:00:00+00:00"", ""valid_from"": ""2026-05-15T00:00:00+00:00"", ""valid_to"": null, ""confidence"": 1.0}",2026-09-01T12:36:16.109305
edge-1253,ont:olt-xg02-3-15,sub:olt-xg02-3-15,SERVES,"{""source"": ""billing"", ""method"": ""export"", ""observed_at"": ""2026-05-15T00:00:00+00:00"", ""valid_from"": ""2026-05-15T00:00:00+00:00"", ""valid_to"": null, ""confidence"": 1.0}",2026-09-01T12:36:16.109351
edge-1254,spl:olt-xg02-3,ont:olt-xg02-3-16,FEEDS,"{""splitter_port"": 16, ""source"": ""calix_export"", ""method"": ""vendor_export"", ""observed_at"": ""2026-05-15T00:00:00+00:00"", ""valid_from"": ""2026-05-15T00:00:00+00:00"", ""valid_to"": null, ""confidence"": 1.0}",2026-09-01T12:36:16.109416
edge-1255,ont:olt-xg02-3-16,sub:olt-xg02-3-16,SERVES,"{""source"": ""billing"", ""method"": ""export"", ""observed_at"": ""2026-05-15T00:00:00+00:00"", ""valid_from"": ""2026-05-15T00:00:00+00:00"", ""valid_to"": null, ""confidence"": 1.0}",2026-09-01T12:36:16.109457
edge-1256,spl:olt-xg02-3,ont:olt-xg02-3-17,FEEDS,"{""splitter_port"": 17, ""source"": ""calix_export"", ""method"": ""vendor_export"", ""observed_at"": ""2026-05-15T00:00:00+00:00"", ""valid_from"": ""2026-05-15T00:00:00+00:00"", ""valid_to"": null, ""confidence"": 1.0}",2026-09-01T12:36:16.109483
edge-1257,ont:olt-xg02-3-17,sub:olt-xg02-3-17,SERVES,"{""source"": ""billing"", ""method"": ""export"", ""observed_at"": ""2026-05-15T00:00:00+00:00"", ""valid_from"": ""2026-05-15T00:00:00+00:00"", ""valid_to"": null, ""confidence"": 1.0}",2026-09-01T12:36:16.109506
edge-1258,spl:olt-xg02-3,ont:olt-xg02-3-18,FEEDS,"{""splitter_port"": 18, ""source"": ""calix_export"", ""method"": ""vendor_export"", ""observed_at"": ""2026-05-15T00:00:00+00:00"", ""valid_from"": ""2026-05-15T00:00:00+00:00"", ""valid_to"": null, ""confidence"": 1.0}",2026-09-01T12:36:16.109557
edge-1259,ont:olt-xg02-3-18,sub:olt-xg02-3-18,SERVES,"{""source"": ""billing"", ""method"": ""export"", ""observed_at"": ""2026-05-15T00:00:00+00:00"", ""valid_from"": ""2026-05-15T00:00:00+00:00"", ""valid_to"": null, ""confidence"": 1.0}",2026-09-01T12:36:16.109618
edge-1260,spl:olt-xg02-3,ont:olt-xg02-3-19,FEEDS,"{""splitter_port"": 19, ""source"": ""calix_export"", ""method"": ""vendor_export"", ""observed_at"": ""2026-05-15T00:00:00+00:00"", ""valid_from"": ""2026-05-15T00:00:00+00:00"", ""valid_to"": null, ""confidence"": 1.0}",2026-09-01T12:36:16.109674
edge-1261,ont:olt-xg02-3-19,sub:olt-xg02-3-19,SERVES,"{""source"": ""billing"", ""method"": ""export"", ""observed_at"": ""2026-05-15T00:00:00+00:00"", ""valid_from"": ""2026-05-15T00:00:00+00:00"", ""valid_to"": null, ""confidence"": 1.0}",2026-09-01T12:36:16.109736
edge-1262,spl:olt-xg02-3,ont:olt-xg02-3-20,FEEDS,"{""splitter_port"": 20, ""source"": ""calix_export"", ""method"": ""vendor_export"", ""observed_at"": ""2026-05-15T00:00:00+00:00"", ""valid_from"": ""2026-05-15T00:00:00+00:00"", ""valid_to"": null, ""confidence"": 1.0}",2026-09-01T12:36:16.109805
edge-1263,ont:olt-xg02-3-20,sub:olt-xg02-3-20,SERVES,"{""source"": ""billing"", ""method"": ""export"", ""observed_at"": ""2026-05-15T00:00:00+00:00"", ""valid_from"": ""2026-05-15T00:00:00+00:00"", ""valid_to"": null, ""confidence"": 1.0}",2026-09-01T12:36:16.109859
edge-1264,spl:olt-xg02-3,ont:olt-xg02-3-21,FEEDS,"{""splitter_port"": 21, ""source"": ""calix_export"", ""method"": ""vendor_export"", ""observed_at"": ""2026-05-15T00:00:00+00:00"", ""valid_from"": ""2026-05-15T00:00:00+00:00"", ""valid_to"": null, ""confidence"": 1.0}",2026-09-01T12:36:16.109908
edge-1265,ont:olt-xg02-3-21,sub:olt-xg02-3-21,SERVES,"{""source"": ""billing"", ""method"": ""export"", ""observed_at"": ""2026-05-15T00:00:00+00:00"", ""valid_from"": ""2026-05-15T00:00:00+00:00"", ""valid_to"": null, ""confidence"": 1.0}",2026-09-01T12:36:16.109966
edge-1266,spl:olt-xg02-3,ont:olt-xg02-3-22,FEEDS,"{""splitter_port"": 22, ""source"": ""calix_export"", ""method"": ""vendor_export"", ""observed_at"": ""2026-05-15T00:00:00+00:00"", ""valid_from"": ""2026-05-15T00:00:00+00:00"", ""valid_to"": null, ""confidence"": 1.0}",2026-09-01T12:36:16.110699
edge-1267,ont:olt-xg02-3-22,sub:olt-xg02-3-22,SERVES,"{""source"": ""billing"", ""method"": ""export"", ""observed_at"": ""2026-05-15T00:00:00+00:00"", ""valid_from"": ""2026-05-15T00:00:00+00:00"", ""valid_to"": null, ""confidence"": 1.0}",2026-09-01T12:36:16.110771
edge-1268,spl:olt-xg02-3,ont:olt-xg02-3-23,FEEDS,"{""splitter_port"": 23, ""source"": ""calix_export"", ""method"": ""vendor_export"", ""observed_at"": ""2026-05-15T00:00:00+00:00"", ""valid_from"": ""2026-05-15T00:00:00+00:00"", ""valid_to"": null, ""confidence"": 1.0}",2026-09-01T12:36:16.110839
edge-1269,ont:olt-xg02-3-23,sub:olt-xg02-3-23,SERVES,"{""source"": ""billing"", ""method"": ""export"", ""observed_at"": ""2026-05-15T00:00:00+00:00"", ""valid_from"": ""2026-05-15T00:00:00+00:00"", ""valid_to"": null, ""confidence"": 1.0}",2026-09-01T12:36:16.110917
edge-1270,spl:olt-xg02-3,ont:olt-xg02-3-24,FEEDS,"{""splitter_port"": 24, ""source"": ""calix_export"", ""method"": ""vendor_export"", ""observed_at"": ""2026-05-15T00:00:00+00:00"", ""valid_from"": ""2026-05-15T00:00:00+00:00"", ""valid_to"": null, ""confidence"": 1.0}",2026-09-01T12:36:16.111024
edge-1271,ont:olt-xg02-3-24,sub:olt-xg02-3-24,SERVES,"{""source"": ""billing"", ""method"": ""export"", ""observed_at"": ""2026-05-15T00:00:00+00:00"", ""valid_from"": ""2026-05-15T00:00:00+00:00"", ""valid_to"": null, ""confidence"": 1.0}",2026-09-01T12:36:16.111087
edge-1272,spl:olt-xg02-3,ont:olt-xg02-3-25,FEEDS,"{""splitter_port"": 25, ""source"": ""calix_export"", ""method"": ""vendor_export"", ""observed_at"": ""2026-05-15T00:00:00+00:00"", ""valid_from"": ""2026-05-15T00:00:00+00:00"", ""valid_to"": null, ""confidence"": 1.0}",2026-09-01T12:36:16.111147
edge-1273,ont:olt-xg02-3-25,sub:olt-xg02-3-25,SERVES,"{""source"": ""billing"", ""method"": ""export"", ""observed_at"": ""2026-05-15T00:00:00+00:00"", ""valid_from"": ""2026-05-15T00:00:00+00:00"", ""valid_to"": null, ""confidence"": 1.0}",2026-09-01T12:36:16.111188
edge-1274,spl:olt-xg02-3,ont:olt-xg02-3-26,FEEDS,"{""splitter_port"": 26, ""source"": ""calix_export"", ""method"": ""vendor_export"", ""observed_at"": ""2026-05-15T00:00:00+00:00"", ""valid_from"": ""2026-05-15T00:00:00+00:00"", ""valid_to"": null, ""confidence"": 1.0}",2026-09-01T12:36:16.111231
edge-1275,ont:olt-xg02-3-26,sub:olt-xg02-3-26,SERVES,"{""source"": ""billing"", ""method"": ""export"", ""observed_at"": ""2026-05-15T00:00:00+00:00"", ""valid_from"": ""2026-05-15T00:00:00+00:00"", ""valid_to"": null, ""confidence"": 1.0}",2026-09-01T12:36:16.111294
edge-1276,spl:olt-xg02-3,ont:olt-xg02-3-27,FEEDS,"{""splitter_port"": 27, ""source"": ""calix_export"", ""method"": ""vendor_export"", ""observed_at"": ""2026-05-15T00:00:00+00:00"", ""valid_from"": ""2026-05-15T00:00:00+00:00"", ""valid_to"": null, ""confidence"": 1.0}",2026-09-01T12:36:16.111336
edge-1277,ont:olt-xg02-3-27,sub:olt-xg02-3-27,SERVES,"{""source"": ""billing"", ""method"": ""export"", ""observed_at"": ""2026-05-15T00:00:00+00:00"", ""valid_from"": ""2026-05-15T00:00:00+00:00"", ""valid_to"": null, ""confidence"": 1.0}",2026-09-01T12:36:16.111380
edge-1278,spl:olt-xg02-3,ont:olt-xg02-3-28,FEEDS,"{""splitter_port"": 28, ""source"": ""calix_export"", ""method"": ""vendor_export"", ""observed_at"": ""2026-05-15T00:00:00+00:00"", ""valid_from"": ""2026-05-15T00:00:00+00:00"", ""valid_to"": null, ""confidence"": 1.0}",2026-09-01T12:36:16.111420
edge-1279,ont:olt-xg02-3-28,sub:olt-xg02-3-28,SERVES,"{""source"": ""billing"", ""method"": ""export"", ""observed_at"": ""2026-05-15T00:00:00+00:00"", ""valid_from"": ""2026-05-15T00:00:00+00:00"", ""valid_to"": null, ""confidence"": 1.0}",2026-09-01T12:36:16.111469
edge-1280,spl:olt-xg02-3,ont:olt-xg02-3-29,FEEDS,"{""splitter_port"": 29, ""source"": ""calix_export"", ""method"": ""vendor_export"", ""observed_at"": ""2026-05-15T00:00:00+00:00"", ""valid_from"": ""2026-05-15T00:00:00+00:00"", ""valid_to"": null, ""confidence"": 1.0}",2026-09-01T12:36:16.111518
edge-1281,ont:olt-xg02-3-29,sub:olt-xg02-3-29,SERVES,"{""source"": ""billing"", ""method"": ""export"", ""observed_at"": ""2026-05-15T00:00:00+00:00"", ""valid_from"": ""2026-05-15T00:00:00+00:00"", ""valid_to"": null, ""confidence"": 1.0}",2026-09-01T12:36:16.111627
edge-1282,spl:olt-xg02-3,ont:olt-xg02-3-30,FEEDS,"{""splitter_port"": 30, ""source"": ""calix_export"", ""method"": ""vendor_export"", ""observed_at"": ""2026-05-15T00:00:00+00:00"", ""valid_from"": ""2026-05-15T00:00:00+00:00"", ""valid_to"": null, ""confidence"": 1.0}",2026-09-01T12:36:16.111677
edge-1283,ont:olt-xg02-3-30,sub:olt-xg02-3-30,SERVES,"{""source"": ""billing"", ""method"": ""export"", ""observed_at"": ""2026-05-15T00:00:00+00:00"", ""valid_from"": ""2026-05-15T00:00:00+00:00"", ""valid_to"": null, ""confidence"": 1.0}",2026-09-01T12:36:16.111705
edge-1284,spl:olt-xg02-3,ont:olt-xg02-3-31,FEEDS,"{""splitter_port"": 31, ""source"": ""calix_export"", ""method"": ""vendor_export"", ""observed_at"": ""2026-05-15T00:00:00+00:00"", ""valid_from"": ""2026-05-15T00:00:00+00:00"", ""valid_to"": null, ""confidence"": 1.0}",2026-09-01T12:36:16.111731
edge-1285,ont:olt-xg02-3-31,sub:olt-xg02-3-31,SERVES,"{""source"": ""billing"", ""method"": ""export"", ""observed_at"": ""2026-05-15T00:00:00+00:00"", ""valid_from"": ""2026-05-15T00:00:00+00:00"", ""valid_to"": null, ""confidence"": 1.0}",2026-09-01T12:36:16.111767
edge-1286,svc:cell-00,sub:tower-00,DELIVERED_TO,"{""source"": ""billing"", ""method"": ""vendor_export"", ""observed_at"": ""2026-05-15T00:00:00+00:00"", ""valid_from"": ""2026-05-15T00:00:00+00:00"", ""valid_to"": null, ""confidence"": 1.0}",2026-09-01T12:36:16.111791
edge-1287,svc:cell-00,path:cell-00-intended,REALIZED_BY,"{""source"": ""derived"", ""method"": ""computed"", ""observed_at"": ""2026-05-15T00:00:00+00:00"", ""valid_from"": ""2026-05-15T00:00:00+00:00"", ""valid_to"": null, ""confidence"": 1.0}",2026-09-01T12:36:16.111819
edge-1288,path:cell-00-intended,port:mx304-sang:xe-0/1/0,TRAVERSES,"{""seq"": 0, ""direction"": ""a_to_z"", ""source"": ""derived"", ""method"": ""computed"", ""observed_at"": ""2026-05-15T00:00:00+00:00"", ""valid_from"": ""2026-05-15T00:00:00+00:00"", ""valid_to"": null, ""confidence"": 1.0}",2026-09-01T12:36:16.111871
edge-1289,path:cell-00-intended,port:mx304-sang:et-0/0/0,TRAVERSES,"{""seq"": 1, ""direction"": ""a_to_z"", ""source"": ""derived"", ""method"": ""computed"", ""observed_at"": ""2026-05-15T00:00:00+00:00"", ""valid_from"": ""2026-05-15T00:00:00+00:00"", ""valid_to"": null, ""confidence"": 1.0}",2026-09-01T12:36:16.111929
edge-1290,path:cell-00-intended,port:mx960-gldt:et-0/0/0,TRAVERSES,"{""seq"": 2, ""direction"": ""a_to_z"", ""source"": ""derived"", ""method"": ""computed"", ""observed_at"": ""2026-05-15T00:00:00+00:00"", ""valid_from"": ""2026-05-15T00:00:00+00:00"", ""valid_to"": null, ""confidence"": 1.0}",2026-09-01T12:36:16.111972
edge-1291,svc:cell-00,path:cell-00-current,REALIZED_BY,"{""source"": ""derived"", ""method"": ""computed"", ""observed_at"": ""2026-05-15T00:00:00+00:00"", ""valid_from"": ""2026-05-15T00:00:00+00:00"", ""valid_to"": null, ""confidence"": 1.0}",2026-09-01T12:36:16.112025
edge-1292,path:cell-00-current,port:mx304-sang:xe-0/1/0,TRAVERSES,"{""seq"": 0, ""direction"": ""a_to_z"", ""source"": ""derived"", ""method"": ""computed"", ""observed_at"": ""2026-05-15T00:00:00+00:00"", ""valid_from"": ""2026-05-15T00:00:00+00:00"", ""valid_to"": null, ""confidence"": 1.0}",2026-09-01T12:36:16.112067
edge-1293,path:cell-00-current,port:mx304-sang:et-0/0/0,TRAVERSES,"{""seq"": 1, ""direction"": ""a_to_z"", ""source"": ""derived"", ""method"": ""computed"", ""observed_at"": ""2026-05-15T00:00:00+00:00"", ""valid_from"": ""2026-05-15T00:00:00+00:00"", ""valid_to"": null, ""confidence"": 1.0}",2026-09-01T12:36:16.112109
edge-1294,path:cell-00-current,port:mx960-gldt:et-0/0/0,TRAVERSES,"{""seq"": 2, ""direction"": ""a_to_z"", ""source"": ""derived"", ""method"": ""computed"", ""observed_at"": ""2026-05-15T00:00:00+00:00"", ""valid_from"": ""2026-05-15T00:00:00+00:00"", ""valid_to"": null, ""confidence"": 1.0}",2026-09-01T12:36:16.112179
edge-1295,svc:cell-01,sub:tower-01,DELIVERED_TO,"{""source"": ""billing"", ""method"": ""vendor_export"", ""observed_at"": ""2026-05-15T00:00:00+00:00"", ""valid_from"": ""2026-05-15T00:00:00+00:00"", ""valid_to"": null, ""confidence"": 1.0}",2026-09-01T12:36:16.112232
edge-1296,svc:cell-01,path:cell-01-intended,REALIZED_BY,"{""source"": ""derived"", ""method"": ""computed"", ""observed_at"": ""2026-05-15T00:00:00+00:00"", ""valid_from"": ""2026-05-15T00:00:00+00:00"", ""valid_to"": null, ""confidence"": 1.0}",2026-09-01T12:36:16.112282
edge-1297,path:cell-01-intended,port:mx304-sang:xe-0/1/1,TRAVERSES,"{""seq"": 0, ""direction"": ""a_to_z"", ""source"": ""derived"", ""method"": ""computed"", ""observed_at"": ""2026-05-15T00:00:00+00:00"", ""valid_from"": ""2026-05-15T00:00:00+00:00"", ""valid_to"": null, ""confidence"": 1.0}",2026-09-01T12:36:16.112324
edge-1298,path:cell-01-intended,port:mx304-sang:et-0/0/0,TRAVERSES,"{""seq"": 1, ""direction"": ""a_to_z"", ""source"": ""derived"", ""method"": ""computed"", ""observed_at"": ""2026-05-15T00:00:00+00:00"", ""valid_from"": ""2026-05-15T00:00:00+00:00"", ""valid_to"": null, ""confidence"": 1.0}",2026-09-01T12:36:16.112373
edge-1299,path:cell-01-intended,port:mx960-gldt:et-0/0/1,TRAVERSES,"{""seq"": 2, ""direction"": ""a_to_z"", ""source"": ""derived"", ""method"": ""computed"", ""observed_at"": ""2026-05-15T00:00:00+00:00"", ""valid_from"": ""2026-05-15T00:00:00+00:00"", ""valid_to"": null, ""confidence"": 1.0}",2026-09-01T12:36:16.112402
edge-1300,svc:cell-01,path:cell-01-current,REALIZED_BY,"{""source"": ""derived"", ""method"": ""computed"", ""observed_at"": ""2026-05-15T00:00:00+00:00"", ""valid_from"": ""2026-05-15T00:00:00+00:00"", ""valid_to"": null, ""confidence"": 1.0}",2026-09-01T12:36:16.112445
edge-1301,path:cell-01-current,port:mx304-sang:xe-0/1/1,TRAVERSES,"{""seq"": 0, ""direction"": ""a_to_z"", ""source"": ""derived"", ""method"": ""computed"", ""observed_at"": ""2026-05-15T00:00:00+00:00"", ""valid_from"": ""2026-05-15T00:00:00+00:00"", ""valid_to"": null, ""confidence"": 1.0}",2026-09-01T12:36:16.112571
edge-1302,path:cell-01-current,port:mx304-sang:et-0/0/2,TRAVERSES,"{""seq"": 1, ""direction"": ""a_to_z"", ""source"": ""derived"", ""method"": ""computed"", ""observed_at"": ""2026-05-15T00:00:00+00:00"", ""valid_from"": ""2026-05-15T00:00:00+00:00"", ""valid_to"": null, ""confidence"": 1.0}",2026-09-01T12:36:16.112632
edge-1303,path:cell-01-current,port:mx960-gldt:et-0/0/1,TRAVERSES,"{""seq"": 2, ""direction"": ""a_to_z"", ""source"": ""derived"", ""method"": ""computed"", ""observed_at"": ""2026-05-15T00:00:00+00:00"", ""valid_from"": ""2026-05-15T00:00:00+00:00"", ""valid_to"": null, ""confidence"": 1.0}",2026-09-01T12:36:16.112680
edge-1304,svc:cell-02,sub:tower-02,DELIVERED_TO,"{""source"": ""billing"", ""method"": ""vendor_export"", ""observed_at"": ""2026-05-15T00:00:00+00:00"", ""valid_from"": ""2026-05-15T00:00:00+00:00"", ""valid_to"": null, ""confidence"": 1.0}",2026-09-01T12:36:16.112720
edge-1305,svc:cell-02,path:cell-02-intended,REALIZED_BY,"{""source"": ""derived"", ""method"": ""computed"", ""observed_at"": ""2026-05-15T00:00:00+00:00"", ""valid_from"": ""2026-05-15T00:00:00+00:00"", ""valid_to"": null, ""confidence"": 1.0}",2026-09-01T12:36:16.112771
edge-1306,path:cell-02-intended,port:mx304-sang:xe-0/1/2,TRAVERSES,"{""seq"": 0, ""direction"": ""a_to_z"", ""source"": ""derived"", ""method"": ""computed"", ""observed_at"": ""2026-05-15T00:00:00+00:00"", ""valid_from"": ""2026-05-15T00:00:00+00:00"", ""valid_to"": null, ""confidence"": 1.0}",2026-09-01T12:36:16.112815
edge-1307,path:cell-02-intended,port:mx304-sang:et-0/0/0,TRAVERSES,"{""seq"": 1, ""direction"": ""a_to_z"", ""source"": ""derived"", ""method"": ""computed"", ""observed_at"": ""2026-05-15T00:00:00+00:00"", ""valid_from"": ""2026-05-15T00:00:00+00:00"", ""valid_to"": null, ""confidence"": 1.0}",2026-09-01T12:36:16.112856
edge-1308,path:cell-02-intended,port:mx960-gldt:et-0/0/2,TRAVERSES,"{""seq"": 2, ""direction"": ""a_to_z"", ""source"": ""derived"", ""method"": ""computed"", ""observed_at"": ""2026-05-15T00:00:00+00:00"", ""valid_from"": ""2026-05-15T00:00:00+00:00"", ""valid_to"": null, ""confidence"": 1.0}",2026-09-01T12:36:16.112911
edge-1309,svc:cell-02,path:cell-02-current,REALIZED_BY,"{""source"": ""derived"", ""method"": ""computed"", ""observed_at"": ""2026-05-15T00:00:00+00:00"", ""valid_from"": ""2026-05-15T00:00:00+00:00"", ""valid_to"": null, ""confidence"": 1.0}",2026-09-01T12:36:16.112957
edge-1310,path:cell-02-current,port:mx304-sang:xe-0/1/2,TRAVERSES,"{""seq"": 0, ""direction"": ""a_to_z"", ""source"": ""derived"", ""method"": ""computed"", ""observed_at"": ""2026-05-15T00:00:00+00:00"", ""valid_from"": ""2026-05-15T00:00:00+00:00"", ""valid_to"": null, ""confidence"": 1.0}",2026-09-01T12:36:16.113002
edge-1311,path:cell-02-current,port:mx304-sang:et-0/0/0,TRAVERSES,"{""seq"": 1, ""direction"": ""a_to_z"", ""source"": ""derived"", ""method"": ""computed"", ""observed_at"": ""2026-05-15T00:00:00+00:00"", ""valid_from"": ""2026-05-15T00:00:00+00:00"", ""valid_to"": null, ""confidence"": 1.0}",2026-09-01T12:36:16.113036
edge-1312,path:cell-02-current,port:mx960-gldt:et-0/0/2,TRAVERSES,"{""seq"": 2, ""direction"": ""a_to_z"", ""source"": ""derived"", ""method"": ""computed"", ""observed_at"": ""2026-05-15T00:00:00+00:00"", ""valid_from"": ""2026-05-15T00:00:00+00:00"", ""valid_to"": null, ""confidence"": 1.0}",2026-09-01T12:36:16.113063
edge-1313,svc:cell-03,sub:tower-03,DELIVERED_TO,"{""source"": ""billing"", ""method"": ""vendor_export"", ""observed_at"": ""2026-05-15T00:00:00+00:00"", ""valid_from"": ""2026-05-15T00:00:00+00:00"", ""valid_to"": null, ""confidence"": 1.0}",2026-09-01T12:36:16.113088
edge-1314,svc:cell-03,path:cell-03-intended,REALIZED_BY,"{""source"": ""derived"", ""method"": ""computed"", ""observed_at"": ""2026-05-15T00:00:00+00:00"", ""valid_from"": ""2026-05-15T00:00:00+00:00"", ""valid_to"": null, ""confidence"": 1.0}",2026-09-01T12:36:16.113114
edge-1315,path:cell-03-intended,port:mx304-sang:xe-0/1/3,TRAVERSES,"{""seq"": 0, ""direction"": ""a_to_z"", ""source"": ""derived"", ""method"": ""computed"", ""observed_at"": ""2026-05-15T00:00:00+00:00"", ""valid_from"": ""2026-05-15T00:00:00+00:00"", ""valid_to"": null, ""confidence"": 1.0}",2026-09-01T12:36:16.113140
edge-1316,path:cell-03-intended,port:mx304-sang:et-0/0/0,TRAVERSES,"{""seq"": 1, ""direction"": ""a_to_z"", ""source"": ""derived"", ""method"": ""computed"", ""observed_at"": ""2026-05-15T00:00:00+00:00"", ""valid_from"": ""2026-05-15T00:00:00+00:00"", ""valid_to"": null, ""confidence"": 1.0}",2026-09-01T12:36:16.113171
edge-1317,path:cell-03-intended,port:mx960-gldt:et-0/0/3,TRAVERSES,"{""seq"": 2, ""direction"": ""a_to_z"", ""source"": ""derived"", ""method"": ""computed"", ""observed_at"": ""2026-05-15T00:00:00+00:00"", ""valid_from"": ""2026-05-15T00:00:00+00:00"", ""valid_to"": null, ""confidence"": 1.0}",2026-09-01T12:36:16.113210
edge-1318,svc:cell-03,path:cell-03-current,REALIZED_BY,"{""source"": ""derived"", ""method"": ""computed"", ""observed_at"": ""2026-05-15T00:00:00+00:00"", ""valid_from"": ""2026-05-15T00:00:00+00:00"", ""valid_to"": null, ""confidence"": 1.0}",2026-09-01T12:36:16.113274
edge-1319,path:cell-03-current,port:mx304-sang:xe-0/1/3,TRAVERSES,"{""seq"": 0, ""direction"": ""a_to_z"", ""source"": ""derived"", ""method"": ""computed"", ""observed_at"": ""2026-05-15T00:00:00+00:00"", ""valid_from"": ""2026-05-15T00:00:00+00:00"", ""valid_to"": null, ""confidence"": 1.0}",2026-09-01T12:36:16.113314
edge-1320,path:cell-03-current,port:mx304-sang:et-0/0/0,TRAVERSES,"{""seq"": 1, ""direction"": ""a_to_z"", ""source"": ""derived"", ""method"": ""computed"", ""observed_at"": ""2026-05-15T00:00:00+00:00"", ""valid_from"": ""2026-05-15T00:00:00+00:00"", ""valid_to"": null, ""confidence"": 1.0}",2026-09-01T12:36:16.113339
edge-1321,path:cell-03-current,port:mx960-gldt:et-0/0/3,TRAVERSES,"{""seq"": 2, ""direction"": ""a_to_z"", ""source"": ""derived"", ""method"": ""computed"", ""observed_at"": ""2026-05-15T00:00:00+00:00"", ""valid_from"": ""2026-05-15T00:00:00+00:00"", ""valid_to"": null, ""confidence"": 1.0}",2026-09-01T12:36:16.113363
edge-1322,svc:cell-04,sub:tower-04,DELIVERED_TO,"{""source"": ""billing"", ""method"": ""vendor_export"", ""observed_at"": ""2026-05-15T00:00:00+00:00"", ""valid_from"": ""2026-05-15T00:00:00+00:00"", ""valid_to"": null, ""confidence"": 1.0}",2026-09-01T12:36:16.113414
edge-1323,svc:cell-04,path:cell-04-intended,REALIZED_BY,"{""source"": ""derived"", ""method"": ""computed"", ""observed_at"": ""2026-05-15T00:00:00+00:00"", ""valid_from"": ""2026-05-15T00:00:00+00:00"", ""valid_to"": null, ""confidence"": 1.0}",2026-09-01T12:36:16.113453
edge-1324,path:cell-04-intended,port:mx304-sang:xe-0/1/4,TRAVERSES,"{""seq"": 0, ""direction"": ""a_to_z"", ""source"": ""derived"", ""method"": ""computed"", ""observed_at"": ""2026-05-15T00:00:00+00:00"", ""valid_from"": ""2026-05-15T00:00:00+00:00"", ""valid_to"": null, ""confidence"": 1.0}",2026-09-01T12:36:16.113479
edge-1325,path:cell-04-intended,port:mx304-sang:et-0/0/0,TRAVERSES,"{""seq"": 1, ""direction"": ""a_to_z"", ""source"": ""derived"", ""method"": ""computed"", ""observed_at"": ""2026-05-15T00:00:00+00:00"", ""valid_from"": ""2026-05-15T00:00:00+00:00"", ""valid_to"": null, ""confidence"": 1.0}",2026-09-01T12:36:16.113502
edge-1326,path:cell-04-intended,port:mx960-gldt:et-0/0/4,TRAVERSES,"{""seq"": 2, ""direction"": ""a_to_z"", ""source"": ""derived"", ""method"": ""computed"", ""observed_at"": ""2026-05-15T00:00:00+00:00"", ""valid_from"": ""2026-05-15T00:00:00+00:00"", ""valid_to"": null, ""confidence"": 1.0}",2026-09-01T12:36:16.113570
edge-1327,svc:cell-04,path:cell-04-current,REALIZED_BY,"{""source"": ""derived"", ""method"": ""computed"", ""observed_at"": ""2026-05-15T00:00:00+00:00"", ""valid_from"": ""2026-05-15T00:00:00+00:00"", ""valid_to"": null, ""confidence"": 1.0}",2026-09-01T12:36:16.113597
edge-1328,path:cell-04-current,port:mx304-sang:xe-0/1/4,TRAVERSES,"{""seq"": 0, ""direction"": ""a_to_z"", ""source"": ""derived"", ""method"": ""computed"", ""observed_at"": ""2026-05-15T00:00:00+00:00"", ""valid_from"": ""2026-05-15T00:00:00+00:00"", ""valid_to"": null, ""confidence"": 1.0}",2026-09-01T12:36:16.113648
edge-1329,path:cell-04-current,port:mx304-sang:et-0/0/2,TRAVERSES,"{""seq"": 1, ""direction"": ""a_to_z"", ""source"": ""derived"", ""method"": ""computed"", ""observed_at"": ""2026-05-15T00:00:00+00:00"", ""valid_from"": ""2026-05-15T00:00:00+00:00"", ""valid_to"": null, ""confidence"": 1.0}",2026-09-01T12:36:16.113705
edge-1330,path:cell-04-current,port:mx960-gldt:et-0/0/4,TRAVERSES,"{""seq"": 2, ""direction"": ""a_to_z"", ""source"": ""derived"", ""method"": ""computed"", ""observed_at"": ""2026-05-15T00:00:00+00:00"", ""valid_from"": ""2026-05-15T00:00:00+00:00"", ""valid_to"": null, ""confidence"": 1.0}",2026-09-01T12:36:16.113749
edge-1331,svc:cell-05,sub:tower-05,DELIVERED_TO,"{""source"": ""billing"", ""method"": ""vendor_export"", ""observed_at"": ""2026-05-15T00:00:00+00:00"", ""valid_from"": ""2026-05-15T00:00:00+00:00"", ""valid_to"": null, ""confidence"": 1.0}",2026-09-01T12:36:16.113812
edge-1332,svc:cell-05,path:cell-05-intended,REALIZED_BY,"{""source"": ""derived"", ""method"": ""computed"", ""observed_at"": ""2026-05-15T00:00:00+00:00"", ""valid_from"": ""2026-05-15T00:00:00+00:00"", ""valid_to"": null, ""confidence"": 1.0}",2026-09-01T12:36:16.113860
edge-1333,path:cell-05-intended,port:mx304-sang:xe-0/1/5,TRAVERSES,"{""seq"": 0, ""direction"": ""a_to_z"", ""source"": ""derived"", ""method"": ""computed"", ""observed_at"": ""2026-05-15T00:00:00+00:00"", ""valid_from"": ""2026-05-15T00:00:00+00:00"", ""valid_to"": null, ""confidence"": 1.0}",2026-09-01T12:36:16.113920
edge-1334,path:cell-05-intended,port:mx304-sang:et-0/0/0,TRAVERSES,"{""seq"": 1, ""direction"": ""a_to_z"", ""source"": ""derived"", ""method"": ""computed"", ""observed_at"": ""2026-05-15T00:00:00+00:00"", ""valid_from"": ""2026-05-15T00:00:00+00:00"", ""valid_to"": null, ""confidence"": 1.0}",2026-09-01T12:36:16.113980
edge-1335,path:cell-05-intended,port:mx960-gldt:et-0/0/5,TRAVERSES,"{""seq"": 2, ""direction"": ""a_to_z"", ""source"": ""derived"", ""method"": ""computed"", ""observed_at"": ""2026-05-15T00:00:00+00:00"", ""valid_from"": ""2026-05-15T00:00:00+00:00"", ""valid_to"": null, ""confidence"": 1.0}",2026-09-01T12:36:16.114041
edge-1336,svc:cell-05,path:cell-05-current,REALIZED_BY,"{""source"": ""derived"", ""method"": ""computed"", ""observed_at"": ""2026-05-15T00:00:00+00:00"", ""valid_from"": ""2026-05-15T00:00:00+00:00"", ""valid_to"": null, ""confidence"": 1.0}",2026-09-01T12:36:16.114090
edge-1337,path:cell-05-current,port:mx304-sang:xe-0/1/5,TRAVERSES,"{""seq"": 0, ""direction"": ""a_to_z"", ""source"": ""derived"", ""method"": ""computed"", ""observed_at"": ""2026-05-15T00:00:00+00:00"", ""valid_from"": ""2026-05-15T00:00:00+00:00"", ""valid_to"": null, ""confidence"": 1.0}",2026-09-01T12:36:16.114160
edge-1338,path:cell-05-current,port:mx304-sang:et-0/0/0,TRAVERSES,"{""seq"": 1, ""direction"": ""a_to_z"", ""source"": ""derived"", ""method"": ""computed"", ""observed_at"": ""2026-05-15T00:00:00+00:00"", ""valid_from"": ""2026-05-15T00:00:00+00:00"", ""valid_to"": null, ""confidence"": 1.0}",2026-09-01T12:36:16.114196
edge-1339,path:cell-05-current,port:mx960-gldt:et-0/0/5,TRAVERSES,"{""seq"": 2, ""direction"": ""a_to_z"", ""source"": ""derived"", ""method"": ""computed"", ""observed_at"": ""2026-05-15T00:00:00+00:00"", ""valid_from"": ""2026-05-15T00:00:00+00:00"", ""valid_to"": null, ""confidence"": 1.0}",2026-09-01T12:36:16.114222
edge-1340,svc:biz-00,sub:biz-00,DELIVERED_TO,"{""source"": ""billing"", ""method"": ""vendor_export"", ""observed_at"": ""2026-05-15T00:00:00+00:00"", ""valid_from"": ""2026-05-15T00:00:00+00:00"", ""valid_to"": null, ""confidence"": 1.0}",2026-09-01T12:36:16.114255
edge-1341,svc:biz-00,path:biz-00-intended,REALIZED_BY,"{""source"": ""derived"", ""method"": ""computed"", ""observed_at"": ""2026-05-15T00:00:00+00:00"", ""valid_from"": ""2026-05-15T00:00:00+00:00"", ""valid_to"": null, ""confidence"": 1.0}",2026-09-01T12:36:16.114278
edge-1342,path:biz-00-intended,port:mx304-02:xe-0/1/0,TRAVERSES,"{""seq"": 0, ""direction"": ""a_to_z"", ""source"": ""derived"", ""method"": ""computed"", ""observed_at"": ""2026-05-15T00:00:00+00:00"", ""valid_from"": ""2026-05-15T00:00:00+00:00"", ""valid_to"": null, ""confidence"": 1.0}",2026-09-01T12:36:16.114301
edge-1343,path:biz-00-intended,port:mx304-02:et-0/0/0,TRAVERSES,"{""seq"": 1, ""direction"": ""a_to_z"", ""source"": ""derived"", ""method"": ""computed"", ""observed_at"": ""2026-05-15T00:00:00+00:00"", ""valid_from"": ""2026-05-15T00:00:00+00:00"", ""valid_to"": null, ""confidence"": 1.0}",2026-09-01T12:36:16.114323
edge-1344,path:biz-00-intended,port:mx960-gldt:et-0/0/3,TRAVERSES,"{""seq"": 2, ""direction"": ""a_to_z"", ""source"": ""derived"", ""method"": ""computed"", ""observed_at"": ""2026-05-15T00:00:00+00:00"", ""valid_from"": ""2026-05-15T00:00:00+00:00"", ""valid_to"": null, ""confidence"": 1.0}",2026-09-01T12:36:16.114345
edge-1345,svc:biz-00,path:biz-00-current,REALIZED_BY,"{""source"": ""derived"", ""method"": ""computed"", ""observed_at"": ""2026-05-15T00:00:00+00:00"", ""valid_from"": ""2026-05-15T00:00:00+00:00"", ""valid_to"": null, ""confidence"": 1.0}",2026-09-01T12:36:16.114367
edge-1346,path:biz-00-current,port:mx304-02:xe-0/1/0,TRAVERSES,"{""seq"": 0, ""direction"": ""a_to_z"", ""source"": ""derived"", ""method"": ""computed"", ""observed_at"": ""2026-05-15T00:00:00+00:00"", ""valid_from"": ""2026-05-15T00:00:00+00:00"", ""valid_to"": null, ""confidence"": 1.0}",2026-09-01T12:36:16.114389
edge-1347,path:biz-00-current,port:mx304-02:et-0/0/0,TRAVERSES,"{""seq"": 1, ""direction"": ""a_to_z"", ""source"": ""derived"", ""method"": ""computed"", ""observed_at"": ""2026-05-15T00:00:00+00:00"", ""valid_from"": ""2026-05-15T00:00:00+00:00"", ""valid_to"": null, ""confidence"": 1.0}",2026-09-01T12:36:16.114412
edge-1348,path:biz-00-current,port:mx960-gldt:et-0/0/3,TRAVERSES,"{""seq"": 2, ""direction"": ""a_to_z"", ""source"": ""derived"", ""method"": ""computed"", ""observed_at"": ""2026-05-15T00:00:00+00:00"", ""valid_from"": ""2026-05-15T00:00:00+00:00"", ""valid_to"": null, ""confidence"": 1.0}",2026-09-01T12:36:16.114439
edge-1349,svc:biz-01,sub:biz-01,DELIVERED_TO,"{""source"": ""billing"", ""method"": ""vendor_export"", ""observed_at"": ""2026-05-15T00:00:00+00:00"", ""valid_from"": ""2026-05-15T00:00:00+00:00"", ""valid_to"": null, ""confidence"": 1.0}",2026-09-01T12:36:16.114461
edge-1350,svc:biz-01,path:biz-01-intended,REALIZED_BY,"{""source"": ""derived"", ""method"": ""computed"", ""observed_at"": ""2026-05-15T00:00:00+00:00"", ""valid_from"": ""2026-05-15T00:00:00+00:00"", ""valid_to"": null, ""confidence"": 1.0}",2026-09-01T12:36:16.114484
edge-1351,path:biz-01-intended,port:mx304-03:xe-0/1/1,TRAVERSES,"{""seq"": 0, ""direction"": ""a_to_z"", ""source"": ""derived"", ""method"": ""computed"", ""observed_at"": ""2026-05-15T00:00:00+00:00"", ""valid_from"": ""2026-05-15T00:00:00+00:00"", ""valid_to"": null, ""confidence"": 1.0}",2026-09-01T12:36:16.114522
edge-1352,path:biz-01-intended,port:mx304-03:et-0/0/0,TRAVERSES,"{""seq"": 1, ""direction"": ""a_to_z"", ""source"": ""derived"", ""method"": ""computed"", ""observed_at"": ""2026-05-15T00:00:00+00:00"", ""valid_from"": ""2026-05-15T00:00:00+00:00"", ""valid_to"": null, ""confidence"": 1.0}",2026-09-01T12:36:16.114625
edge-1353,path:biz-01-intended,port:mx960-gldt:et-0/0/4,TRAVERSES,"{""seq"": 2, ""direction"": ""a_to_z"", ""source"": ""derived"", ""method"": ""computed"", ""observed_at"": ""2026-05-15T00:00:00+00:00"", ""valid_from"": ""2026-05-15T00:00:00+00:00"", ""valid_to"": null, ""confidence"": 1.0}",2026-09-01T12:36:16.114681
edge-1354,svc:biz-01,path:biz-01-current,REALIZED_BY,"{""source"": ""derived"", ""method"": ""computed"", ""observed_at"": ""2026-05-15T00:00:00+00:00"", ""valid_from"": ""2026-05-15T00:00:00+00:00"", ""valid_to"": null, ""confidence"": 1.0}",2026-09-01T12:36:16.114712
edge-1355,path:biz-01-current,port:mx304-03:xe-0/1/1,TRAVERSES,"{""seq"": 0, ""direction"": ""a_to_z"", ""source"": ""derived"", ""method"": ""computed"", ""observed_at"": ""2026-05-15T00:00:00+00:00"", ""valid_from"": ""2026-05-15T00:00:00+00:00"", ""valid_to"": null, ""confidence"": 1.0}",2026-09-01T12:36:16.114738
edge-1356,path:biz-01-current,port:mx304-03:et-0/0/0,TRAVERSES,"{""seq"": 1, ""direction"": ""a_to_z"", ""source"": ""derived"", ""method"": ""computed"", ""observed_at"": ""2026-05-15T00:00:00+00:00"", ""valid_from"": ""2026-05-15T00:00:00+00:00"", ""valid_to"": null, ""confidence"": 1.0}",2026-09-01T12:36:16.114764
edge-1357,path:biz-01-current,port:mx960-gldt:et-0/0/4,TRAVERSES,"{""seq"": 2, ""direction"": ""a_to_z"", ""source"": ""derived"", ""method"": ""computed"", ""observed_at"": ""2026-05-15T00:00:00+00:00"", ""valid_from"": ""2026-05-15T00:00:00+00:00"", ""valid_to"": null, ""confidence"": 1.0}",2026-09-01T12:36:16.114795
edge-1358,svc:biz-02,sub:biz-02,DELIVERED_TO,"{""source"": ""billing"", ""method"": ""vendor_export"", ""observed_at"": ""2026-05-15T00:00:00+00:00"", ""valid_from"": ""2026-05-15T00:00:00+00:00"", ""valid_to"": null, ""confidence"": 1.0}",2026-09-01T12:36:16.114819
edge-1359,svc:biz-02,path:biz-02-intended,REALIZED_BY,"{""source"": ""derived"", ""method"": ""computed"", ""observed_at"": ""2026-05-15T00:00:00+00:00"", ""valid_from"": ""2026-05-15T00:00:00+00:00"", ""valid_to"": null, ""confidence"": 1.0}",2026-09-01T12:36:16.114844
edge-1360,path:biz-02-intended,port:mx304-04:xe-0/1/2,TRAVERSES,"{""seq"": 0, ""direction"": ""a_to_z"", ""source"": ""derived"", ""method"": ""computed"", ""observed_at"": ""2026-05-15T00:00:00+00:00"", ""valid_from"": ""2026-05-15T00:00:00+00:00"", ""valid_to"": null, ""confidence"": 1.0}",2026-09-01T12:36:16.114867
edge-1361,path:biz-02-intended,port:mx304-04:et-0/0/0,TRAVERSES,"{""seq"": 1, ""direction"": ""a_to_z"", ""source"": ""derived"", ""method"": ""computed"", ""observed_at"": ""2026-05-15T00:00:00+00:00"", ""valid_from"": ""2026-05-15T00:00:00+00:00"", ""valid_to"": null, ""confidence"": 1.0}",2026-09-01T12:36:16.114890
edge-1362,path:biz-02-intended,port:mx960-gldt:et-0/0/5,TRAVERSES,"{""seq"": 2, ""direction"": ""a_to_z"", ""source"": ""derived"", ""method"": ""computed"", ""observed_at"": ""2026-05-15T00:00:00+00:00"", ""valid_from"": ""2026-05-15T00:00:00+00:00"", ""valid_to"": null, ""confidence"": 1.0}",2026-09-01T12:36:16.114912
edge-1363,svc:biz-02,path:biz-02-current,REALIZED_BY,"{""source"": ""derived"", ""method"": ""computed"", ""observed_at"": ""2026-05-15T00:00:00+00:00"", ""valid_from"": ""2026-05-15T00:00:00+00:00"", ""valid_to"": null, ""confidence"": 1.0}",2026-09-01T12:36:16.114953
edge-1364,path:biz-02-current,port:mx304-04:xe-0/1/2,TRAVERSES,"{""seq"": 0, ""direction"": ""a_to_z"", ""source"": ""derived"", ""method"": ""computed"", ""observed_at"": ""2026-05-15T00:00:00+00:00"", ""valid_from"": ""2026-05-15T00:00:00+00:00"", ""valid_to"": null, ""confidence"": 1.0}",2026-09-01T12:36:16.115015
edge-1365,path:biz-02-current,port:mx304-04:et-0/0/2,TRAVERSES,"{""seq"": 1, ""direction"": ""a_to_z"", ""source"": ""derived"", ""method"": ""computed"", ""observed_at"": ""2026-05-15T00:00:00+00:00"", ""valid_from"": ""2026-05-15T00:00:00+00:00"", ""valid_to"": null, ""confidence"": 1.0}",2026-09-01T12:36:16.115072
edge-1366,path:biz-02-current,port:mx960-gldt:et-0/0/5,TRAVERSES,"{""seq"": 2, ""direction"": ""a_to_z"", ""source"": ""derived"", ""method"": ""computed"", ""observed_at"": ""2026-05-15T00:00:00+00:00"", ""valid_from"": ""2026-05-15T00:00:00+00:00"", ""valid_to"": null, ""confidence"": 1.0}",2026-09-01T12:36:16.115120
edge-1367,svc:biz-03,sub:biz-03,DELIVERED_TO,"{""source"": ""billing"", ""method"": ""vendor_export"", ""observed_at"": ""2026-05-15T00:00:00+00:00"", ""valid_from"": ""2026-05-15T00:00:00+00:00"", ""valid_to"": null, ""confidence"": 1.0}",2026-09-01T12:36:16.115155
edge-1368,svc:biz-03,path:biz-03-intended,REALIZED_BY,"{""source"": ""derived"", ""method"": ""computed"", ""observed_at"": ""2026-05-15T00:00:00+00:00"", ""valid_from"": ""2026-05-15T00:00:00+00:00"", ""valid_to"": null, ""confidence"": 1.0}",2026-09-01T12:36:16.115181
edge-1369,path:biz-03-intended,port:mx304-05:xe-0/1/3,TRAVERSES,"{""seq"": 0, ""direction"": ""a_to_z"", ""source"": ""derived"", ""method"": ""computed"", ""observed_at"": ""2026-05-15T00:00:00+00:00"", ""valid_from"": ""2026-05-15T00:00:00+00:00"", ""valid_to"": null, ""confidence"": 1.0}",2026-09-01T12:36:16.115204
edge-1370,path:biz-03-intended,port:mx304-05:et-0/0/0,TRAVERSES,"{""seq"": 1, ""direction"": ""a_to_z"", ""source"": ""derived"", ""method"": ""computed"", ""observed_at"": ""2026-05-15T00:00:00+00:00"", ""valid_from"": ""2026-05-15T00:00:00+00:00"", ""valid_to"": null, ""confidence"": 1.0}",2026-09-01T12:36:16.115227
edge-1371,path:biz-03-intended,port:mx960-gldt:et-0/0/6,TRAVERSES,"{""seq"": 2, ""direction"": ""a_to_z"", ""source"": ""derived"", ""method"": ""computed"", ""observed_at"": ""2026-05-15T00:00:00+00:00"", ""valid_from"": ""2026-05-15T00:00:00+00:00"", ""valid_to"": null, ""confidence"": 1.0}",2026-09-01T12:36:16.115249
edge-1372,svc:biz-03,path:biz-03-current,REALIZED_BY,"{""source"": ""derived"", ""method"": ""computed"", ""observed_at"": ""2026-05-15T00:00:00+00:00"", ""valid_from"": ""2026-05-15T00:00:00+00:00"", ""valid_to"": null, ""confidence"": 1.0}",2026-09-01T12:36:16.115271
edge-1373,path:biz-03-current,port:mx304-05:xe-0/1/3,TRAVERSES,"{""seq"": 0, ""direction"": ""a_to_z"", ""source"": ""derived"", ""method"": ""computed"", ""observed_at"": ""2026-05-15T00:00:00+00:00"", ""valid_from"": ""2026-05-15T00:00:00+00:00"", ""valid_to"": null, ""confidence"": 1.0}",2026-09-01T12:36:16.115293
edge-1374,path:biz-03-current,port:mx304-05:et-0/0/0,TRAVERSES,"{""seq"": 1, ""direction"": ""a_to_z"", ""source"": ""derived"", ""method"": ""computed"", ""observed_at"": ""2026-05-15T00:00:00+00:00"", ""valid_from"": ""2026-05-15T00:00:00+00:00"", ""valid_to"": null, ""confidence"": 1.0}",2026-09-01T12:36:16.115315
edge-1375,path:biz-03-current,port:mx960-gldt:et-0/0/6,TRAVERSES,"{""seq"": 2, ""direction"": ""a_to_z"", ""source"": ""derived"", ""method"": ""computed"", ""observed_at"": ""2026-05-15T00:00:00+00:00"", ""valid_from"": ""2026-05-15T00:00:00+00:00"", ""valid_to"": null, ""confidence"": 1.0}",2026-09-01T12:36:16.115337
edge-1376,svc:biz-04,sub:biz-04,DELIVERED_TO,"{""source"": ""billing"", ""method"": ""vendor_export"", ""observed_at"": ""2026-05-15T00:00:00+00:00"", ""valid_from"": ""2026-05-15T00:00:00+00:00"", ""valid_to"": null, ""confidence"": 1.0}",2026-09-01T12:36:16.115382
edge-1377,svc:biz-04,path:biz-04-intended,REALIZED_BY,"{""source"": ""derived"", ""method"": ""computed"", ""observed_at"": ""2026-05-15T00:00:00+00:00"", ""valid_from"": ""2026-05-15T00:00:00+00:00"", ""valid_to"": null, ""confidence"": 1.0}",2026-09-01T12:36:16.115436
edge-1378,path:biz-04-intended,port:mx304-06:xe-0/1/4,TRAVERSES,"{""seq"": 0, ""direction"": ""a_to_z"", ""source"": ""derived"", ""method"": ""computed"", ""observed_at"": ""2026-05-15T00:00:00+00:00"", ""valid_from"": ""2026-05-15T00:00:00+00:00"", ""valid_to"": null, ""confidence"": 1.0}",2026-09-01T12:36:16.115486
edge-1379,path:biz-04-intended,port:mx304-06:et-0/0/0,TRAVERSES,"{""seq"": 1, ""direction"": ""a_to_z"", ""source"": ""derived"", ""method"": ""computed"", ""observed_at"": ""2026-05-15T00:00:00+00:00"", ""valid_from"": ""2026-05-15T00:00:00+00:00"", ""valid_to"": null, ""confidence"": 1.0}",2026-09-01T12:36:16.115622
edge-1380,path:biz-04-intended,port:mx960-gldt:et-0/0/7,TRAVERSES,"{""seq"": 2, ""direction"": ""a_to_z"", ""source"": ""derived"", ""method"": ""computed"", ""observed_at"": ""2026-05-15T00:00:00+00:00"", ""valid_from"": ""2026-05-15T00:00:00+00:00"", ""valid_to"": null, ""confidence"": 1.0}",2026-09-01T12:36:16.115656
edge-1381,svc:biz-04,path:biz-04-current,REALIZED_BY,"{""source"": ""derived"", ""method"": ""computed"", ""observed_at"": ""2026-05-15T00:00:00+00:00"", ""valid_from"": ""2026-05-15T00:00:00+00:00"", ""valid_to"": null, ""confidence"": 1.0}",2026-09-01T12:36:16.115682
edge-1382,path:biz-04-current,port:mx304-06:xe-0/1/4,TRAVERSES,"{""seq"": 0, ""direction"": ""a_to_z"", ""source"": ""derived"", ""method"": ""computed"", ""observed_at"": ""2026-05-15T00:00:00+00:00"", ""valid_from"": ""2026-05-15T00:00:00+00:00"", ""valid_to"": null, ""confidence"": 1.0}",2026-09-01T12:36:16.115708
edge-1383,path:biz-04-current,port:mx304-06:et-0/0/0,TRAVERSES,"{""seq"": 1, ""direction"": ""a_to_z"", ""source"": ""derived"", ""method"": ""computed"", ""observed_at"": ""2026-05-15T00:00:00+00:00"", ""valid_from"": ""2026-05-15T00:00:00+00:00"", ""valid_to"": null, ""confidence"": 1.0}",2026-09-01T12:36:16.115734
edge-1384,path:biz-04-current,port:mx960-gldt:et-0/0/7,TRAVERSES,"{""seq"": 2, ""direction"": ""a_to_z"", ""source"": ""derived"", ""method"": ""computed"", ""observed_at"": ""2026-05-15T00:00:00+00:00"", ""valid_from"": ""2026-05-15T00:00:00+00:00"", ""valid_to"": null, ""confidence"": 1.0}",2026-09-01T12:36:16.115761
edge-1385,svc:biz-05,sub:biz-05,DELIVERED_TO,"{""source"": ""billing"", ""method"": ""vendor_export"", ""observed_at"": ""2026-05-15T00:00:00+00:00"", ""valid_from"": ""2026-05-15T00:00:00+00:00"", ""valid_to"": null, ""confidence"": 1.0}",2026-09-01T12:36:16.115787
edge-1386,svc:biz-05,path:biz-05-intended,REALIZED_BY,"{""source"": ""derived"", ""method"": ""computed"", ""observed_at"": ""2026-05-15T00:00:00+00:00"", ""valid_from"": ""2026-05-15T00:00:00+00:00"", ""valid_to"": null, ""confidence"": 1.0}",2026-09-01T12:36:16.115812
edge-1387,path:biz-05-intended,port:mx304-07:xe-0/1/5,TRAVERSES,"{""seq"": 0, ""direction"": ""a_to_z"", ""source"": ""derived"", ""method"": ""computed"", ""observed_at"": ""2026-05-15T00:00:00+00:00"", ""valid_from"": ""2026-05-15T00:00:00+00:00"", ""valid_to"": null, ""confidence"": 1.0}",2026-09-01T12:36:16.115842
edge-1388,path:biz-05-intended,port:mx304-07:et-0/0/0,TRAVERSES,"{""seq"": 1, ""direction"": ""a_to_z"", ""source"": ""derived"", ""method"": ""computed"", ""observed_at"": ""2026-05-15T00:00:00+00:00"", ""valid_from"": ""2026-05-15T00:00:00+00:00"", ""valid_to"": null, ""confidence"": 1.0}",2026-09-01T12:36:16.115864
edge-1389,path:biz-05-intended,port:mx960-gldt:et-0/0/8,TRAVERSES,"{""seq"": 2, ""direction"": ""a_to_z"", ""source"": ""derived"", ""method"": ""computed"", ""observed_at"": ""2026-05-15T00:00:00+00:00"", ""valid_from"": ""2026-05-15T00:00:00+00:00"", ""valid_to"": null, ""confidence"": 1.0}",2026-09-01T12:36:16.115887
edge-1390,svc:biz-05,path:biz-05-current,REALIZED_BY,"{""source"": ""derived"", ""method"": ""computed"", ""observed_at"": ""2026-05-15T00:00:00+00:00"", ""valid_from"": ""2026-05-15T00:00:00+00:00"", ""valid_to"": null, ""confidence"": 1.0}",2026-09-01T12:36:16.115908
edge-1391,path:biz-05-current,port:mx304-07:xe-0/1/5,TRAVERSES,"{""seq"": 0, ""direction"": ""a_to_z"", ""source"": ""derived"", ""method"": ""computed"", ""observed_at"": ""2026-05-15T00:00:00+00:00"", ""valid_from"": ""2026-05-15T00:00:00+00:00"", ""valid_to"": null, ""confidence"": 1.0}",2026-09-01T12:36:16.115931
edge-1392,path:biz-05-current,port:mx304-07:et-0/0/0,TRAVERSES,"{""seq"": 1, ""direction"": ""a_to_z"", ""source"": ""derived"", ""method"": ""computed"", ""observed_at"": ""2026-05-15T00:00:00+00:00"", ""valid_from"": ""2026-05-15T00:00:00+00:00"", ""valid_to"": null, ""confidence"": 1.0}",2026-09-01T12:36:16.115952
edge-1393,path:biz-05-current,port:mx960-gldt:et-0/0/8,TRAVERSES,"{""seq"": 2, ""direction"": ""a_to_z"", ""source"": ""derived"", ""method"": ""computed"", ""observed_at"": ""2026-05-15T00:00:00+00:00"", ""valid_from"": ""2026-05-15T00:00:00+00:00"", ""valid_to"": null, ""confidence"": 1.0}",2026-09-01T12:36:16.115974
edge-1394,svc:biz-06,sub:biz-06,DELIVERED_TO,"{""source"": ""billing"", ""method"": ""vendor_export"", ""observed_at"": ""2026-05-15T00:00:00+00:00"", ""valid_from"": ""2026-05-15T00:00:00+00:00"", ""valid_to"": null, ""confidence"": 1.0}",2026-09-01T12:36:16.115996
edge-1395,svc:biz-06,path:biz-06-intended,REALIZED_BY,"{""source"": ""derived"", ""method"": ""computed"", ""observed_at"": ""2026-05-15T00:00:00+00:00"", ""valid_from"": ""2026-05-15T00:00:00+00:00"", ""valid_to"": null, ""confidence"": 1.0}",2026-09-01T12:36:16.116022
edge-1396,path:biz-06-intended,port:mx304-08:xe-0/1/6,TRAVERSES,"{""seq"": 0, ""direction"": ""a_to_z"", ""source"": ""derived"", ""method"": ""computed"", ""observed_at"": ""2026-05-15T00:00:00+00:00"", ""valid_from"": ""2026-05-15T00:00:00+00:00"", ""valid_to"": null, ""confidence"": 1.0}",2026-09-01T12:36:16.116045
edge-1397,path:biz-06-intended,port:mx304-08:et-0/0/0,TRAVERSES,"{""seq"": 1, ""direction"": ""a_to_z"", ""source"": ""derived"", ""method"": ""computed"", ""observed_at"": ""2026-05-15T00:00:00+00:00"", ""valid_from"": ""2026-05-15T00:00:00+00:00"", ""valid_to"": null, ""confidence"": 1.0}",2026-09-01T12:36:16.116067
edge-1398,path:biz-06-intended,port:mx960-gldt:et-0/0/9,TRAVERSES,"{""seq"": 2, ""direction"": ""a_to_z"", ""source"": ""derived"", ""method"": ""computed"", ""observed_at"": ""2026-05-15T00:00:00+00:00"", ""valid_from"": ""2026-05-15T00:00:00+00:00"", ""valid_to"": null, ""confidence"": 1.0}",2026-09-01T12:36:16.116089
edge-1399,svc:biz-06,path:biz-06-current,REALIZED_BY,"{""source"": ""derived"", ""method"": ""computed"", ""observed_at"": ""2026-05-15T00:00:00+00:00"", ""valid_from"": ""2026-05-15T00:00:00+00:00"", ""valid_to"": null, ""confidence"": 1.0}",2026-09-01T12:36:16.116111
edge-1400,path:biz-06-current,port:mx304-08:xe-0/1/6,TRAVERSES,"{""seq"": 0, ""direction"": ""a_to_z"", ""source"": ""derived"", ""method"": ""computed"", ""observed_at"": ""2026-05-15T00:00:00+00:00"", ""valid_from"": ""2026-05-15T00:00:00+00:00"", ""valid_to"": null, ""confidence"": 1.0}",2026-09-01T12:36:16.116137
edge-1401,path:biz-06-current,port:mx304-08:et-0/0/0,TRAVERSES,"{""seq"": 1, ""direction"": ""a_to_z"", ""source"": ""derived"", ""method"": ""computed"", ""observed_at"": ""2026-05-15T00:00:00+00:00"", ""valid_from"": ""2026-05-15T00:00:00+00:00"", ""valid_to"": null, ""confidence"": 1.0}",2026-09-01T12:36:16.116159
edge-1402,path:biz-06-current,port:mx960-gldt:et-0/0/9,TRAVERSES,"{""seq"": 2, ""direction"": ""a_to_z"", ""source"": ""derived"", ""method"": ""computed"", ""observed_at"": ""2026-05-15T00:00:00+00:00"", ""valid_from"": ""2026-05-15T00:00:00+00:00"", ""valid_to"": null, ""confidence"": 1.0}",2026-09-01T12:36:16.116182
edge-1403,svc:biz-07,sub:biz-07,DELIVERED_TO,"{""source"": ""billing"", ""method"": ""vendor_export"", ""observed_at"": ""2026-05-15T00:00:00+00:00"", ""valid_from"": ""2026-05-15T00:00:00+00:00"", ""valid_to"": null, ""confidence"": 1.0}",2026-09-01T12:36:16.116204
edge-1404,svc:biz-07,path:biz-07-intended,REALIZED_BY,"{""source"": ""derived"", ""method"": ""computed"", ""observed_at"": ""2026-05-15T00:00:00+00:00"", ""valid_from"": ""2026-05-15T00:00:00+00:00"", ""valid_to"": null, ""confidence"": 1.0}",2026-09-01T12:36:16.116228
edge-1405,path:biz-07-intended,port:mx304-09:xe-0/1/7,TRAVERSES,"{""seq"": 0, ""direction"": ""a_to_z"", ""source"": ""derived"", ""method"": ""computed"", ""observed_at"": ""2026-05-15T00:00:00+00:00"", ""valid_from"": ""2026-05-15T00:00:00+00:00"", ""valid_to"": null, ""confidence"": 1.0}",2026-09-01T12:36:16.116251
edge-1406,path:biz-07-intended,port:mx304-09:et-0/0/0,TRAVERSES,"{""seq"": 1, ""direction"": ""a_to_z"", ""source"": ""derived"", ""method"": ""computed"", ""observed_at"": ""2026-05-15T00:00:00+00:00"", ""valid_from"": ""2026-05-15T00:00:00+00:00"", ""valid_to"": null, ""confidence"": 1.0}",2026-09-01T12:36:16.116283
edge-1407,path:biz-07-intended,port:mx960-gldt:et-0/0/10,TRAVERSES,"{""seq"": 2, ""direction"": ""a_to_z"", ""source"": ""derived"", ""method"": ""computed"", ""observed_at"": ""2026-05-15T00:00:00+00:00"", ""valid_from"": ""2026-05-15T00:00:00+00:00"", ""valid_to"": null, ""confidence"": 1.0}",2026-09-01T12:36:16.116307
edge-1408,svc:biz-07,path:biz-07-current,REALIZED_BY,"{""source"": ""derived"", ""method"": ""computed"", ""observed_at"": ""2026-05-15T00:00:00+00:00"", ""valid_from"": ""2026-05-15T00:00:00+00:00"", ""valid_to"": null, ""confidence"": 1.0}",2026-09-01T12:36:16.116329
edge-1409,path:biz-07-current,port:mx304-09:xe-0/1/7,TRAVERSES,"{""seq"": 0, ""direction"": ""a_to_z"", ""source"": ""derived"", ""method"": ""computed"", ""observed_at"": ""2026-05-15T00:00:00+00:00"", ""valid_from"": ""2026-05-15T00:00:00+00:00"", ""valid_to"": null, ""confidence"": 1.0}",2026-09-01T12:36:16.116358
edge-1410,path:biz-07-current,port:mx304-09:et-0/0/0,TRAVERSES,"{""seq"": 1, ""direction"": ""a_to_z"", ""source"": ""derived"", ""method"": ""computed"", ""observed_at"": ""2026-05-15T00:00:00+00:00"", ""valid_from"": ""2026-05-15T00:00:00+00:00"", ""valid_to"": null, ""confidence"": 1.0}",2026-09-01T12:36:16.116399
edge-1411,path:biz-07-current,port:mx960-gldt:et-0/0/10,TRAVERSES,"{""seq"": 2, ""direction"": ""a_to_z"", ""source"": ""derived"", ""method"": ""computed"", ""observed_at"": ""2026-05-15T00:00:00+00:00"", ""valid_from"": ""2026-05-15T00:00:00+00:00"", ""valid_to"": null, ""confidence"": 1.0}",2026-09-01T12:36:16.116443
edge-1412,svc:res-00,sub:olt-xg01-0-00,DELIVERED_TO,"{""source"": ""billing"", ""method"": ""vendor_export"", ""observed_at"": ""2026-05-15T00:00:00+00:00"", ""valid_from"": ""2026-05-15T00:00:00+00:00"", ""valid_to"": null, ""confidence"": 1.0}",2026-09-01T12:36:16.116476
edge-1413,svc:res-00,path:res-00-intended,REALIZED_BY,"{""source"": ""derived"", ""method"": ""computed"", ""observed_at"": ""2026-05-15T00:00:00+00:00"", ""valid_from"": ""2026-05-15T00:00:00+00:00"", ""valid_to"": null, ""confidence"": 1.0}",2026-09-01T12:36:16.116498
edge-1414,path:res-00-intended,port:olt-xg01:x1/0,TRAVERSES,"{""seq"": 0, ""direction"": ""a_to_z"", ""source"": ""derived"", ""method"": ""computed"", ""observed_at"": ""2026-05-15T00:00:00+00:00"", ""valid_from"": ""2026-05-15T00:00:00+00:00"", ""valid_to"": null, ""confidence"": 1.0}",2026-09-01T12:36:16.116572
edge-1415,path:res-00-intended,port:mx960-gldt:et-0/0/0,TRAVERSES,"{""seq"": 1, ""direction"": ""a_to_z"", ""source"": ""derived"", ""method"": ""computed"", ""observed_at"": ""2026-05-15T00:00:00+00:00"", ""valid_from"": ""2026-05-15T00:00:00+00:00"", ""valid_to"": null, ""confidence"": 1.0}",2026-09-01T12:36:16.116596
edge-1416,svc:res-00,path:res-00-current,REALIZED_BY,"{""source"": ""derived"", ""method"": ""computed"", ""observed_at"": ""2026-05-15T00:00:00+00:00"", ""valid_from"": ""2026-05-15T00:00:00+00:00"", ""valid_to"": null, ""confidence"": 1.0}",2026-09-01T12:36:16.116618
edge-1417,path:res-00-current,port:olt-xg01:x1/0,TRAVERSES,"{""seq"": 0, ""direction"": ""a_to_z"", ""source"": ""derived"", ""method"": ""computed"", ""observed_at"": ""2026-05-15T00:00:00+00:00"", ""valid_from"": ""2026-05-15T00:00:00+00:00"", ""valid_to"": null, ""confidence"": 1.0}",2026-09-01T12:36:16.116640
edge-1418,path:res-00-current,port:mx960-gldt:et-0/0/0,TRAVERSES,"{""seq"": 1, ""direction"": ""a_to_z"", ""source"": ""derived"", ""method"": ""computed"", ""observed_at"": ""2026-05-15T00:00:00+00:00"", ""valid_from"": ""2026-05-15T00:00:00+00:00"", ""valid_to"": null, ""confidence"": 1.0}",2026-09-01T12:36:16.116663
edge-1419,svc:res-01,sub:olt-xg01-0-01,DELIVERED_TO,"{""source"": ""billing"", ""method"": ""vendor_export"", ""observed_at"": ""2026-05-15T00:00:00+00:00"", ""valid_from"": ""2026-05-15T00:00:00+00:00"", ""valid_to"": null, ""confidence"": 1.0}",2026-09-01T12:36:16.116691
edge-1420,svc:res-01,path:res-01-intended,REALIZED_BY,"{""source"": ""derived"", ""method"": ""computed"", ""observed_at"": ""2026-05-15T00:00:00+00:00"", ""valid_from"": ""2026-05-15T00:00:00+00:00"", ""valid_to"": null, ""confidence"": 1.0}",2026-09-01T12:36:16.116714
edge-1421,path:res-01-intended,port:olt-xg01:x1/0,TRAVERSES,"{""seq"": 0, ""direction"": ""a_to_z"", ""source"": ""derived"", ""method"": ""computed"", ""observed_at"": ""2026-05-15T00:00:00+00:00"", ""valid_from"": ""2026-05-15T00:00:00+00:00"", ""valid_to"": null, ""confidence"": 1.0}",2026-09-01T12:36:16.116737
edge-1422,path:res-01-intended,port:mx960-gldt:et-0/0/1,TRAVERSES,"{""seq"": 1, ""direction"": ""a_to_z"", ""source"": ""derived"", ""method"": ""computed"", ""observed_at"": ""2026-05-15T00:00:00+00:00"", ""valid_from"": ""2026-05-15T00:00:00+00:00"", ""valid_to"": null, ""confidence"": 1.0}",2026-09-01T12:36:16.116764
edge-1423,svc:res-01,path:res-01-current,REALIZED_BY,"{""source"": ""derived"", ""method"": ""computed"", ""observed_at"": ""2026-05-15T00:00:00+00:00"", ""valid_from"": ""2026-05-15T00:00:00+00:00"", ""valid_to"": null, ""confidence"": 1.0}",2026-09-01T12:36:16.116786
edge-1424,path:res-01-current,port:olt-xg01:x1/0,TRAVERSES,"{""seq"": 0, ""direction"": ""a_to_z"", ""source"": ""derived"", ""method"": ""computed"", ""observed_at"": ""2026-05-15T00:00:00+00:00"", ""valid_from"": ""2026-05-15T00:00:00+00:00"", ""valid_to"": null, ""confidence"": 1.0}",2026-09-01T12:36:16.116809
edge-1425,path:res-01-current,port:mx960-gldt:et-0/0/1,TRAVERSES,"{""seq"": 1, ""direction"": ""a_to_z"", ""source"": ""derived"", ""method"": ""computed"", ""observed_at"": ""2026-05-15T00:00:00+00:00"", ""valid_from"": ""2026-05-15T00:00:00+00:00"", ""valid_to"": null, ""confidence"": 1.0}",2026-09-01T12:36:16.116833
edge-1426,svc:res-02,sub:olt-xg01-0-02,DELIVERED_TO,"{""source"": ""billing"", ""method"": ""vendor_export"", ""observed_at"": ""2026-05-15T00:00:00+00:00"", ""valid_from"": ""2026-05-15T00:00:00+00:00"", ""valid_to"": null, ""confidence"": 1.0}",2026-09-01T12:36:16.116893
edge-1427,svc:res-02,path:res-02-intended,REALIZED_BY,"{""source"": ""derived"", ""method"": ""computed"", ""observed_at"": ""2026-05-15T00:00:00+00:00"", ""valid_from"": ""2026-05-15T00:00:00+00:00"", ""valid_to"": null, ""confidence"": 1.0}",2026-09-01T12:36:16.116945
edge-1428,path:res-02-intended,port:olt-xg01:x1/0,TRAVERSES,"{""seq"": 0, ""direction"": ""a_to_z"", ""source"": ""derived"", ""method"": ""computed"", ""observed_at"": ""2026-05-15T00:00:00+00:00"", ""valid_from"": ""2026-05-15T00:00:00+00:00"", ""valid_to"": null, ""confidence"": 1.0}",2026-09-01T12:36:16.116987
edge-1429,path:res-02-intended,port:mx960-gldt:et-0/0/2,TRAVERSES,"{""seq"": 1, ""direction"": ""a_to_z"", ""source"": ""derived"", ""method"": ""computed"", ""observed_at"": ""2026-05-15T00:00:00+00:00"", ""valid_from"": ""2026-05-15T00:00:00+00:00"", ""valid_to"": null, ""confidence"": 1.0}",2026-09-01T12:36:16.117034
edge-1430,svc:res-02,path:res-02-current,REALIZED_BY,"{""source"": ""derived"", ""method"": ""computed"", ""observed_at"": ""2026-05-15T00:00:00+00:00"", ""valid_from"": ""2026-05-15T00:00:00+00:00"", ""valid_to"": null, ""confidence"": 1.0}",2026-09-01T12:36:16.117079
edge-1431,path:res-02-current,port:olt-xg01:x1/0,TRAVERSES,"{""seq"": 0, ""direction"": ""a_to_z"", ""source"": ""derived"", ""method"": ""computed"", ""observed_at"": ""2026-05-15T00:00:00+00:00"", ""valid_from"": ""2026-05-15T00:00:00+00:00"", ""valid_to"": null, ""confidence"": 1.0}",2026-09-01T12:36:16.117125
edge-1432,path:res-02-current,port:mx960-gldt:et-0/0/2,TRAVERSES,"{""seq"": 1, ""direction"": ""a_to_z"", ""source"": ""derived"", ""method"": ""computed"", ""observed_at"": ""2026-05-15T00:00:00+00:00"", ""valid_from"": ""2026-05-15T00:00:00+00:00"", ""valid_to"": null, ""confidence"": 1.0}",2026-09-01T12:36:16.117174
edge-1433,svc:res-03,sub:olt-xg01-0-03,DELIVERED_TO,"{""source"": ""billing"", ""method"": ""vendor_export"", ""observed_at"": ""2026-05-15T00:00:00+00:00"", ""valid_from"": ""2026-05-15T00:00:00+00:00"", ""valid_to"": null, ""confidence"": 1.0}",2026-09-01T12:36:16.117233
edge-1434,svc:res-03,path:res-03-intended,REALIZED_BY,"{""source"": ""derived"", ""method"": ""computed"", ""observed_at"": ""2026-05-15T00:00:00+00:00"", ""valid_from"": ""2026-05-15T00:00:00+00:00"", ""valid_to"": null, ""confidence"": 1.0}",2026-09-01T12:36:16.117301
edge-1435,path:res-03-intended,port:olt-xg01:x1/0,TRAVERSES,"{""seq"": 0, ""direction"": ""a_to_z"", ""source"": ""derived"", ""method"": ""computed"", ""observed_at"": ""2026-05-15T00:00:00+00:00"", ""valid_from"": ""2026-05-15T00:00:00+00:00"", ""valid_to"": null, ""confidence"": 1.0}",2026-09-01T12:36:16.117363
edge-1436,path:res-03-intended,port:mx960-gldt:et-0/0/3,TRAVERSES,"{""seq"": 1, ""direction"": ""a_to_z"", ""source"": ""derived"", ""method"": ""computed"", ""observed_at"": ""2026-05-15T00:00:00+00:00"", ""valid_from"": ""2026-05-15T00:00:00+00:00"", ""valid_to"": null, ""confidence"": 1.0}",2026-09-01T12:36:16.117396
edge-1437,svc:res-03,path:res-03-current,REALIZED_BY,"{""source"": ""derived"", ""method"": ""computed"", ""observed_at"": ""2026-05-15T00:00:00+00:00"", ""valid_from"": ""2026-05-15T00:00:00+00:00"", ""valid_to"": null, ""confidence"": 1.0}",2026-09-01T12:36:16.117422
edge-1438,path:res-03-current,port:olt-xg01:x1/0,TRAVERSES,"{""seq"": 0, ""direction"": ""a_to_z"", ""source"": ""derived"", ""method"": ""computed"", ""observed_at"": ""2026-05-15T00:00:00+00:00"", ""valid_from"": ""2026-05-15T00:00:00+00:00"", ""valid_to"": null, ""confidence"": 1.0}",2026-09-01T12:36:16.117452
edge-1439,path:res-03-current,port:mx960-gldt:et-0/0/3,TRAVERSES,"{""seq"": 1, ""direction"": ""a_to_z"", ""source"": ""derived"", ""method"": ""computed"", ""observed_at"": ""2026-05-15T00:00:00+00:00"", ""valid_from"": ""2026-05-15T00:00:00+00:00"", ""valid_to"": null, ""confidence"": 1.0}",2026-09-01T12:36:16.117496
edge-1440,svc:res-04,sub:olt-xg01-0-04,DELIVERED_TO,"{""source"": ""billing"", ""method"": ""vendor_export"", ""observed_at"": ""2026-05-15T00:00:00+00:00"", ""valid_from"": ""2026-05-15T00:00:00+00:00"", ""valid_to"": null, ""confidence"": 1.0}",2026-09-01T12:36:16.117601
edge-1441,svc:res-04,path:res-04-intended,REALIZED_BY,"{""source"": ""derived"", ""method"": ""computed"", ""observed_at"": ""2026-05-15T00:00:00+00:00"", ""valid_from"": ""2026-05-15T00:00:00+00:00"", ""valid_to"": null, ""confidence"": 1.0}",2026-09-01T12:36:16.117660
edge-1442,path:res-04-intended,port:olt-xg01:x1/0,TRAVERSES,"{""seq"": 0, ""direction"": ""a_to_z"", ""source"": ""derived"", ""method"": ""computed"", ""observed_at"": ""2026-05-15T00:00:00+00:00"", ""valid_from"": ""2026-05-15T00:00:00+00:00"", ""valid_to"": null, ""confidence"": 1.0}",2026-09-01T12:36:16.117709
edge-1443,path:res-04-intended,port:mx960-gldt:et-0/0/4,TRAVERSES,"{""seq"": 1, ""direction"": ""a_to_z"", ""source"": ""derived"", ""method"": ""computed"", ""observed_at"": ""2026-05-15T00:00:00+00:00"", ""valid_from"": ""2026-05-15T00:00:00+00:00"", ""valid_to"": null, ""confidence"": 1.0}",2026-09-01T12:36:16.117754
edge-1444,svc:res-04,path:res-04-current,REALIZED_BY,"{""source"": ""derived"", ""method"": ""computed"", ""observed_at"": ""2026-05-15T00:00:00+00:00"", ""valid_from"": ""2026-05-15T00:00:00+00:00"", ""valid_to"": null, ""confidence"": 1.0}",2026-09-01T12:36:16.117790
edge-1445,path:res-04-current,port:olt-xg01:x1/0,TRAVERSES,"{""seq"": 0, ""direction"": ""a_to_z"", ""source"": ""derived"", ""method"": ""computed"", ""observed_at"": ""2026-05-15T00:00:00+00:00"", ""valid_from"": ""2026-05-15T00:00:00+00:00"", ""valid_to"": null, ""confidence"": 1.0}",2026-09-01T12:36:16.117848
edge-1446,path:res-04-current,port:mx960-gldt:et-0/0/4,TRAVERSES,"{""seq"": 1, ""direction"": ""a_to_z"", ""source"": ""derived"", ""method"": ""computed"", ""observed_at"": ""2026-05-15T00:00:00+00:00"", ""valid_from"": ""2026-05-15T00:00:00+00:00"", ""valid_to"": null, ""confidence"": 1.0}",2026-09-01T12:36:16.117915
edge-1447,svc:res-05,sub:olt-xg01-0-05,DELIVERED_TO,"{""source"": ""billing"", ""method"": ""vendor_export"", ""observed_at"": ""2026-05-15T00:00:00+00:00"", ""valid_from"": ""2026-05-15T00:00:00+00:00"", ""valid_to"": null, ""confidence"": 1.0}",2026-09-01T12:36:16.117957
edge-1448,svc:res-05,path:res-05-intended,REALIZED_BY,"{""source"": ""derived"", ""method"": ""computed"", ""observed_at"": ""2026-05-15T00:00:00+00:00"", ""valid_from"": ""2026-05-15T00:00:00+00:00"", ""valid_to"": null, ""confidence"": 1.0}",2026-09-01T12:36:16.117983
edge-1449,path:res-05-intended,port:olt-xg01:x1/0,TRAVERSES,"{""seq"": 0, ""direction"": ""a_to_z"", ""source"": ""derived"", ""method"": ""computed"", ""observed_at"": ""2026-05-15T00:00:00+00:00"", ""valid_from"": ""2026-05-15T00:00:00+00:00"", ""valid_to"": null, ""confidence"": 1.0}",2026-09-01T12:36:16.118024
edge-1450,path:res-05-intended,port:mx960-gldt:et-0/0/5,TRAVERSES,"{""seq"": 1, ""direction"": ""a_to_z"", ""source"": ""derived"", ""method"": ""computed"", ""observed_at"": ""2026-05-15T00:00:00+00:00"", ""valid_from"": ""2026-05-15T00:00:00+00:00"", ""valid_to"": null, ""confidence"": 1.0}",2026-09-01T12:36:16.118073
edge-1451,svc:res-05,path:res-05-current,REALIZED_BY,"{""source"": ""derived"", ""method"": ""computed"", ""observed_at"": ""2026-05-15T00:00:00+00:00"", ""valid_from"": ""2026-05-15T00:00:00+00:00"", ""valid_to"": null, ""confidence"": 1.0}",2026-09-01T12:36:16.118120
edge-1452,path:res-05-current,port:olt-xg01:x1/0,TRAVERSES,"{""seq"": 0, ""direction"": ""a_to_z"", ""source"": ""derived"", ""method"": ""computed"", ""observed_at"": ""2026-05-15T00:00:00+00:00"", ""valid_from"": ""2026-05-15T00:00:00+00:00"", ""valid_to"": null, ""confidence"": 1.0}",2026-09-01T12:36:16.118149
edge-1453,path:res-05-current,port:mx960-gldt:et-0/0/5,TRAVERSES,"{""seq"": 1, ""direction"": ""a_to_z"", ""source"": ""derived"", ""method"": ""computed"", ""observed_at"": ""2026-05-15T00:00:00+00:00"", ""valid_from"": ""2026-05-15T00:00:00+00:00"", ""valid_to"": null, ""confidence"": 1.0}",2026-09-01T12:36:16.118175
edge-1454,svc:res-06,sub:olt-xg01-0-06,DELIVERED_TO,"{""source"": ""billing"", ""method"": ""vendor_export"", ""observed_at"": ""2026-05-15T00:00:00+00:00"", ""valid_from"": ""2026-05-15T00:00:00+00:00"", ""valid_to"": null, ""confidence"": 1.0}",2026-09-01T12:36:16.118201
edge-1455,svc:res-06,path:res-06-intended,REALIZED_BY,"{""source"": ""derived"", ""method"": ""computed"", ""observed_at"": ""2026-05-15T00:00:00+00:00"", ""valid_from"": ""2026-05-15T00:00:00+00:00"", ""valid_to"": null, ""confidence"": 1.0}",2026-09-01T12:36:16.118226
edge-1456,path:res-06-intended,port:olt-xg01:x1/0,TRAVERSES,"{""seq"": 0, ""direction"": ""a_to_z"", ""source"": ""derived"", ""method"": ""computed"", ""observed_at"": ""2026-05-15T00:00:00+00:00"", ""valid_from"": ""2026-05-15T00:00:00+00:00"", ""valid_to"": null, ""confidence"": 1.0}",2026-09-01T12:36:16.118254
edge-1457,path:res-06-intended,port:mx960-gldt:et-0/0/6,TRAVERSES,"{""seq"": 1, ""direction"": ""a_to_z"", ""source"": ""derived"", ""method"": ""computed"", ""observed_at"": ""2026-05-15T00:00:00+00:00"", ""valid_from"": ""2026-05-15T00:00:00+00:00"", ""valid_to"": null, ""confidence"": 1.0}",2026-09-01T12:36:16.118280
edge-1458,svc:res-06,path:res-06-current,REALIZED_BY,"{""source"": ""derived"", ""method"": ""computed"", ""observed_at"": ""2026-05-15T00:00:00+00:00"", ""valid_from"": ""2026-05-15T00:00:00+00:00"", ""valid_to"": null, ""confidence"": 1.0}",2026-09-01T12:36:16.118306
edge-1459,path:res-06-current,port:olt-xg01:x1/0,TRAVERSES,"{""seq"": 0, ""direction"": ""a_to_z"", ""source"": ""derived"", ""method"": ""computed"", ""observed_at"": ""2026-05-15T00:00:00+00:00"", ""valid_from"": ""2026-05-15T00:00:00+00:00"", ""valid_to"": null, ""confidence"": 1.0}",2026-09-01T12:36:16.118337
edge-1460,path:res-06-current,port:mx960-gldt:et-0/0/6,TRAVERSES,"{""seq"": 1, ""direction"": ""a_to_z"", ""source"": ""derived"", ""method"": ""computed"", ""observed_at"": ""2026-05-15T00:00:00+00:00"", ""valid_from"": ""2026-05-15T00:00:00+00:00"", ""valid_to"": null, ""confidence"": 1.0}",2026-09-01T12:36:16.118361
edge-1461,svc:res-07,sub:olt-xg01-0-07,DELIVERED_TO,"{""source"": ""billing"", ""method"": ""vendor_export"", ""observed_at"": ""2026-05-15T00:00:00+00:00"", ""valid_from"": ""2026-05-15T00:00:00+00:00"", ""valid_to"": null, ""confidence"": 1.0}",2026-09-01T12:36:16.118402
edge-1462,svc:res-07,path:res-07-intended,REALIZED_BY,"{""source"": ""derived"", ""method"": ""computed"", ""observed_at"": ""2026-05-15T00:00:00+00:00"", ""valid_from"": ""2026-05-15T00:00:00+00:00"", ""valid_to"": null, ""confidence"": 1.0}",2026-09-01T12:36:16.118462
edge-1463,path:res-07-intended,port:olt-xg01:x1/0,TRAVERSES,"{""seq"": 0, ""direction"": ""a_to_z"", ""source"": ""derived"", ""method"": ""computed"", ""observed_at"": ""2026-05-15T00:00:00+00:00"", ""valid_from"": ""2026-05-15T00:00:00+00:00"", ""valid_to"": null, ""confidence"": 1.0}",2026-09-01T12:36:16.118564
edge-1464,path:res-07-intended,port:mx960-gldt:et-0/0/7,TRAVERSES,"{""seq"": 1, ""direction"": ""a_to_z"", ""source"": ""derived"", ""method"": ""computed"", ""observed_at"": ""2026-05-15T00:00:00+00:00"", ""valid_from"": ""2026-05-15T00:00:00+00:00"", ""valid_to"": null, ""confidence"": 1.0}",2026-09-01T12:36:16.118596
edge-1465,svc:res-07,path:res-07-current,REALIZED_BY,"{""source"": ""derived"", ""method"": ""computed"", ""observed_at"": ""2026-05-15T00:00:00+00:00"", ""valid_from"": ""2026-05-15T00:00:00+00:00"", ""valid_to"": null, ""confidence"": 1.0}",2026-09-01T12:36:16.118627
edge-1466,path:res-07-current,port:olt-xg01:x1/0,TRAVERSES,"{""seq"": 0, ""direction"": ""a_to_z"", ""source"": ""derived"", ""method"": ""computed"", ""observed_at"": ""2026-05-15T00:00:00+00:00"", ""valid_from"": ""2026-05-15T00:00:00+00:00"", ""valid_to"": null, ""confidence"": 1.0}",2026-09-01T12:36:16.118659
edge-1467,path:res-07-current,port:mx960-gldt:et-0/0/7,TRAVERSES,"{""seq"": 1, ""direction"": ""a_to_z"", ""source"": ""derived"", ""method"": ""computed"", ""observed_at"": ""2026-05-15T00:00:00+00:00"", ""valid_from"": ""2026-05-15T00:00:00+00:00"", ""valid_to"": null, ""confidence"": 1.0}",2026-09-01T12:36:16.118710
edge-1468,svc:res-08,sub:olt-xg01-0-08,DELIVERED_TO,"{""source"": ""billing"", ""method"": ""vendor_export"", ""observed_at"": ""2026-05-15T00:00:00+00:00"", ""valid_from"": ""2026-05-15T00:00:00+00:00"", ""valid_to"": null, ""confidence"": 1.0}",2026-09-01T12:36:16.118766
edge-1469,svc:res-08,path:res-08-intended,REALIZED_BY,"{""source"": ""derived"", ""method"": ""computed"", ""observed_at"": ""2026-05-15T00:00:00+00:00"", ""valid_from"": ""2026-05-15T00:00:00+00:00"", ""valid_to"": null, ""confidence"": 1.0}",2026-09-01T12:36:16.118824
edge-1470,path:res-08-intended,port:olt-xg01:x1/0,TRAVERSES,"{""seq"": 0, ""direction"": ""a_to_z"", ""source"": ""derived"", ""method"": ""computed"", ""observed_at"": ""2026-05-15T00:00:00+00:00"", ""valid_from"": ""2026-05-15T00:00:00+00:00"", ""valid_to"": null, ""confidence"": 1.0}",2026-09-01T12:36:16.118861
edge-1471,path:res-08-intended,port:mx960-gldt:et-0/0/8,TRAVERSES,"{""seq"": 1, ""direction"": ""a_to_z"", ""source"": ""derived"", ""method"": ""computed"", ""observed_at"": ""2026-05-15T00:00:00+00:00"", ""valid_from"": ""2026-05-15T00:00:00+00:00"", ""valid_to"": null, ""confidence"": 1.0}",2026-09-01T12:36:16.118889
edge-1472,svc:res-08,path:res-08-current,REALIZED_BY,"{""source"": ""derived"", ""method"": ""computed"", ""observed_at"": ""2026-05-15T00:00:00+00:00"", ""valid_from"": ""2026-05-15T00:00:00+00:00"", ""valid_to"": null, ""confidence"": 1.0}",2026-09-01T12:36:16.118911
edge-1473,path:res-08-current,port:olt-xg01:x1/0,TRAVERSES,"{""seq"": 0, ""direction"": ""a_to_z"", ""source"": ""derived"", ""method"": ""computed"", ""observed_at"": ""2026-05-15T00:00:00+00:00"", ""valid_from"": ""2026-05-15T00:00:00+00:00"", ""valid_to"": null, ""confidence"": 1.0}",2026-09-01T12:36:16.118954
edge-1474,path:res-08-current,port:mx960-gldt:et-0/0/8,TRAVERSES,"{""seq"": 1, ""direction"": ""a_to_z"", ""source"": ""derived"", ""method"": ""computed"", ""observed_at"": ""2026-05-15T00:00:00+00:00"", ""valid_from"": ""2026-05-15T00:00:00+00:00"", ""valid_to"": null, ""confidence"": 1.0}",2026-09-01T12:36:16.119007
edge-1475,svc:res-09,sub:olt-xg01-0-09,DELIVERED_TO,"{""source"": ""billing"", ""method"": ""vendor_export"", ""observed_at"": ""2026-05-15T00:00:00+00:00"", ""valid_from"": ""2026-05-15T00:00:00+00:00"", ""valid_to"": null, ""confidence"": 1.0}",2026-09-01T12:36:16.119050
edge-1476,svc:res-09,path:res-09-intended,REALIZED_BY,"{""source"": ""derived"", ""method"": ""computed"", ""observed_at"": ""2026-05-15T00:00:00+00:00"", ""valid_from"": ""2026-05-15T00:00:00+00:00"", ""valid_to"": null, ""confidence"": 1.0}",2026-09-01T12:36:16.119078
edge-1477,path:res-09-intended,port:olt-xg01:x1/0,TRAVERSES,"{""seq"": 0, ""direction"": ""a_to_z"", ""source"": ""derived"", ""method"": ""computed"", ""observed_at"": ""2026-05-15T00:00:00+00:00"", ""valid_from"": ""2026-05-15T00:00:00+00:00"", ""valid_to"": null, ""confidence"": 1.0}",2026-09-01T12:36:16.119104
edge-1478,path:res-09-intended,port:mx960-gldt:et-0/0/9,TRAVERSES,"{""seq"": 1, ""direction"": ""a_to_z"", ""source"": ""derived"", ""method"": ""computed"", ""observed_at"": ""2026-05-15T00:00:00+00:00"", ""valid_from"": ""2026-05-15T00:00:00+00:00"", ""valid_to"": null, ""confidence"": 1.0}",2026-09-01T12:36:16.119130
edge-1479,svc:res-09,path:res-09-current,REALIZED_BY,"{""source"": ""derived"", ""method"": ""computed"", ""observed_at"": ""2026-05-15T00:00:00+00:00"", ""valid_from"": ""2026-05-15T00:00:00+00:00"", ""valid_to"": null, ""confidence"": 1.0}",2026-09-01T12:36:16.119156
edge-1480,path:res-09-current,port:olt-xg01:x1/0,TRAVERSES,"{""seq"": 0, ""direction"": ""a_to_z"", ""source"": ""derived"", ""method"": ""computed"", ""observed_at"": ""2026-05-15T00:00:00+00:00"", ""valid_from"": ""2026-05-15T00:00:00+00:00"", ""valid_to"": null, ""confidence"": 1.0}",2026-09-01T12:36:16.119182
edge-1481,path:res-09-current,port:mx960-gldt:et-0/0/9,TRAVERSES,"{""seq"": 1, ""direction"": ""a_to_z"", ""source"": ""derived"", ""method"": ""computed"", ""observed_at"": ""2026-05-15T00:00:00+00:00"", ""valid_from"": ""2026-05-15T00:00:00+00:00"", ""valid_to"": null, ""confidence"": 1.0}",2026-09-01T12:36:16.119209
edge-1482,alm:uplink-fec,port:olt-xg01:x1/0,RAISED_BY,"{""source"": ""nms"", ""method"": ""snmp_trap"", ""observed_at"": ""2026-05-15T00:00:00+00:00"", ""valid_from"": ""2026-05-15T00:00:00+00:00"", ""valid_to"": null, ""confidence"": 1.0}",2026-09-01T12:36:16.119235
edge-1483,alm:olt-xg01-0-00,ont:olt-xg01-0-00,RAISED_BY,"{""source"": ""nms"", ""method"": ""snmp_trap"", ""observed_at"": ""2026-05-15T00:00:00+00:00"", ""valid_from"": ""2026-05-15T00:00:00+00:00"", ""valid_to"": null, ""confidence"": 1.0}",2026-09-01T12:36:16.119260
edge-1484,alm:olt-xg01-0-01,ont:olt-xg01-0-01,RAISED_BY,"{""source"": ""nms"", ""method"": ""snmp_trap"", ""observed_at"": ""2026-05-15T00:00:00+00:00"", ""valid_from"": ""2026-05-15T00:00:00+00:00"", ""valid_to"": null, ""confidence"": 1.0}",2026-09-01T12:36:16.119292
edge-1485,alm:olt-xg01-0-02,ont:olt-xg01-0-02,RAISED_BY,"{""source"": ""nms"", ""method"": ""snmp_trap"", ""observed_at"": ""2026-05-15T00:00:00+00:00"", ""valid_from"": ""2026-05-15T00:00:00+00:00"", ""valid_to"": null, ""confidence"": 1.0}",2026-09-01T12:36:16.119315
edge-1486,alm:olt-xg01-0-03,ont:olt-xg01-0-03,RAISED_BY,"{""source"": ""nms"", ""method"": ""snmp_trap"", ""observed_at"": ""2026-05-15T00:00:00+00:00"", ""valid_from"": ""2026-05-15T00:00:00+00:00"", ""valid_to"": null, ""confidence"": 1.0}",2026-09-01T12:36:16.119336
edge-1487,alm:olt-xg01-0-04,ont:olt-xg01-0-04,RAISED_BY,"{""source"": ""nms"", ""method"": ""snmp_trap"", ""observed_at"": ""2026-05-15T00:00:00+00:00"", ""valid_from"": ""2026-05-15T00:00:00+00:00"", ""valid_to"": null, ""confidence"": 1.0}",2026-09-01T12:36:16.119358
edge-1488,alm:olt-xg01-0-05,ont:olt-xg01-0-05,RAISED_BY,"{""source"": ""nms"", ""method"": ""snmp_trap"", ""observed_at"": ""2026-05-15T00:00:00+00:00"", ""valid_from"": ""2026-05-15T00:00:00+00:00"", ""valid_to"": null, ""confidence"": 1.0}",2026-09-01T12:36:16.119381
edge-1489,alm:olt-xg01-0-06,ont:olt-xg01-0-06,RAISED_BY,"{""source"": ""nms"", ""method"": ""snmp_trap"", ""observed_at"": ""2026-05-15T00:00:00+00:00"", ""valid_from"": ""2026-05-15T00:00:00+00:00"", ""valid_to"": null, ""confidence"": 1.0}",2026-09-01T12:36:16.119403
edge-1490,alm:olt-xg01-0-07,ont:olt-xg01-0-07,RAISED_BY,"{""source"": ""nms"", ""method"": ""snmp_trap"", ""observed_at"": ""2026-05-15T00:00:00+00:00"", ""valid_from"": ""2026-05-15T00:00:00+00:00"", ""valid_to"": null, ""confidence"": 1.0}",2026-09-01T12:36:16.119426
edge-1491,alm:olt-xg01-0-08,ont:olt-xg01-0-08,RAISED_BY,"{""source"": ""nms"", ""method"": ""snmp_trap"", ""observed_at"": ""2026-05-15T00:00:00+00:00"", ""valid_from"": ""2026-05-15T00:00:00+00:00"", ""valid_to"": null, ""confidence"": 1.0}",2026-09-01T12:36:16.119452
edge-1492,alm:olt-xg01-0-09,ont:olt-xg01-0-09,RAISED_BY,"{""source"": ""nms"", ""method"": ""snmp_trap"", ""observed_at"": ""2026-05-15T00:00:00+00:00"", ""valid_from"": ""2026-05-15T00:00:00+00:00"", ""valid_to"": null, ""confidence"": 1.0}",2026-09-01T12:36:16.119474
edge-1493,alm:olt-xg01-0-10,ont:olt-xg01-0-10,RAISED_BY,"{""source"": ""nms"", ""method"": ""snmp_trap"", ""observed_at"": ""2026-05-15T00:00:00+00:00"", ""valid_from"": ""2026-05-15T00:00:00+00:00"", ""valid_to"": null, ""confidence"": 1.0}",2026-09-01T12:36:16.119496
edge-1494,alm:olt-xg01-0-11,ont:olt-xg01-0-11,RAISED_BY,"{""source"": ""nms"", ""method"": ""snmp_trap"", ""observed_at"": ""2026-05-15T00:00:00+00:00"", ""valid_from"": ""2026-05-15T00:00:00+00:00"", ""valid_to"": null, ""confidence"": 1.0}",2026-09-01T12:36:16.119568
edge-1495,alm:olt-xg01-0-12,ont:olt-xg01-0-12,RAISED_BY,"{""source"": ""nms"", ""method"": ""snmp_trap"", ""observed_at"": ""2026-05-15T00:00:00+00:00"", ""valid_from"": ""2026-05-15T00:00:00+00:00"", ""valid_to"": null, ""confidence"": 1.0}",2026-09-01T12:36:16.119630
edge-1496,alm:olt-xg01-0-13,ont:olt-xg01-0-13,RAISED_BY,"{""source"": ""nms"", ""method"": ""snmp_trap"", ""observed_at"": ""2026-05-15T00:00:00+00:00"", ""valid_from"": ""2026-05-15T00:00:00+00:00"", ""valid_to"": null, ""confidence"": 1.0}",2026-09-01T12:36:16.119676
edge-1497,alm:olt-xg01-0-14,ont:olt-xg01-0-14,RAISED_BY,"{""source"": ""nms"", ""method"": ""snmp_trap"", ""observed_at"": ""2026-05-15T00:00:00+00:00"", ""valid_from"": ""2026-05-15T00:00:00+00:00"", ""valid_to"": null, ""confidence"": 1.0}",2026-09-01T12:36:16.119705
edge-1498,alm:olt-xg01-0-15,ont:olt-xg01-0-15,RAISED_BY,"{""source"": ""nms"", ""method"": ""snmp_trap"", ""observed_at"": ""2026-05-15T00:00:00+00:00"", ""valid_from"": ""2026-05-15T00:00:00+00:00"", ""valid_to"": null, ""confidence"": 1.0}",2026-09-01T12:36:16.119731
edge-1499,alm:olt-xg01-0-16,ont:olt-xg01-0-16,RAISED_BY,"{""source"": ""nms"", ""method"": ""snmp_trap"", ""observed_at"": ""2026-05-15T00:00:00+00:00"", ""valid_from"": ""2026-05-15T00:00:00+00:00"", ""valid_to"": null, ""confidence"": 1.0}",2026-09-01T12:36:16.119756
edge-1500,alm:olt-xg01-0-17,ont:olt-xg01-0-17,RAISED_BY,"{""source"": ""nms"", ""method"": ""snmp_trap"", ""observed_at"": ""2026-05-15T00:00:00+00:00"", ""valid_from"": ""2026-05-15T00:00:00+00:00"", ""valid_to"": null, ""confidence"": 1.0}",2026-09-01T12:36:16.119781
edge-1501,alm:olt-xg01-0-18,ont:olt-xg01-0-18,RAISED_BY,"{""source"": ""nms"", ""method"": ""snmp_trap"", ""observed_at"": ""2026-05-15T00:00:00+00:00"", ""valid_from"": ""2026-05-15T00:00:00+00:00"", ""valid_to"": null, ""confidence"": 1.0}",2026-09-01T12:36:16.119812
edge-1502,alm:olt-xg01-0-19,ont:olt-xg01-0-19,RAISED_BY,"{""source"": ""nms"", ""method"": ""snmp_trap"", ""observed_at"": ""2026-05-15T00:00:00+00:00"", ""valid_from"": ""2026-05-15T00:00:00+00:00"", ""valid_to"": null, ""confidence"": 1.0}",2026-09-01T12:36:16.119834
edge-1503,alm:olt-xg01-0-20,ont:olt-xg01-0-20,RAISED_BY,"{""source"": ""nms"", ""method"": ""snmp_trap"", ""observed_at"": ""2026-05-15T00:00:00+00:00"", ""valid_from"": ""2026-05-15T00:00:00+00:00"", ""valid_to"": null, ""confidence"": 1.0}",2026-09-01T12:36:16.119856
edge-1504,alm:olt-xg01-0-21,ont:olt-xg01-0-21,RAISED_BY,"{""source"": ""nms"", ""method"": ""snmp_trap"", ""observed_at"": ""2026-05-15T00:00:00+00:00"", ""valid_from"": ""2026-05-15T00:00:00+00:00"", ""valid_to"": null, ""confidence"": 1.0}",2026-09-01T12:36:16.119891
edge-1505,alm:olt-xg01-0-22,ont:olt-xg01-0-22,RAISED_BY,"{""source"": ""nms"", ""method"": ""snmp_trap"", ""observed_at"": ""2026-05-15T00:00:00+00:00"", ""valid_from"": ""2026-05-15T00:00:00+00:00"", ""valid_to"": null, ""confidence"": 1.0}",2026-09-01T12:36:16.119948
edge-1506,alm:olt-xg01-0-23,ont:olt-xg01-0-23,RAISED_BY,"{""source"": ""nms"", ""method"": ""snmp_trap"", ""observed_at"": ""2026-05-15T00:00:00+00:00"", ""valid_from"": ""2026-05-15T00:00:00+00:00"", ""valid_to"": null, ""confidence"": 1.0}",2026-09-01T12:36:16.120003
edge-1507,alm:olt-xg01-0-24,ont:olt-xg01-0-24,RAISED_BY,"{""source"": ""nms"", ""method"": ""snmp_trap"", ""observed_at"": ""2026-05-15T00:00:00+00:00"", ""valid_from"": ""2026-05-15T00:00:00+00:00"", ""valid_to"": null, ""confidence"": 1.0}",2026-09-01T12:36:16.120072
edge-1508,alm:olt-xg01-0-25,ont:olt-xg01-0-25,RAISED_BY,"{""source"": ""nms"", ""method"": ""snmp_trap"", ""observed_at"": ""2026-05-15T00:00:00+00:00"", ""valid_from"": ""2026-05-15T00:00:00+00:00"", ""valid_to"": null, ""confidence"": 1.0}",2026-09-01T12:36:16.120124
edge-1509,alm:olt-xg01-0-26,ont:olt-xg01-0-26,RAISED_BY,"{""source"": ""nms"", ""method"": ""snmp_trap"", ""observed_at"": ""2026-05-15T00:00:00+00:00"", ""valid_from"": ""2026-05-15T00:00:00+00:00"", ""valid_to"": null, ""confidence"": 1.0}",2026-09-01T12:36:16.120182
edge-1510,alm:olt-xg01-0-27,ont:olt-xg01-0-27,RAISED_BY,"{""source"": ""nms"", ""method"": ""snmp_trap"", ""observed_at"": ""2026-05-15T00:00:00+00:00"", ""valid_from"": ""2026-05-15T00:00:00+00:00"", ""valid_to"": null, ""confidence"": 1.0}",2026-09-01T12:36:16.120233
edge-1511,alm:uplink-fec,tkt:inc-2026-0514,OPENED_AS,"{""source"": ""ticketing"", ""method"": ""vendor_export"", ""observed_at"": ""2026-05-15T00:00:00+00:00"", ""valid_from"": ""2026-05-15T00:00:00+00:00"", ""valid_to"": null, ""confidence"": 1.0}",2026-09-01T12:36:16.120266
